Watching for file changes with StatReloader
Watching for file changes with StatReloader
Watching for file changes with StatReloader
Watching for file changes with StatReloader
"GET /books/upload/ HTTP/1.1" 200 18941
"GET /books/upload/ HTTP/1.1" 200 18941
"GET /books/upload/ HTTP/1.1" 200 18941
"GET /books/upload/ HTTP/1.1" 200 18941
"POST /books/upload/ HTTP/1.1" 200 18941
"POST /books/upload/ HTTP/1.1" 200 18941
"GET /books/upload/ HTTP/1.1" 200 18941
"GET /books/upload/ HTTP/1.1" 200 18941
Not Found: /dashboard/
Not Found: /dashboard/
"GET /dashboard/ HTTP/1.1" 404 5049
"GET /dashboard/ HTTP/1.1" 404 5049
"GET /dashboard/author/ HTTP/1.1" 200 9608
"GET /dashboard/author/ HTTP/1.1" 200 9608
Not Found: /dashboard/
Not Found: /dashboard/
"GET /dashboard/ HTTP/1.1" 404 5049
"GET /dashboard/ HTTP/1.1" 404 5049
Not Found: /dashboard/
Not Found: /dashboard/
"GET /dashboard/ HTTP/1.1" 404 5049
"GET /dashboard/ HTTP/1.1" 404 5049
C:\abay_repository\dashboard\urls.py changed, reloading.
C:\abay_repository\dashboard\urls.py changed, reloading.
Watching for file changes with StatReloader
Watching for file changes with StatReloader
"GET /dashboard/ HTTP/1.1" 302 0
"GET /dashboard/ HTTP/1.1" 302 0
"GET /dashboard/author/ HTTP/1.1" 200 9608
"GET /dashboard/author/ HTTP/1.1" 200 9608
"GET /dashboard/ HTTP/1.1" 302 0
"GET /dashboard/ HTTP/1.1" 302 0
"GET /dashboard/author/ HTTP/1.1" 200 9608
"GET /dashboard/author/ HTTP/1.1" 200 9608
"GET /books/upload/ HTTP/1.1" 200 18941
"GET /books/upload/ HTTP/1.1" 200 18941
"GET /books/upload/ HTTP/1.1" 200 18941
"GET /books/upload/ HTTP/1.1" 200 18941
Not Found: /my-books/
Not Found: /my-books/
"GET /my-books/ HTTP/1.1" 404 3236
"GET /my-books/ HTTP/1.1" 404 3236
C:\abay_repository\books\urls.py changed, reloading.
C:\abay_repository\books\urls.py changed, reloading.
Watching for file changes with StatReloader
Watching for file changes with StatReloader
C:\abay_repository\books\views.py changed, reloading.
C:\abay_repository\books\views.py changed, reloading.
Watching for file changes with StatReloader
Watching for file changes with StatReloader
Not Found: /my-books/
Not Found: /my-books/
"GET /my-books/ HTTP/1.1" 404 3236
"GET /my-books/ HTTP/1.1" 404 3236
Not Found: /my-books/
Not Found: /my-books/
"GET /my-books/ HTTP/1.1" 404 3236
"GET /my-books/ HTTP/1.1" 404 3236
Not Found: /my-books/
Not Found: /my-books/
"GET /my-books/ HTTP/1.1" 404 3236
"GET /my-books/ HTTP/1.1" 404 3236
Not Found: /my-books/
Not Found: /my-books/
"GET /my-books/ HTTP/1.1" 404 3236
"GET /my-books/ HTTP/1.1" 404 3236
Not Found: /my-books/
Not Found: /my-books/
"GET /my-books/ HTTP/1.1" 404 3236
"GET /my-books/ HTTP/1.1" 404 3236
Not Found: /my-books/
Not Found: /my-books/
"GET /my-books/ HTTP/1.1" 404 3236
"GET /my-books/ HTTP/1.1" 404 3236
Not Found: /my-books/
Not Found: /my-books/
"GET /my-books/ HTTP/1.1" 404 3236
"GET /my-books/ HTTP/1.1" 404 3236
Not Found: /my-books/
Not Found: /my-books/
"GET /my-books/ HTTP/1.1" 404 3236
"GET /my-books/ HTTP/1.1" 404 3236
Not Found: /my-books/
Not Found: /my-books/
"GET /my-books/ HTTP/1.1" 404 3236
"GET /my-books/ HTTP/1.1" 404 3236
Not Found: /my-books/
Not Found: /my-books/
"GET /my-books/ HTTP/1.1" 404 3236
"GET /my-books/ HTTP/1.1" 404 3236
Not Found: /my-books/
Not Found: /my-books/
"GET /my-books/ HTTP/1.1" 404 3236
"GET /my-books/ HTTP/1.1" 404 3236
Not Found: /my-books/
Not Found: /my-books/
"GET /my-books/ HTTP/1.1" 404 3236
"GET /my-books/ HTTP/1.1" 404 3236
C:\abay_repository\config\urls.py changed, reloading.
C:\abay_repository\config\urls.py changed, reloading.
Watching for file changes with StatReloader
Watching for file changes with StatReloader
"GET /my-books/ HTTP/1.1" 302 0
"GET /my-books/ HTTP/1.1" 302 0
"GET /books/my-books/ HTTP/1.1" 200 16128
"GET /books/my-books/ HTTP/1.1" 200 16128
"GET /accounts/logout/ HTTP/1.1" 302 0
"GET /accounts/logout/ HTTP/1.1" 302 0
"GET / HTTP/1.1" 200 29607
"GET / HTTP/1.1" 200 29607
"GET /accounts/login/ HTTP/1.1" 200 17640
"GET /accounts/login/ HTTP/1.1" 200 17640
"POST /accounts/login/ HTTP/1.1" 302 0
"POST /accounts/login/ HTTP/1.1" 302 0
"GET /dashboard/admin/ HTTP/1.1" 200 29593
"GET /dashboard/admin/ HTTP/1.1" 200 29593
"GET /accounts/logout/ HTTP/1.1" 302 0
"GET /accounts/logout/ HTTP/1.1" 302 0
"GET / HTTP/1.1" 200 29607
"GET / HTTP/1.1" 200 29607
"GET /accounts/login/ HTTP/1.1" 200 17640
"GET /accounts/login/ HTTP/1.1" 200 17640
"POST /accounts/login/ HTTP/1.1" 200 18003
"POST /accounts/login/ HTTP/1.1" 200 18003
"POST /accounts/login/ HTTP/1.1" 302 0
"POST /accounts/login/ HTTP/1.1" 302 0
"GET /dashboard/checker/ HTTP/1.1" 200 15225
"GET /dashboard/checker/ HTTP/1.1" 200 15225
"GET /accounts/logout/ HTTP/1.1" 302 0
"GET /accounts/logout/ HTTP/1.1" 302 0
"GET / HTTP/1.1" 200 29607
"GET / HTTP/1.1" 200 29607
"GET /accounts/login/ HTTP/1.1" 200 17640
"GET /accounts/login/ HTTP/1.1" 200 17640
"POST /accounts/login/ HTTP/1.1" 302 0
"POST /accounts/login/ HTTP/1.1" 302 0
Internal Server Error: /dashboard/maker/
Traceback (most recent call last):
  File "C:\Users\C4S\AppData\Local\Python\pythoncore-3.14-64\Lib\site-packages\django\core\handlers\exception.py", line 55, in inner
    response = get_response(request)
  File "C:\Users\C4S\AppData\Local\Python\pythoncore-3.14-64\Lib\site-packages\django\core\handlers\base.py", line 197, in _get_response
    response = wrapped_callback(request, *callback_args, **callback_kwargs)
  File "C:\Users\C4S\AppData\Local\Python\pythoncore-3.14-64\Lib\site-packages\django\contrib\auth\decorators.py", line 23, in _wrapper_view
    return view_func(request, *args, **kwargs)
  File "C:\abay_repository\dashboard\views.py", line 234, in maker_dashboard
    pending_books = Book.objects.filter(status='in_review').order_by('checker_reviewed_at')
  File "C:\Users\C4S\AppData\Local\Python\pythoncore-3.14-64\Lib\site-packages\django\db\models\query.py", line 1701, in order_by
    obj.query.add_ordering(*field_names)
    ~~~~~~~~~~~~~~~~~~~~~~^^^^^^^^^^^^^^
  File "C:\Users\C4S\AppData\Local\Python\pythoncore-3.14-64\Lib\site-packages\django\db\models\sql\query.py", line 2253, in add_ordering
    self.names_to_path(item.split(LOOKUP_SEP), self.model._meta)
    ~~~~~~~~~~~~~~~~~~^^^^^^^^^^^^^^^^^^^^^^^^^^^^^^^^^^^^^^^^^^
  File "C:\Users\C4S\AppData\Local\Python\pythoncore-3.14-64\Lib\site-packages\django\db\models\sql\query.py", line 1772, in names_to_path
    raise FieldError(
    ...<2 lines>...
    )
django.core.exceptions.FieldError: Cannot resolve keyword 'checker_reviewed_at' into field. Choices are: author, author_id, cover_image, created_at, description, downloads_count, file, genre, genre_id, id, is_free, isbn, language, price, purchases, quality_reviews, royalties, status, title, views_count, wishlisted_by
Internal Server Error: /dashboard/maker/
Traceback (most recent call last):
  File "C:\Users\C4S\AppData\Local\Python\pythoncore-3.14-64\Lib\site-packages\django\core\handlers\exception.py", line 55, in inner
    response = get_response(request)
  File "C:\Users\C4S\AppData\Local\Python\pythoncore-3.14-64\Lib\site-packages\django\core\handlers\base.py", line 197, in _get_response
    response = wrapped_callback(request, *callback_args, **callback_kwargs)
  File "C:\Users\C4S\AppData\Local\Python\pythoncore-3.14-64\Lib\site-packages\django\contrib\auth\decorators.py", line 23, in _wrapper_view
    return view_func(request, *args, **kwargs)
  File "C:\abay_repository\dashboard\views.py", line 234, in maker_dashboard
    pending_books = Book.objects.filter(status='in_review').order_by('checker_reviewed_at')
  File "C:\Users\C4S\AppData\Local\Python\pythoncore-3.14-64\Lib\site-packages\django\db\models\query.py", line 1701, in order_by
    obj.query.add_ordering(*field_names)
    ~~~~~~~~~~~~~~~~~~~~~~^^^^^^^^^^^^^^
  File "C:\Users\C4S\AppData\Local\Python\pythoncore-3.14-64\Lib\site-packages\django\db\models\sql\query.py", line 2253, in add_ordering
    self.names_to_path(item.split(LOOKUP_SEP), self.model._meta)
    ~~~~~~~~~~~~~~~~~~^^^^^^^^^^^^^^^^^^^^^^^^^^^^^^^^^^^^^^^^^^
  File "C:\Users\C4S\AppData\Local\Python\pythoncore-3.14-64\Lib\site-packages\django\db\models\sql\query.py", line 1772, in names_to_path
    raise FieldError(
    ...<2 lines>...
    )
django.core.exceptions.FieldError: Cannot resolve keyword 'checker_reviewed_at' into field. Choices are: author, author_id, cover_image, created_at, description, downloads_count, file, genre, genre_id, id, is_free, isbn, language, price, purchases, quality_reviews, royalties, status, title, views_count, wishlisted_by
"GET /dashboard/maker/ HTTP/1.1" 500 89005
"GET /dashboard/maker/ HTTP/1.1" 500 89005
Internal Server Error: /dashboard/maker/
Traceback (most recent call last):
  File "C:\Users\C4S\AppData\Local\Python\pythoncore-3.14-64\Lib\site-packages\django\core\handlers\exception.py", line 55, in inner
    response = get_response(request)
  File "C:\Users\C4S\AppData\Local\Python\pythoncore-3.14-64\Lib\site-packages\django\core\handlers\base.py", line 197, in _get_response
    response = wrapped_callback(request, *callback_args, **callback_kwargs)
  File "C:\Users\C4S\AppData\Local\Python\pythoncore-3.14-64\Lib\site-packages\django\contrib\auth\decorators.py", line 23, in _wrapper_view
    return view_func(request, *args, **kwargs)
  File "C:\abay_repository\dashboard\views.py", line 234, in maker_dashboard
    pending_books = Book.objects.filter(status='in_review').order_by('checker_reviewed_at')
  File "C:\Users\C4S\AppData\Local\Python\pythoncore-3.14-64\Lib\site-packages\django\db\models\query.py", line 1701, in order_by
    obj.query.add_ordering(*field_names)
    ~~~~~~~~~~~~~~~~~~~~~~^^^^^^^^^^^^^^
  File "C:\Users\C4S\AppData\Local\Python\pythoncore-3.14-64\Lib\site-packages\django\db\models\sql\query.py", line 2253, in add_ordering
    self.names_to_path(item.split(LOOKUP_SEP), self.model._meta)
    ~~~~~~~~~~~~~~~~~~^^^^^^^^^^^^^^^^^^^^^^^^^^^^^^^^^^^^^^^^^^
  File "C:\Users\C4S\AppData\Local\Python\pythoncore-3.14-64\Lib\site-packages\django\db\models\sql\query.py", line 1772, in names_to_path
    raise FieldError(
    ...<2 lines>...
    )
django.core.exceptions.FieldError: Cannot resolve keyword 'checker_reviewed_at' into field. Choices are: author, author_id, cover_image, created_at, description, downloads_count, file, genre, genre_id, id, is_free, isbn, language, price, purchases, quality_reviews, royalties, status, title, views_count, wishlisted_by
Internal Server Error: /dashboard/maker/
Traceback (most recent call last):
  File "C:\Users\C4S\AppData\Local\Python\pythoncore-3.14-64\Lib\site-packages\django\core\handlers\exception.py", line 55, in inner
    response = get_response(request)
  File "C:\Users\C4S\AppData\Local\Python\pythoncore-3.14-64\Lib\site-packages\django\core\handlers\base.py", line 197, in _get_response
    response = wrapped_callback(request, *callback_args, **callback_kwargs)
  File "C:\Users\C4S\AppData\Local\Python\pythoncore-3.14-64\Lib\site-packages\django\contrib\auth\decorators.py", line 23, in _wrapper_view
    return view_func(request, *args, **kwargs)
  File "C:\abay_repository\dashboard\views.py", line 234, in maker_dashboard
    pending_books = Book.objects.filter(status='in_review').order_by('checker_reviewed_at')
  File "C:\Users\C4S\AppData\Local\Python\pythoncore-3.14-64\Lib\site-packages\django\db\models\query.py", line 1701, in order_by
    obj.query.add_ordering(*field_names)
    ~~~~~~~~~~~~~~~~~~~~~~^^^^^^^^^^^^^^
  File "C:\Users\C4S\AppData\Local\Python\pythoncore-3.14-64\Lib\site-packages\django\db\models\sql\query.py", line 2253, in add_ordering
    self.names_to_path(item.split(LOOKUP_SEP), self.model._meta)
    ~~~~~~~~~~~~~~~~~~^^^^^^^^^^^^^^^^^^^^^^^^^^^^^^^^^^^^^^^^^^
  File "C:\Users\C4S\AppData\Local\Python\pythoncore-3.14-64\Lib\site-packages\django\db\models\sql\query.py", line 1772, in names_to_path
    raise FieldError(
    ...<2 lines>...
    )
django.core.exceptions.FieldError: Cannot resolve keyword 'checker_reviewed_at' into field. Choices are: author, author_id, cover_image, created_at, description, downloads_count, file, genre, genre_id, id, is_free, isbn, language, price, purchases, quality_reviews, royalties, status, title, views_count, wishlisted_by
"GET /dashboard/maker/ HTTP/1.1" 500 89005
"GET /dashboard/maker/ HTTP/1.1" 500 89005
Internal Server Error: /dashboard/maker/
Traceback (most recent call last):
  File "C:\Users\C4S\AppData\Local\Python\pythoncore-3.14-64\Lib\site-packages\django\core\handlers\exception.py", line 55, in inner
    response = get_response(request)
  File "C:\Users\C4S\AppData\Local\Python\pythoncore-3.14-64\Lib\site-packages\django\core\handlers\base.py", line 197, in _get_response
    response = wrapped_callback(request, *callback_args, **callback_kwargs)
  File "C:\Users\C4S\AppData\Local\Python\pythoncore-3.14-64\Lib\site-packages\django\contrib\auth\decorators.py", line 23, in _wrapper_view
    return view_func(request, *args, **kwargs)
  File "C:\abay_repository\dashboard\views.py", line 234, in maker_dashboard
    pending_books = Book.objects.filter(status='in_review').order_by('checker_reviewed_at')
  File "C:\Users\C4S\AppData\Local\Python\pythoncore-3.14-64\Lib\site-packages\django\db\models\query.py", line 1701, in order_by
    obj.query.add_ordering(*field_names)
    ~~~~~~~~~~~~~~~~~~~~~~^^^^^^^^^^^^^^
  File "C:\Users\C4S\AppData\Local\Python\pythoncore-3.14-64\Lib\site-packages\django\db\models\sql\query.py", line 2253, in add_ordering
    self.names_to_path(item.split(LOOKUP_SEP), self.model._meta)
    ~~~~~~~~~~~~~~~~~~^^^^^^^^^^^^^^^^^^^^^^^^^^^^^^^^^^^^^^^^^^
  File "C:\Users\C4S\AppData\Local\Python\pythoncore-3.14-64\Lib\site-packages\django\db\models\sql\query.py", line 1772, in names_to_path
    raise FieldError(
    ...<2 lines>...
    )
django.core.exceptions.FieldError: Cannot resolve keyword 'checker_reviewed_at' into field. Choices are: author, author_id, cover_image, created_at, description, downloads_count, file, genre, genre_id, id, is_free, isbn, language, price, purchases, quality_reviews, royalties, status, title, views_count, wishlisted_by
Internal Server Error: /dashboard/maker/
Traceback (most recent call last):
  File "C:\Users\C4S\AppData\Local\Python\pythoncore-3.14-64\Lib\site-packages\django\core\handlers\exception.py", line 55, in inner
    response = get_response(request)
  File "C:\Users\C4S\AppData\Local\Python\pythoncore-3.14-64\Lib\site-packages\django\core\handlers\base.py", line 197, in _get_response
    response = wrapped_callback(request, *callback_args, **callback_kwargs)
  File "C:\Users\C4S\AppData\Local\Python\pythoncore-3.14-64\Lib\site-packages\django\contrib\auth\decorators.py", line 23, in _wrapper_view
    return view_func(request, *args, **kwargs)
  File "C:\abay_repository\dashboard\views.py", line 234, in maker_dashboard
    pending_books = Book.objects.filter(status='in_review').order_by('checker_reviewed_at')
  File "C:\Users\C4S\AppData\Local\Python\pythoncore-3.14-64\Lib\site-packages\django\db\models\query.py", line 1701, in order_by
    obj.query.add_ordering(*field_names)
    ~~~~~~~~~~~~~~~~~~~~~~^^^^^^^^^^^^^^
  File "C:\Users\C4S\AppData\Local\Python\pythoncore-3.14-64\Lib\site-packages\django\db\models\sql\query.py", line 2253, in add_ordering
    self.names_to_path(item.split(LOOKUP_SEP), self.model._meta)
    ~~~~~~~~~~~~~~~~~~^^^^^^^^^^^^^^^^^^^^^^^^^^^^^^^^^^^^^^^^^^
  File "C:\Users\C4S\AppData\Local\Python\pythoncore-3.14-64\Lib\site-packages\django\db\models\sql\query.py", line 1772, in names_to_path
    raise FieldError(
    ...<2 lines>...
    )
django.core.exceptions.FieldError: Cannot resolve keyword 'checker_reviewed_at' into field. Choices are: author, author_id, cover_image, created_at, description, downloads_count, file, genre, genre_id, id, is_free, isbn, language, price, purchases, quality_reviews, royalties, status, title, views_count, wishlisted_by
"GET /dashboard/maker/ HTTP/1.1" 500 89005
"GET /dashboard/maker/ HTTP/1.1" 500 89005
C:\abay_repository\dashboard\views.py changed, reloading.
C:\abay_repository\dashboard\views.py changed, reloading.
Watching for file changes with StatReloader
Watching for file changes with StatReloader
Internal Server Error: /dashboard/maker/
Traceback (most recent call last):
  File "C:\Users\C4S\AppData\Local\Python\pythoncore-3.14-64\Lib\site-packages\django\core\handlers\exception.py", line 55, in inner
    response = get_response(request)
  File "C:\Users\C4S\AppData\Local\Python\pythoncore-3.14-64\Lib\site-packages\django\core\handlers\base.py", line 197, in _get_response
    response = wrapped_callback(request, *callback_args, **callback_kwargs)
  File "C:\Users\C4S\AppData\Local\Python\pythoncore-3.14-64\Lib\site-packages\django\contrib\auth\decorators.py", line 23, in _wrapper_view
    return view_func(request, *args, **kwargs)
  File "C:\abay_repository\dashboard\views.py", line 230, in maker_dashboard
    pending_books = Book.objects.filter(status='in_review').order_by('-updated_at')
  File "C:\Users\C4S\AppData\Local\Python\pythoncore-3.14-64\Lib\site-packages\django\db\models\query.py", line 1701, in order_by
    obj.query.add_ordering(*field_names)
    ~~~~~~~~~~~~~~~~~~~~~~^^^^^^^^^^^^^^
  File "C:\Users\C4S\AppData\Local\Python\pythoncore-3.14-64\Lib\site-packages\django\db\models\sql\query.py", line 2253, in add_ordering
    self.names_to_path(item.split(LOOKUP_SEP), self.model._meta)
    ~~~~~~~~~~~~~~~~~~^^^^^^^^^^^^^^^^^^^^^^^^^^^^^^^^^^^^^^^^^^
  File "C:\Users\C4S\AppData\Local\Python\pythoncore-3.14-64\Lib\site-packages\django\db\models\sql\query.py", line 1772, in names_to_path
    raise FieldError(
    ...<2 lines>...
    )
django.core.exceptions.FieldError: Cannot resolve keyword 'updated_at' into field. Choices are: author, author_id, cover_image, created_at, description, downloads_count, file, genre, genre_id, id, is_free, isbn, language, price, purchases, quality_reviews, royalties, status, title, views_count, wishlisted_by
Internal Server Error: /dashboard/maker/
Traceback (most recent call last):
  File "C:\Users\C4S\AppData\Local\Python\pythoncore-3.14-64\Lib\site-packages\django\core\handlers\exception.py", line 55, in inner
    response = get_response(request)
  File "C:\Users\C4S\AppData\Local\Python\pythoncore-3.14-64\Lib\site-packages\django\core\handlers\base.py", line 197, in _get_response
    response = wrapped_callback(request, *callback_args, **callback_kwargs)
  File "C:\Users\C4S\AppData\Local\Python\pythoncore-3.14-64\Lib\site-packages\django\contrib\auth\decorators.py", line 23, in _wrapper_view
    return view_func(request, *args, **kwargs)
  File "C:\abay_repository\dashboard\views.py", line 230, in maker_dashboard
    pending_books = Book.objects.filter(status='in_review').order_by('-updated_at')
  File "C:\Users\C4S\AppData\Local\Python\pythoncore-3.14-64\Lib\site-packages\django\db\models\query.py", line 1701, in order_by
    obj.query.add_ordering(*field_names)
    ~~~~~~~~~~~~~~~~~~~~~~^^^^^^^^^^^^^^
  File "C:\Users\C4S\AppData\Local\Python\pythoncore-3.14-64\Lib\site-packages\django\db\models\sql\query.py", line 2253, in add_ordering
    self.names_to_path(item.split(LOOKUP_SEP), self.model._meta)
    ~~~~~~~~~~~~~~~~~~^^^^^^^^^^^^^^^^^^^^^^^^^^^^^^^^^^^^^^^^^^
  File "C:\Users\C4S\AppData\Local\Python\pythoncore-3.14-64\Lib\site-packages\django\db\models\sql\query.py", line 1772, in names_to_path
    raise FieldError(
    ...<2 lines>...
    )
django.core.exceptions.FieldError: Cannot resolve keyword 'updated_at' into field. Choices are: author, author_id, cover_image, created_at, description, downloads_count, file, genre, genre_id, id, is_free, isbn, language, price, purchases, quality_reviews, royalties, status, title, views_count, wishlisted_by
"GET /dashboard/maker/ HTTP/1.1" 500 88979
"GET /dashboard/maker/ HTTP/1.1" 500 88979
Internal Server Error: /dashboard/maker/
Traceback (most recent call last):
  File "C:\Users\C4S\AppData\Local\Python\pythoncore-3.14-64\Lib\site-packages\django\core\handlers\exception.py", line 55, in inner
    response = get_response(request)
  File "C:\Users\C4S\AppData\Local\Python\pythoncore-3.14-64\Lib\site-packages\django\core\handlers\base.py", line 197, in _get_response
    response = wrapped_callback(request, *callback_args, **callback_kwargs)
  File "C:\Users\C4S\AppData\Local\Python\pythoncore-3.14-64\Lib\site-packages\django\contrib\auth\decorators.py", line 23, in _wrapper_view
    return view_func(request, *args, **kwargs)
  File "C:\abay_repository\dashboard\views.py", line 230, in maker_dashboard
    pending_books = Book.objects.filter(status='in_review').order_by('-updated_at')
  File "C:\Users\C4S\AppData\Local\Python\pythoncore-3.14-64\Lib\site-packages\django\db\models\query.py", line 1701, in order_by
    obj.query.add_ordering(*field_names)
    ~~~~~~~~~~~~~~~~~~~~~~^^^^^^^^^^^^^^
  File "C:\Users\C4S\AppData\Local\Python\pythoncore-3.14-64\Lib\site-packages\django\db\models\sql\query.py", line 2253, in add_ordering
    self.names_to_path(item.split(LOOKUP_SEP), self.model._meta)
    ~~~~~~~~~~~~~~~~~~^^^^^^^^^^^^^^^^^^^^^^^^^^^^^^^^^^^^^^^^^^
  File "C:\Users\C4S\AppData\Local\Python\pythoncore-3.14-64\Lib\site-packages\django\db\models\sql\query.py", line 1772, in names_to_path
    raise FieldError(
    ...<2 lines>...
    )
django.core.exceptions.FieldError: Cannot resolve keyword 'updated_at' into field. Choices are: author, author_id, cover_image, created_at, description, downloads_count, file, genre, genre_id, id, is_free, isbn, language, price, purchases, quality_reviews, royalties, status, title, views_count, wishlisted_by
Internal Server Error: /dashboard/maker/
Traceback (most recent call last):
  File "C:\Users\C4S\AppData\Local\Python\pythoncore-3.14-64\Lib\site-packages\django\core\handlers\exception.py", line 55, in inner
    response = get_response(request)
  File "C:\Users\C4S\AppData\Local\Python\pythoncore-3.14-64\Lib\site-packages\django\core\handlers\base.py", line 197, in _get_response
    response = wrapped_callback(request, *callback_args, **callback_kwargs)
  File "C:\Users\C4S\AppData\Local\Python\pythoncore-3.14-64\Lib\site-packages\django\contrib\auth\decorators.py", line 23, in _wrapper_view
    return view_func(request, *args, **kwargs)
  File "C:\abay_repository\dashboard\views.py", line 230, in maker_dashboard
    pending_books = Book.objects.filter(status='in_review').order_by('-updated_at')
  File "C:\Users\C4S\AppData\Local\Python\pythoncore-3.14-64\Lib\site-packages\django\db\models\query.py", line 1701, in order_by
    obj.query.add_ordering(*field_names)
    ~~~~~~~~~~~~~~~~~~~~~~^^^^^^^^^^^^^^
  File "C:\Users\C4S\AppData\Local\Python\pythoncore-3.14-64\Lib\site-packages\django\db\models\sql\query.py", line 2253, in add_ordering
    self.names_to_path(item.split(LOOKUP_SEP), self.model._meta)
    ~~~~~~~~~~~~~~~~~~^^^^^^^^^^^^^^^^^^^^^^^^^^^^^^^^^^^^^^^^^^
  File "C:\Users\C4S\AppData\Local\Python\pythoncore-3.14-64\Lib\site-packages\django\db\models\sql\query.py", line 1772, in names_to_path
    raise FieldError(
    ...<2 lines>...
    )
django.core.exceptions.FieldError: Cannot resolve keyword 'updated_at' into field. Choices are: author, author_id, cover_image, created_at, description, downloads_count, file, genre, genre_id, id, is_free, isbn, language, price, purchases, quality_reviews, royalties, status, title, views_count, wishlisted_by
"GET /dashboard/maker/ HTTP/1.1" 500 88979
"GET /dashboard/maker/ HTTP/1.1" 500 88979
C:\abay_repository\dashboard\views.py changed, reloading.
C:\abay_repository\dashboard\views.py changed, reloading.
Watching for file changes with StatReloader
Watching for file changes with StatReloader
"GET /dashboard/maker/ HTTP/1.1" 200 19599
"GET /dashboard/maker/ HTTP/1.1" 200 19599
"GET /accounts/logout/ HTTP/1.1" 302 0
"GET /accounts/logout/ HTTP/1.1" 302 0
"GET / HTTP/1.1" 200 29607
"GET / HTTP/1.1" 200 29607
"GET /accounts/login/ HTTP/1.1" 200 17640
"GET /accounts/login/ HTTP/1.1" 200 17640
"POST /accounts/login/ HTTP/1.1" 302 0
"POST /accounts/login/ HTTP/1.1" 302 0
"GET /dashboard/author/ HTTP/1.1" 200 19717
"GET /dashboard/author/ HTTP/1.1" 200 19717
"GET /books/upload/ HTTP/1.1" 200 26764
"GET /books/upload/ HTTP/1.1" 200 26764
"GET /books/upload/ HTTP/1.1" 200 26764
"GET /books/upload/ HTTP/1.1" 200 26764
"POST /books/upload/ HTTP/1.1" 302 0
"POST /books/upload/ HTTP/1.1" 302 0
"GET /books/my-books/ HTTP/1.1" 200 16456
"GET /books/my-books/ HTTP/1.1" 200 16456
"GET /accounts/logout/ HTTP/1.1" 302 0
"GET /accounts/logout/ HTTP/1.1" 302 0
"GET / HTTP/1.1" 200 29607
"GET / HTTP/1.1" 200 29607
"GET /accounts/login/ HTTP/1.1" 200 17640
"GET /accounts/login/ HTTP/1.1" 200 17640
"POST /accounts/login/ HTTP/1.1" 302 0
"POST /accounts/login/ HTTP/1.1" 302 0
"GET /dashboard/checker/ HTTP/1.1" 200 15225
"GET /dashboard/checker/ HTTP/1.1" 200 15225
"GET /books/ HTTP/1.1" 200 20322
"GET /books/ HTTP/1.1" 200 20322
"GET /accounts/logout/ HTTP/1.1" 302 0
"GET /accounts/logout/ HTTP/1.1" 302 0
"GET / HTTP/1.1" 200 29607
"GET / HTTP/1.1" 200 29607
"GET /accounts/login/ HTTP/1.1" 200 17640
"GET /accounts/login/ HTTP/1.1" 200 17640
"POST /accounts/login/ HTTP/1.1" 302 0
"POST /accounts/login/ HTTP/1.1" 302 0
"GET /dashboard/admin/ HTTP/1.1" 200 29593
"GET /dashboard/admin/ HTTP/1.1" 200 29593
"GET / HTTP/1.1" 200 29415
"GET / HTTP/1.1" 200 29415
"GET /accounts/logout/ HTTP/1.1" 302 0
"GET /accounts/logout/ HTTP/1.1" 302 0
"GET / HTTP/1.1" 200 29607
"GET / HTTP/1.1" 200 29607
"GET /accounts/login/ HTTP/1.1" 200 17640
"GET /accounts/login/ HTTP/1.1" 200 17640
"POST /accounts/login/ HTTP/1.1" 302 0
"POST /accounts/login/ HTTP/1.1" 302 0
"GET /dashboard/author/ HTTP/1.1" 200 19717
"GET /dashboard/author/ HTTP/1.1" 200 19717
"GET /books/upload/ HTTP/1.1" 200 26764
"GET /books/upload/ HTTP/1.1" 200 26764
"GET /books/upload/ HTTP/1.1" 200 26764
"GET /books/upload/ HTTP/1.1" 200 26764
"POST /books/upload/ HTTP/1.1" 302 0
"POST /books/upload/ HTTP/1.1" 302 0
"GET /books/my-books/ HTTP/1.1" 200 16456
"GET /books/my-books/ HTTP/1.1" 200 16456
C:\abay_repository\books\views.py changed, reloading.
C:\abay_repository\books\views.py changed, reloading.
Watching for file changes with StatReloader
Watching for file changes with StatReloader
"GET /books/upload/ HTTP/1.1" 200 25753
"GET /books/upload/ HTTP/1.1" 200 25753
"GET / HTTP/1.1" 200 29945
"GET / HTTP/1.1" 200 29945
C:\abay_repository\books\views.py changed, reloading.
C:\abay_repository\books\views.py changed, reloading.
Watching for file changes with StatReloader
Watching for file changes with StatReloader
"GET /books/upload/ HTTP/1.1" 200 27784
"GET /books/upload/ HTTP/1.1" 200 27784
"POST /books/upload/ HTTP/1.1" 302 0
"POST /books/upload/ HTTP/1.1" 302 0
"GET /books/upload/ HTTP/1.1" 200 28188
"GET /books/upload/ HTTP/1.1" 200 28188
C:\abay_repository\books\views.py changed, reloading.
C:\abay_repository\books\views.py changed, reloading.
Watching for file changes with StatReloader
Watching for file changes with StatReloader
Watching for file changes with StatReloader
Watching for file changes with StatReloader
C:\abay_repository\books\views.py changed, reloading.
C:\abay_repository\books\views.py changed, reloading.
Watching for file changes with StatReloader
Watching for file changes with StatReloader
"GET / HTTP/1.1" 200 29945
"GET / HTTP/1.1" 200 29945
"GET /books/upload/ HTTP/1.1" 200 44000
"GET /books/upload/ HTTP/1.1" 200 44000
"POST /books/upload/ HTTP/1.1" 302 0
"POST /books/upload/ HTTP/1.1" 302 0
"GET /books/upload/ HTTP/1.1" 200 44617
"GET /books/upload/ HTTP/1.1" 200 44617
"GET /books/ HTTP/1.1" 200 44226
"GET /books/ HTTP/1.1" 200 44226
Not Found: /media/covers/african_leadership.jpg
Not Found: /media/covers/african_leadership.jpg
"GET /media/covers/african_leadership.jpg HTTP/1.1" 404 3788
"GET /media/covers/african_leadership.jpg HTTP/1.1" 404 3788
Not Found: /media/covers/ethiopian_cooking.jpg
Not Found: /media/covers/ethiopian_cooking.jpg
"GET /media/covers/ethiopian_cooking.jpg HTTP/1.1" 404 3784
"GET /media/covers/ethiopian_cooking.jpg HTTP/1.1" 404 3784
Not Found: /media/covers/digital_marketing.jpg
Not Found: /media/covers/digital_marketing.jpg
"GET /media/covers/digital_marketing.jpg HTTP/1.1" 404 3784
"GET /media/covers/digital_marketing.jpg HTTP/1.1" 404 3784
Not Found: /media/covers/ethiopian_culture.jpg
Not Found: /media/covers/ethiopian_culture.jpg
"GET /media/covers/ethiopian_culture.jpg HTTP/1.1" 404 3784
"GET /media/covers/ethiopian_culture.jpg HTTP/1.1" 404 3784
Not Found: /media/covers/entrepreneurship.jpg
Not Found: /media/covers/entrepreneurship.jpg
"GET /media/covers/entrepreneurship.jpg HTTP/1.1" 404 3780
"GET /media/covers/entrepreneurship.jpg HTTP/1.1" 404 3780
Not Found: /media/covers/modern_fiction.jpg
Not Found: /media/covers/modern_fiction.jpg
"GET /media/covers/modern_fiction.jpg HTTP/1.1" 404 3772
"GET /media/covers/modern_fiction.jpg HTTP/1.1" 404 3772
Not Found: /media/covers/amharic_poetry.jpg
Not Found: /media/covers/amharic_poetry.jpg
"GET /media/covers/amharic_poetry.jpg HTTP/1.1" 404 3772
"GET /media/covers/amharic_poetry.jpg HTTP/1.1" 404 3772
Not Found: /media/covers/ethiopia_history.jpg
Not Found: /media/covers/ethiopia_history.jpg
"GET /media/covers/ethiopia_history.jpg HTTP/1.1" 404 3780
"GET /media/covers/ethiopia_history.jpg HTTP/1.1" 404 3780
Not Found: /media/covers/python_beginners.jpg
Not Found: /media/covers/python_beginners.jpg
"GET /media/covers/python_beginners.jpg HTTP/1.1" 404 3780
"GET /media/covers/python_beginners.jpg HTTP/1.1" 404 3780
Not Found: /media/covers/web_dev.jpg
Not Found: /media/covers/web_dev.jpg
"GET /media/covers/web_dev.jpg HTTP/1.1" 404 3744
"GET /media/covers/web_dev.jpg HTTP/1.1" 404 3744
Internal Server Error: /books/6/
Traceback (most recent call last):
  File "C:\Users\C4S\AppData\Local\Python\pythoncore-3.14-64\Lib\site-packages\django\core\handlers\exception.py", line 55, in inner
    response = get_response(request)
  File "C:\Users\C4S\AppData\Local\Python\pythoncore-3.14-64\Lib\site-packages\django\core\handlers\base.py", line 197, in _get_response
    response = wrapped_callback(request, *callback_args, **callback_kwargs)
  File "C:\Users\C4S\AppData\Local\Python\pythoncore-3.14-64\Lib\site-packages\django\contrib\auth\decorators.py", line 23, in _wrapper_view
    return view_func(request, *args, **kwargs)
  File "C:\abay_repository\books\views.py", line 93, in book_detail
    return render(request, 'books/detail.html', context)
  File "C:\Users\C4S\AppData\Local\Python\pythoncore-3.14-64\Lib\site-packages\django\shortcuts.py", line 25, in render
    content = loader.render_to_string(template_name, context, request, using=using)
  File "C:\Users\C4S\AppData\Local\Python\pythoncore-3.14-64\Lib\site-packages\django\template\loader.py", line 61, in render_to_string
    template = get_template(template_name, using=using)
  File "C:\Users\C4S\AppData\Local\Python\pythoncore-3.14-64\Lib\site-packages\django\template\loader.py", line 19, in get_template
    raise TemplateDoesNotExist(template_name, chain=chain)
django.template.exceptions.TemplateDoesNotExist: books/detail.html
Internal Server Error: /books/6/
Traceback (most recent call last):
  File "C:\Users\C4S\AppData\Local\Python\pythoncore-3.14-64\Lib\site-packages\django\core\handlers\exception.py", line 55, in inner
    response = get_response(request)
  File "C:\Users\C4S\AppData\Local\Python\pythoncore-3.14-64\Lib\site-packages\django\core\handlers\base.py", line 197, in _get_response
    response = wrapped_callback(request, *callback_args, **callback_kwargs)
  File "C:\Users\C4S\AppData\Local\Python\pythoncore-3.14-64\Lib\site-packages\django\contrib\auth\decorators.py", line 23, in _wrapper_view
    return view_func(request, *args, **kwargs)
  File "C:\abay_repository\books\views.py", line 93, in book_detail
    return render(request, 'books/detail.html', context)
  File "C:\Users\C4S\AppData\Local\Python\pythoncore-3.14-64\Lib\site-packages\django\shortcuts.py", line 25, in render
    content = loader.render_to_string(template_name, context, request, using=using)
  File "C:\Users\C4S\AppData\Local\Python\pythoncore-3.14-64\Lib\site-packages\django\template\loader.py", line 61, in render_to_string
    template = get_template(template_name, using=using)
  File "C:\Users\C4S\AppData\Local\Python\pythoncore-3.14-64\Lib\site-packages\django\template\loader.py", line 19, in get_template
    raise TemplateDoesNotExist(template_name, chain=chain)
django.template.exceptions.TemplateDoesNotExist: books/detail.html
"GET /books/6/ HTTP/1.1" 500 89573
"GET /books/6/ HTTP/1.1" 500 89573
"GET /books/?price=free HTTP/1.1" 200 44226
"GET /books/?price=free HTTP/1.1" 200 44226
Not Found: /media/covers/african_leadership.jpg
Not Found: /media/covers/african_leadership.jpg
Not Found: /media/covers/digital_marketing.jpg
Not Found: /media/covers/digital_marketing.jpg
"GET /media/covers/african_leadership.jpg HTTP/1.1" 404 3788
Not Found: /media/covers/ethiopian_cooking.jpg
Not Found: /media/covers/ethiopian_culture.jpg
"GET /media/covers/digital_marketing.jpg HTTP/1.1" 404 3784
"GET /media/covers/african_leadership.jpg HTTP/1.1" 404 3788
Not Found: /media/covers/modern_fiction.jpg
Not Found: /media/covers/entrepreneurship.jpg
Not Found: /media/covers/ethiopian_cooking.jpg
Not Found: /media/covers/ethiopian_culture.jpg
"GET /media/covers/digital_marketing.jpg HTTP/1.1" 404 3784
Not Found: /media/covers/modern_fiction.jpg
Not Found: /media/covers/entrepreneurship.jpg
"GET /media/covers/ethiopian_culture.jpg HTTP/1.1" 404 3784
"GET /media/covers/ethiopian_cooking.jpg HTTP/1.1" 404 3784
"GET /media/covers/ethiopian_culture.jpg HTTP/1.1" 404 3784
"GET /media/covers/modern_fiction.jpg HTTP/1.1" 404 3772
"GET /media/covers/modern_fiction.jpg HTTP/1.1" 404 3772
"GET /media/covers/entrepreneurship.jpg HTTP/1.1" 404 3780
"GET /media/covers/ethiopian_cooking.jpg HTTP/1.1" 404 3784
"GET /media/covers/entrepreneurship.jpg HTTP/1.1" 404 3780
Not Found: /media/covers/ethiopia_history.jpg
Not Found: /media/covers/ethiopia_history.jpg
"GET /media/covers/ethiopia_history.jpg HTTP/1.1" 404 3780
"GET /media/covers/ethiopia_history.jpg HTTP/1.1" 404 3780
Not Found: /media/covers/amharic_poetry.jpg
Not Found: /media/covers/amharic_poetry.jpg
"GET /media/covers/amharic_poetry.jpg HTTP/1.1" 404 3772
"GET /media/covers/amharic_poetry.jpg HTTP/1.1" 404 3772
Not Found: /media/covers/web_dev.jpg
Not Found: /media/covers/web_dev.jpg
Not Found: /media/covers/python_beginners.jpg
Not Found: /media/covers/python_beginners.jpg
"GET /media/covers/web_dev.jpg HTTP/1.1" 404 3744
"GET /media/covers/web_dev.jpg HTTP/1.1" 404 3744
"GET /media/covers/python_beginners.jpg HTTP/1.1" 404 3780
"GET /media/covers/python_beginners.jpg HTTP/1.1" 404 3780
"GET /books/?genre=technology HTTP/1.1" 200 29602
"GET /books/?genre=technology HTTP/1.1" 200 29602
Not Found: /media/covers/python_beginners.jpg
Not Found: /media/covers/python_beginners.jpg
Not Found: /media/covers/web_dev.jpg
Not Found: /media/covers/web_dev.jpg
"GET /media/covers/python_beginners.jpg HTTP/1.1" 404 3780
"GET /media/covers/web_dev.jpg HTTP/1.1" 404 3744
"GET /media/covers/python_beginners.jpg HTTP/1.1" 404 3780
"GET /media/covers/web_dev.jpg HTTP/1.1" 404 3744
"GET / HTTP/1.1" 200 37252
"GET / HTTP/1.1" 200 37252
Not Found: /media/covers/modern_fiction.jpg
Not Found: /media/covers/modern_fiction.jpg
Not Found: /media/covers/african_leadership.jpg
Not Found: /media/covers/african_leadership.jpg
Not Found: /media/covers/digital_marketing.jpg
Not Found: /media/covers/ethiopian_culture.jpg
Not Found: /media/covers/ethiopian_cooking.jpg
"GET /media/covers/modern_fiction.jpg HTTP/1.1" 404 3772
Not Found: /media/covers/digital_marketing.jpg
"GET /media/covers/african_leadership.jpg HTTP/1.1" 404 3788
"GET /media/covers/african_leadership.jpg HTTP/1.1" 404 3788
Not Found: /media/covers/ethiopian_cooking.jpg
"GET /media/covers/modern_fiction.jpg HTTP/1.1" 404 3772
Not Found: /media/covers/ethiopian_culture.jpg
Not Found: /media/covers/entrepreneurship.jpg
"GET /media/covers/digital_marketing.jpg HTTP/1.1" 404 3784
"GET /media/covers/digital_marketing.jpg HTTP/1.1" 404 3784
"GET /media/covers/ethiopian_culture.jpg HTTP/1.1" 404 3784
"GET /media/covers/ethiopian_cooking.jpg HTTP/1.1" 404 3784
Not Found: /media/covers/entrepreneurship.jpg
"GET /media/covers/ethiopian_culture.jpg HTTP/1.1" 404 3784
"GET /media/covers/ethiopian_cooking.jpg HTTP/1.1" 404 3784
"GET /media/covers/entrepreneurship.jpg HTTP/1.1" 404 3780
"GET /media/covers/entrepreneurship.jpg HTTP/1.1" 404 3780
Not Found: /media/covers/amharic_poetry.jpg
Not Found: /media/covers/amharic_poetry.jpg
Not Found: /media/covers/ethiopia_history.jpg
"GET /media/covers/amharic_poetry.jpg HTTP/1.1" 404 3772
Not Found: /media/covers/ethiopia_history.jpg
"GET /media/covers/amharic_poetry.jpg HTTP/1.1" 404 3772
"GET /media/covers/ethiopia_history.jpg HTTP/1.1" 404 3780
"GET /media/covers/ethiopia_history.jpg HTTP/1.1" 404 3780
"GET /books/upload/ HTTP/1.1" 200 44000
"GET /books/upload/ HTTP/1.1" 200 44000
"POST /books/upload/ HTTP/1.1" 302 0
"POST /books/upload/ HTTP/1.1" 302 0
"GET /books/upload/ HTTP/1.1" 200 44617
"GET /books/upload/ HTTP/1.1" 200 44617
"POST /books/upload/ HTTP/1.1" 302 0
"POST /books/upload/ HTTP/1.1" 302 0
"GET /books/upload/ HTTP/1.1" 200 44617
"GET /books/upload/ HTTP/1.1" 200 44617
"POST /books/upload/ HTTP/1.1" 302 0
"POST /books/upload/ HTTP/1.1" 302 0
"GET /books/upload/ HTTP/1.1" 200 44617
"GET /books/upload/ HTTP/1.1" 200 44617
"GET /books/my-books/ HTTP/1.1" 200 17726
"GET /books/my-books/ HTTP/1.1" 200 17726
Not Found: /media/covers/sustainable_farming.jpg
Not Found: /media/covers/sustainable_farming.jpg
"GET /media/covers/sustainable_farming.jpg HTTP/1.1" 404 3792
"GET /media/covers/sustainable_farming.jpg HTTP/1.1" 404 3792
"GET /accounts/logout/ HTTP/1.1" 302 0
"GET /accounts/logout/ HTTP/1.1" 302 0
"GET / HTTP/1.1" 200 36914
"GET / HTTP/1.1" 200 36914
Not Found: /media/covers/african_leadership.jpg
Not Found: /media/covers/ethiopian_cooking.jpg
Not Found: /media/covers/african_leadership.jpg
Not Found: /media/covers/ethiopian_cooking.jpg
"GET /media/covers/african_leadership.jpg HTTP/1.1" 404 3788
"GET /media/covers/ethiopian_cooking.jpg HTTP/1.1" 404 3784
"GET /media/covers/african_leadership.jpg HTTP/1.1" 404 3788
"GET /media/covers/ethiopian_cooking.jpg HTTP/1.1" 404 3784
Not Found: /media/covers/digital_marketing.jpg
Not Found: /media/covers/ethiopian_culture.jpg
Not Found: /media/covers/digital_marketing.jpg
Not Found: /media/covers/ethiopian_culture.jpg
"GET /media/covers/digital_marketing.jpg HTTP/1.1" 404 3784
"GET /media/covers/digital_marketing.jpg HTTP/1.1" 404 3784
"GET /media/covers/ethiopian_culture.jpg HTTP/1.1" 404 3784
"GET /media/covers/ethiopian_culture.jpg HTTP/1.1" 404 3784
Not Found: /media/covers/modern_fiction.jpg
Not Found: /media/covers/entrepreneurship.jpg
Not Found: /media/covers/modern_fiction.jpg
Not Found: /media/covers/entrepreneurship.jpg
"GET /media/covers/entrepreneurship.jpg HTTP/1.1" 404 3780
"GET /media/covers/modern_fiction.jpg HTTP/1.1" 404 3772
"GET /media/covers/entrepreneurship.jpg HTTP/1.1" 404 3780
"GET /media/covers/modern_fiction.jpg HTTP/1.1" 404 3772
Not Found: /media/covers/ethiopia_history.jpg
Not Found: /media/covers/ethiopia_history.jpg
Not Found: /media/covers/amharic_poetry.jpg
"GET /media/covers/ethiopia_history.jpg HTTP/1.1" 404 3780
Not Found: /media/covers/amharic_poetry.jpg
"GET /media/covers/ethiopia_history.jpg HTTP/1.1" 404 3780
"GET /media/covers/amharic_poetry.jpg HTTP/1.1" 404 3772
"GET /media/covers/amharic_poetry.jpg HTTP/1.1" 404 3772
"GET /accounts/login/ HTTP/1.1" 200 17640
"GET /accounts/login/ HTTP/1.1" 200 17640
"POST /accounts/login/ HTTP/1.1" 302 0
"POST /accounts/login/ HTTP/1.1" 302 0
"GET /dashboard/checker/ HTTP/1.1" 200 21478
"GET /dashboard/checker/ HTTP/1.1" 200 21478
Not Found: /reviews/submit-checker/
Not Found: /reviews/submit-checker/
"POST /reviews/submit-checker/ HTTP/1.1" 404 3568
"POST /reviews/submit-checker/ HTTP/1.1" 404 3568
C:\abay_repository\config\urls.py changed, reloading.
C:\abay_repository\config\urls.py changed, reloading.
Watching for file changes with StatReloader
Watching for file changes with StatReloader
C:\abay_repository\reviews\urls.py changed, reloading.
C:\abay_repository\reviews\urls.py changed, reloading.
Watching for file changes with StatReloader
Watching for file changes with StatReloader
C:\abay_repository\reviews\views.py changed, reloading.
C:\abay_repository\reviews\views.py changed, reloading.
Watching for file changes with StatReloader
Watching for file changes with StatReloader
C:\abay_repository\reviews\models.py changed, reloading.
C:\abay_repository\reviews\models.py changed, reloading.
Watching for file changes with StatReloader
Watching for file changes with StatReloader
Internal Server Error: /reviews/submit-checker/
Traceback (most recent call last):
  File "C:\Users\C4S\AppData\Local\Python\pythoncore-3.14-64\Lib\site-packages\django\db\backends\utils.py", line 105, in _execute
    return self.cursor.execute(sql, params)
           ~~~~~~~~~~~~~~~~~~~^^^^^^^^^^^^^
  File "C:\Users\C4S\AppData\Local\Python\pythoncore-3.14-64\Lib\site-packages\django\db\backends\mysql\base.py", line 76, in execute
    return self.cursor.execute(query, args)
           ~~~~~~~~~~~~~~~~~~~^^^^^^^^^^^^^
  File "C:\Users\C4S\AppData\Local\Python\pythoncore-3.14-64\Lib\site-packages\MySQLdb\cursors.py", line 179, in execute
    res = self._query(mogrified_query)
  File "C:\Users\C4S\AppData\Local\Python\pythoncore-3.14-64\Lib\site-packages\MySQLdb\cursors.py", line 330, in _query
    db.query(q)
    ~~~~~~~~^^^
  File "C:\Users\C4S\AppData\Local\Python\pythoncore-3.14-64\Lib\site-packages\MySQLdb\connections.py", line 286, in query
    _mysql.connection.query(self, query)
    ~~~~~~~~~~~~~~~~~~~~~~~^^^^^^^^^^^^^
MySQLdb.OperationalError: (1054, "Unknown column 'quality_reviews.copyright_compliance' in 'field list'")

The above exception was the direct cause of the following exception:

Traceback (most recent call last):
  File "C:\Users\C4S\AppData\Local\Python\pythoncore-3.14-64\Lib\site-packages\django\core\handlers\exception.py", line 55, in inner
    response = get_response(request)
  File "C:\Users\C4S\AppData\Local\Python\pythoncore-3.14-64\Lib\site-packages\django\core\handlers\base.py", line 197, in _get_response
    response = wrapped_callback(request, *callback_args, **callback_kwargs)
  File "C:\Users\C4S\AppData\Local\Python\pythoncore-3.14-64\Lib\site-packages\django\contrib\auth\decorators.py", line 23, in _wrapper_view
    return view_func(request, *args, **kwargs)
  File "C:\abay_repository\reviews\views.py", line 49, in submit_checker_review
    review, created = QualityReview.objects.update_or_create(
                      ~~~~~~~~~~~~~~~~~~~~~~~~~~~~~~~~~~~~~~^
        book=book,
        ^^^^^^^^^^
    ...<11 lines>...
        }
        ^
    )
    ^
  File "C:\Users\C4S\AppData\Local\Python\pythoncore-3.14-64\Lib\site-packages\django\db\models\manager.py", line 87, in manager_method
    return getattr(self.get_queryset(), name)(*args, **kwargs)
           ~~~~~~~~~~~~~~~~~~~~~~~~~~~~~~~~~~^^^^^^^^^^^^^^^^^
  File "C:\Users\C4S\AppData\Local\Python\pythoncore-3.14-64\Lib\site-packages\django\db\models\query.py", line 986, in update_or_create
    obj, created = self.select_for_update().get_or_create(
                   ~~~~~~~~~~~~~~~~~~~~~~~~~~~~~~~~~~~~~~^
        create_defaults, **kwargs
        ^^^^^^^^^^^^^^^^^^^^^^^^^
    )
    ^
  File "C:\Users\C4S\AppData\Local\Python\pythoncore-3.14-64\Lib\site-packages\django\db\models\query.py", line 948, in get_or_create
    return self.get(**kwargs), False
           ~~~~~~~~^^^^^^^^^^
  File "C:\Users\C4S\AppData\Local\Python\pythoncore-3.14-64\Lib\site-packages\django\db\models\query.py", line 645, in get
    num = len(clone)
  File "C:\Users\C4S\AppData\Local\Python\pythoncore-3.14-64\Lib\site-packages\django\db\models\query.py", line 382, in __len__
    self._fetch_all()
    ~~~~~~~~~~~~~~~^^
  File "C:\Users\C4S\AppData\Local\Python\pythoncore-3.14-64\Lib\site-packages\django\db\models\query.py", line 1928, in _fetch_all
    self._result_cache = list(self._iterable_class(self))
                         ~~~~^^^^^^^^^^^^^^^^^^^^^^^^^^^^
  File "C:\Users\C4S\AppData\Local\Python\pythoncore-3.14-64\Lib\site-packages\django\db\models\query.py", line 91, in __iter__
    results = compiler.execute_sql(
        chunked_fetch=self.chunked_fetch, chunk_size=self.chunk_size
    )
  File "C:\Users\C4S\AppData\Local\Python\pythoncore-3.14-64\Lib\site-packages\django\db\models\sql\compiler.py", line 1562, in execute_sql
    cursor.execute(sql, params)
    ~~~~~~~~~~~~~~^^^^^^^^^^^^^
  File "C:\Users\C4S\AppData\Local\Python\pythoncore-3.14-64\Lib\site-packages\django\db\backends\utils.py", line 122, in execute
    return super().execute(sql, params)
           ~~~~~~~~~~~~~~~^^^^^^^^^^^^^
  File "C:\Users\C4S\AppData\Local\Python\pythoncore-3.14-64\Lib\site-packages\django\db\backends\utils.py", line 79, in execute
    return self._execute_with_wrappers(
           ~~~~~~~~~~~~~~~~~~~~~~~~~~~^
        sql, params, many=False, executor=self._execute
        ^^^^^^^^^^^^^^^^^^^^^^^^^^^^^^^^^^^^^^^^^^^^^^^
    )
    ^
  File "C:\Users\C4S\AppData\Local\Python\pythoncore-3.14-64\Lib\site-packages\django\db\backends\utils.py", line 92, in _execute_with_wrappers
    return executor(sql, params, many, context)
  File "C:\Users\C4S\AppData\Local\Python\pythoncore-3.14-64\Lib\site-packages\django\db\backends\utils.py", line 100, in _execute
    with self.db.wrap_database_errors:
         ^^^^^^^^^^^^^^^^^^^^^^^^^^^^
  File "C:\Users\C4S\AppData\Local\Python\pythoncore-3.14-64\Lib\site-packages\django\db\utils.py", line 91, in __exit__
    raise dj_exc_value.with_traceback(traceback) from exc_value
  File "C:\Users\C4S\AppData\Local\Python\pythoncore-3.14-64\Lib\site-packages\django\db\backends\utils.py", line 105, in _execute
    return self.cursor.execute(sql, params)
           ~~~~~~~~~~~~~~~~~~~^^^^^^^^^^^^^
  File "C:\Users\C4S\AppData\Local\Python\pythoncore-3.14-64\Lib\site-packages\django\db\backends\mysql\base.py", line 76, in execute
    return self.cursor.execute(query, args)
           ~~~~~~~~~~~~~~~~~~~^^^^^^^^^^^^^
  File "C:\Users\C4S\AppData\Local\Python\pythoncore-3.14-64\Lib\site-packages\MySQLdb\cursors.py", line 179, in execute
    res = self._query(mogrified_query)
  File "C:\Users\C4S\AppData\Local\Python\pythoncore-3.14-64\Lib\site-packages\MySQLdb\cursors.py", line 330, in _query
    db.query(q)
    ~~~~~~~~^^^
  File "C:\Users\C4S\AppData\Local\Python\pythoncore-3.14-64\Lib\site-packages\MySQLdb\connections.py", line 286, in query
    _mysql.connection.query(self, query)
    ~~~~~~~~~~~~~~~~~~~~~~~^^^^^^^^^^^^^
django.db.utils.OperationalError: (1054, "Unknown column 'quality_reviews.copyright_compliance' in 'field list'")
Internal Server Error: /reviews/submit-checker/
Traceback (most recent call last):
  File "C:\Users\C4S\AppData\Local\Python\pythoncore-3.14-64\Lib\site-packages\django\db\backends\utils.py", line 105, in _execute
    return self.cursor.execute(sql, params)
           ~~~~~~~~~~~~~~~~~~~^^^^^^^^^^^^^
  File "C:\Users\C4S\AppData\Local\Python\pythoncore-3.14-64\Lib\site-packages\django\db\backends\mysql\base.py", line 76, in execute
    return self.cursor.execute(query, args)
           ~~~~~~~~~~~~~~~~~~~^^^^^^^^^^^^^
  File "C:\Users\C4S\AppData\Local\Python\pythoncore-3.14-64\Lib\site-packages\MySQLdb\cursors.py", line 179, in execute
    res = self._query(mogrified_query)
  File "C:\Users\C4S\AppData\Local\Python\pythoncore-3.14-64\Lib\site-packages\MySQLdb\cursors.py", line 330, in _query
    db.query(q)
    ~~~~~~~~^^^
  File "C:\Users\C4S\AppData\Local\Python\pythoncore-3.14-64\Lib\site-packages\MySQLdb\connections.py", line 286, in query
    _mysql.connection.query(self, query)
    ~~~~~~~~~~~~~~~~~~~~~~~^^^^^^^^^^^^^
MySQLdb.OperationalError: (1054, "Unknown column 'quality_reviews.copyright_compliance' in 'field list'")

The above exception was the direct cause of the following exception:

Traceback (most recent call last):
  File "C:\Users\C4S\AppData\Local\Python\pythoncore-3.14-64\Lib\site-packages\django\core\handlers\exception.py", line 55, in inner
    response = get_response(request)
  File "C:\Users\C4S\AppData\Local\Python\pythoncore-3.14-64\Lib\site-packages\django\core\handlers\base.py", line 197, in _get_response
    response = wrapped_callback(request, *callback_args, **callback_kwargs)
  File "C:\Users\C4S\AppData\Local\Python\pythoncore-3.14-64\Lib\site-packages\django\contrib\auth\decorators.py", line 23, in _wrapper_view
    return view_func(request, *args, **kwargs)
  File "C:\abay_repository\reviews\views.py", line 49, in submit_checker_review
    review, created = QualityReview.objects.update_or_create(
                      ~~~~~~~~~~~~~~~~~~~~~~~~~~~~~~~~~~~~~~^
        book=book,
        ^^^^^^^^^^
    ...<11 lines>...
        }
        ^
    )
    ^
  File "C:\Users\C4S\AppData\Local\Python\pythoncore-3.14-64\Lib\site-packages\django\db\models\manager.py", line 87, in manager_method
    return getattr(self.get_queryset(), name)(*args, **kwargs)
           ~~~~~~~~~~~~~~~~~~~~~~~~~~~~~~~~~~^^^^^^^^^^^^^^^^^
  File "C:\Users\C4S\AppData\Local\Python\pythoncore-3.14-64\Lib\site-packages\django\db\models\query.py", line 986, in update_or_create
    obj, created = self.select_for_update().get_or_create(
                   ~~~~~~~~~~~~~~~~~~~~~~~~~~~~~~~~~~~~~~^
        create_defaults, **kwargs
        ^^^^^^^^^^^^^^^^^^^^^^^^^
    )
    ^
  File "C:\Users\C4S\AppData\Local\Python\pythoncore-3.14-64\Lib\site-packages\django\db\models\query.py", line 948, in get_or_create
    return self.get(**kwargs), False
           ~~~~~~~~^^^^^^^^^^
  File "C:\Users\C4S\AppData\Local\Python\pythoncore-3.14-64\Lib\site-packages\django\db\models\query.py", line 645, in get
    num = len(clone)
  File "C:\Users\C4S\AppData\Local\Python\pythoncore-3.14-64\Lib\site-packages\django\db\models\query.py", line 382, in __len__
    self._fetch_all()
    ~~~~~~~~~~~~~~~^^
  File "C:\Users\C4S\AppData\Local\Python\pythoncore-3.14-64\Lib\site-packages\django\db\models\query.py", line 1928, in _fetch_all
    self._result_cache = list(self._iterable_class(self))
                         ~~~~^^^^^^^^^^^^^^^^^^^^^^^^^^^^
  File "C:\Users\C4S\AppData\Local\Python\pythoncore-3.14-64\Lib\site-packages\django\db\models\query.py", line 91, in __iter__
    results = compiler.execute_sql(
        chunked_fetch=self.chunked_fetch, chunk_size=self.chunk_size
    )
  File "C:\Users\C4S\AppData\Local\Python\pythoncore-3.14-64\Lib\site-packages\django\db\models\sql\compiler.py", line 1562, in execute_sql
    cursor.execute(sql, params)
    ~~~~~~~~~~~~~~^^^^^^^^^^^^^
  File "C:\Users\C4S\AppData\Local\Python\pythoncore-3.14-64\Lib\site-packages\django\db\backends\utils.py", line 122, in execute
    return super().execute(sql, params)
           ~~~~~~~~~~~~~~~^^^^^^^^^^^^^
  File "C:\Users\C4S\AppData\Local\Python\pythoncore-3.14-64\Lib\site-packages\django\db\backends\utils.py", line 79, in execute
    return self._execute_with_wrappers(
           ~~~~~~~~~~~~~~~~~~~~~~~~~~~^
        sql, params, many=False, executor=self._execute
        ^^^^^^^^^^^^^^^^^^^^^^^^^^^^^^^^^^^^^^^^^^^^^^^
    )
    ^
  File "C:\Users\C4S\AppData\Local\Python\pythoncore-3.14-64\Lib\site-packages\django\db\backends\utils.py", line 92, in _execute_with_wrappers
    return executor(sql, params, many, context)
  File "C:\Users\C4S\AppData\Local\Python\pythoncore-3.14-64\Lib\site-packages\django\db\backends\utils.py", line 100, in _execute
    with self.db.wrap_database_errors:
         ^^^^^^^^^^^^^^^^^^^^^^^^^^^^
  File "C:\Users\C4S\AppData\Local\Python\pythoncore-3.14-64\Lib\site-packages\django\db\utils.py", line 91, in __exit__
    raise dj_exc_value.with_traceback(traceback) from exc_value
  File "C:\Users\C4S\AppData\Local\Python\pythoncore-3.14-64\Lib\site-packages\django\db\backends\utils.py", line 105, in _execute
    return self.cursor.execute(sql, params)
           ~~~~~~~~~~~~~~~~~~~^^^^^^^^^^^^^
  File "C:\Users\C4S\AppData\Local\Python\pythoncore-3.14-64\Lib\site-packages\django\db\backends\mysql\base.py", line 76, in execute
    return self.cursor.execute(query, args)
           ~~~~~~~~~~~~~~~~~~~^^^^^^^^^^^^^
  File "C:\Users\C4S\AppData\Local\Python\pythoncore-3.14-64\Lib\site-packages\MySQLdb\cursors.py", line 179, in execute
    res = self._query(mogrified_query)
  File "C:\Users\C4S\AppData\Local\Python\pythoncore-3.14-64\Lib\site-packages\MySQLdb\cursors.py", line 330, in _query
    db.query(q)
    ~~~~~~~~^^^
  File "C:\Users\C4S\AppData\Local\Python\pythoncore-3.14-64\Lib\site-packages\MySQLdb\connections.py", line 286, in query
    _mysql.connection.query(self, query)
    ~~~~~~~~~~~~~~~~~~~~~~~^^^^^^^^^^^^^
django.db.utils.OperationalError: (1054, "Unknown column 'quality_reviews.copyright_compliance' in 'field list'")
"POST /reviews/submit-checker/ HTTP/1.1" 500 191888
"POST /reviews/submit-checker/ HTTP/1.1" 500 191888
C:\abay_repository\reviews\models.py changed, reloading.
C:\abay_repository\reviews\models.py changed, reloading.
Watching for file changes with StatReloader
Watching for file changes with StatReloader
C:\abay_repository\reviews\models.py changed, reloading.
C:\abay_repository\reviews\models.py changed, reloading.
Watching for file changes with StatReloader
Watching for file changes with StatReloader
C:\abay_repository\reviews\views.py changed, reloading.
C:\abay_repository\reviews\views.py changed, reloading.
Watching for file changes with StatReloader
Watching for file changes with StatReloader
Internal Server Error: /reviews/submit-checker/
Traceback (most recent call last):
  File "C:\Users\C4S\AppData\Local\Python\pythoncore-3.14-64\Lib\site-packages\django\db\backends\utils.py", line 105, in _execute
    return self.cursor.execute(sql, params)
           ~~~~~~~~~~~~~~~~~~~^^^^^^^^^^^^^
  File "C:\Users\C4S\AppData\Local\Python\pythoncore-3.14-64\Lib\site-packages\django\db\backends\mysql\base.py", line 76, in execute
    return self.cursor.execute(query, args)
           ~~~~~~~~~~~~~~~~~~~^^^^^^^^^^^^^
  File "C:\Users\C4S\AppData\Local\Python\pythoncore-3.14-64\Lib\site-packages\MySQLdb\cursors.py", line 179, in execute
    res = self._query(mogrified_query)
  File "C:\Users\C4S\AppData\Local\Python\pythoncore-3.14-64\Lib\site-packages\MySQLdb\cursors.py", line 330, in _query
    db.query(q)
    ~~~~~~~~^^^
  File "C:\Users\C4S\AppData\Local\Python\pythoncore-3.14-64\Lib\site-packages\MySQLdb\connections.py", line 286, in query
    _mysql.connection.query(self, query)
    ~~~~~~~~~~~~~~~~~~~~~~~^^^^^^^^^^^^^
MySQLdb.OperationalError: (1054, "Unknown column 'quality_reviews.recommendation' in 'field list'")

The above exception was the direct cause of the following exception:

Traceback (most recent call last):
  File "C:\Users\C4S\AppData\Local\Python\pythoncore-3.14-64\Lib\site-packages\django\core\handlers\exception.py", line 55, in inner
    response = get_response(request)
  File "C:\Users\C4S\AppData\Local\Python\pythoncore-3.14-64\Lib\site-packages\django\core\handlers\base.py", line 197, in _get_response
    response = wrapped_callback(request, *callback_args, **callback_kwargs)
  File "C:\Users\C4S\AppData\Local\Python\pythoncore-3.14-64\Lib\site-packages\django\contrib\auth\decorators.py", line 23, in _wrapper_view
    return view_func(request, *args, **kwargs)
  File "C:\abay_repository\reviews\views.py", line 49, in submit_checker_review
    review, created = QualityReview.objects.update_or_create(
                      ~~~~~~~~~~~~~~~~~~~~~~~~~~~~~~~~~~~~~~^
        book=book,
        ^^^^^^^^^^
    ...<11 lines>...
        }
        ^
    )
    ^
  File "C:\Users\C4S\AppData\Local\Python\pythoncore-3.14-64\Lib\site-packages\django\db\models\manager.py", line 87, in manager_method
    return getattr(self.get_queryset(), name)(*args, **kwargs)
           ~~~~~~~~~~~~~~~~~~~~~~~~~~~~~~~~~~^^^^^^^^^^^^^^^^^
  File "C:\Users\C4S\AppData\Local\Python\pythoncore-3.14-64\Lib\site-packages\django\db\models\query.py", line 986, in update_or_create
    obj, created = self.select_for_update().get_or_create(
                   ~~~~~~~~~~~~~~~~~~~~~~~~~~~~~~~~~~~~~~^
        create_defaults, **kwargs
        ^^^^^^^^^^^^^^^^^^^^^^^^^
    )
    ^
  File "C:\Users\C4S\AppData\Local\Python\pythoncore-3.14-64\Lib\site-packages\django\db\models\query.py", line 948, in get_or_create
    return self.get(**kwargs), False
           ~~~~~~~~^^^^^^^^^^
  File "C:\Users\C4S\AppData\Local\Python\pythoncore-3.14-64\Lib\site-packages\django\db\models\query.py", line 645, in get
    num = len(clone)
  File "C:\Users\C4S\AppData\Local\Python\pythoncore-3.14-64\Lib\site-packages\django\db\models\query.py", line 382, in __len__
    self._fetch_all()
    ~~~~~~~~~~~~~~~^^
  File "C:\Users\C4S\AppData\Local\Python\pythoncore-3.14-64\Lib\site-packages\django\db\models\query.py", line 1928, in _fetch_all
    self._result_cache = list(self._iterable_class(self))
                         ~~~~^^^^^^^^^^^^^^^^^^^^^^^^^^^^
  File "C:\Users\C4S\AppData\Local\Python\pythoncore-3.14-64\Lib\site-packages\django\db\models\query.py", line 91, in __iter__
    results = compiler.execute_sql(
        chunked_fetch=self.chunked_fetch, chunk_size=self.chunk_size
    )
  File "C:\Users\C4S\AppData\Local\Python\pythoncore-3.14-64\Lib\site-packages\django\db\models\sql\compiler.py", line 1562, in execute_sql
    cursor.execute(sql, params)
    ~~~~~~~~~~~~~~^^^^^^^^^^^^^
  File "C:\Users\C4S\AppData\Local\Python\pythoncore-3.14-64\Lib\site-packages\django\db\backends\utils.py", line 122, in execute
    return super().execute(sql, params)
           ~~~~~~~~~~~~~~~^^^^^^^^^^^^^
  File "C:\Users\C4S\AppData\Local\Python\pythoncore-3.14-64\Lib\site-packages\django\db\backends\utils.py", line 79, in execute
    return self._execute_with_wrappers(
           ~~~~~~~~~~~~~~~~~~~~~~~~~~~^
        sql, params, many=False, executor=self._execute
        ^^^^^^^^^^^^^^^^^^^^^^^^^^^^^^^^^^^^^^^^^^^^^^^
    )
    ^
  File "C:\Users\C4S\AppData\Local\Python\pythoncore-3.14-64\Lib\site-packages\django\db\backends\utils.py", line 92, in _execute_with_wrappers
    return executor(sql, params, many, context)
  File "C:\Users\C4S\AppData\Local\Python\pythoncore-3.14-64\Lib\site-packages\django\db\backends\utils.py", line 100, in _execute
    with self.db.wrap_database_errors:
         ^^^^^^^^^^^^^^^^^^^^^^^^^^^^
  File "C:\Users\C4S\AppData\Local\Python\pythoncore-3.14-64\Lib\site-packages\django\db\utils.py", line 91, in __exit__
    raise dj_exc_value.with_traceback(traceback) from exc_value
  File "C:\Users\C4S\AppData\Local\Python\pythoncore-3.14-64\Lib\site-packages\django\db\backends\utils.py", line 105, in _execute
    return self.cursor.execute(sql, params)
           ~~~~~~~~~~~~~~~~~~~^^^^^^^^^^^^^
  File "C:\Users\C4S\AppData\Local\Python\pythoncore-3.14-64\Lib\site-packages\django\db\backends\mysql\base.py", line 76, in execute
    return self.cursor.execute(query, args)
           ~~~~~~~~~~~~~~~~~~~^^^^^^^^^^^^^
  File "C:\Users\C4S\AppData\Local\Python\pythoncore-3.14-64\Lib\site-packages\MySQLdb\cursors.py", line 179, in execute
    res = self._query(mogrified_query)
  File "C:\Users\C4S\AppData\Local\Python\pythoncore-3.14-64\Lib\site-packages\MySQLdb\cursors.py", line 330, in _query
    db.query(q)
    ~~~~~~~~^^^
  File "C:\Users\C4S\AppData\Local\Python\pythoncore-3.14-64\Lib\site-packages\MySQLdb\connections.py", line 286, in query
    _mysql.connection.query(self, query)
    ~~~~~~~~~~~~~~~~~~~~~~~^^^^^^^^^^^^^
django.db.utils.OperationalError: (1054, "Unknown column 'quality_reviews.recommendation' in 'field list'")
Internal Server Error: /reviews/submit-checker/
Traceback (most recent call last):
  File "C:\Users\C4S\AppData\Local\Python\pythoncore-3.14-64\Lib\site-packages\django\db\backends\utils.py", line 105, in _execute
    return self.cursor.execute(sql, params)
           ~~~~~~~~~~~~~~~~~~~^^^^^^^^^^^^^
  File "C:\Users\C4S\AppData\Local\Python\pythoncore-3.14-64\Lib\site-packages\django\db\backends\mysql\base.py", line 76, in execute
    return self.cursor.execute(query, args)
           ~~~~~~~~~~~~~~~~~~~^^^^^^^^^^^^^
  File "C:\Users\C4S\AppData\Local\Python\pythoncore-3.14-64\Lib\site-packages\MySQLdb\cursors.py", line 179, in execute
    res = self._query(mogrified_query)
  File "C:\Users\C4S\AppData\Local\Python\pythoncore-3.14-64\Lib\site-packages\MySQLdb\cursors.py", line 330, in _query
    db.query(q)
    ~~~~~~~~^^^
  File "C:\Users\C4S\AppData\Local\Python\pythoncore-3.14-64\Lib\site-packages\MySQLdb\connections.py", line 286, in query
    _mysql.connection.query(self, query)
    ~~~~~~~~~~~~~~~~~~~~~~~^^^^^^^^^^^^^
MySQLdb.OperationalError: (1054, "Unknown column 'quality_reviews.recommendation' in 'field list'")

The above exception was the direct cause of the following exception:

Traceback (most recent call last):
  File "C:\Users\C4S\AppData\Local\Python\pythoncore-3.14-64\Lib\site-packages\django\core\handlers\exception.py", line 55, in inner
    response = get_response(request)
  File "C:\Users\C4S\AppData\Local\Python\pythoncore-3.14-64\Lib\site-packages\django\core\handlers\base.py", line 197, in _get_response
    response = wrapped_callback(request, *callback_args, **callback_kwargs)
  File "C:\Users\C4S\AppData\Local\Python\pythoncore-3.14-64\Lib\site-packages\django\contrib\auth\decorators.py", line 23, in _wrapper_view
    return view_func(request, *args, **kwargs)
  File "C:\abay_repository\reviews\views.py", line 49, in submit_checker_review
    review, created = QualityReview.objects.update_or_create(
                      ~~~~~~~~~~~~~~~~~~~~~~~~~~~~~~~~~~~~~~^
        book=book,
        ^^^^^^^^^^
    ...<11 lines>...
        }
        ^
    )
    ^
  File "C:\Users\C4S\AppData\Local\Python\pythoncore-3.14-64\Lib\site-packages\django\db\models\manager.py", line 87, in manager_method
    return getattr(self.get_queryset(), name)(*args, **kwargs)
           ~~~~~~~~~~~~~~~~~~~~~~~~~~~~~~~~~~^^^^^^^^^^^^^^^^^
  File "C:\Users\C4S\AppData\Local\Python\pythoncore-3.14-64\Lib\site-packages\django\db\models\query.py", line 986, in update_or_create
    obj, created = self.select_for_update().get_or_create(
                   ~~~~~~~~~~~~~~~~~~~~~~~~~~~~~~~~~~~~~~^
        create_defaults, **kwargs
        ^^^^^^^^^^^^^^^^^^^^^^^^^
    )
    ^
  File "C:\Users\C4S\AppData\Local\Python\pythoncore-3.14-64\Lib\site-packages\django\db\models\query.py", line 948, in get_or_create
    return self.get(**kwargs), False
           ~~~~~~~~^^^^^^^^^^
  File "C:\Users\C4S\AppData\Local\Python\pythoncore-3.14-64\Lib\site-packages\django\db\models\query.py", line 645, in get
    num = len(clone)
  File "C:\Users\C4S\AppData\Local\Python\pythoncore-3.14-64\Lib\site-packages\django\db\models\query.py", line 382, in __len__
    self._fetch_all()
    ~~~~~~~~~~~~~~~^^
  File "C:\Users\C4S\AppData\Local\Python\pythoncore-3.14-64\Lib\site-packages\django\db\models\query.py", line 1928, in _fetch_all
    self._result_cache = list(self._iterable_class(self))
                         ~~~~^^^^^^^^^^^^^^^^^^^^^^^^^^^^
  File "C:\Users\C4S\AppData\Local\Python\pythoncore-3.14-64\Lib\site-packages\django\db\models\query.py", line 91, in __iter__
    results = compiler.execute_sql(
        chunked_fetch=self.chunked_fetch, chunk_size=self.chunk_size
    )
  File "C:\Users\C4S\AppData\Local\Python\pythoncore-3.14-64\Lib\site-packages\django\db\models\sql\compiler.py", line 1562, in execute_sql
    cursor.execute(sql, params)
    ~~~~~~~~~~~~~~^^^^^^^^^^^^^
  File "C:\Users\C4S\AppData\Local\Python\pythoncore-3.14-64\Lib\site-packages\django\db\backends\utils.py", line 122, in execute
    return super().execute(sql, params)
           ~~~~~~~~~~~~~~~^^^^^^^^^^^^^
  File "C:\Users\C4S\AppData\Local\Python\pythoncore-3.14-64\Lib\site-packages\django\db\backends\utils.py", line 79, in execute
    return self._execute_with_wrappers(
           ~~~~~~~~~~~~~~~~~~~~~~~~~~~^
        sql, params, many=False, executor=self._execute
        ^^^^^^^^^^^^^^^^^^^^^^^^^^^^^^^^^^^^^^^^^^^^^^^
    )
    ^
  File "C:\Users\C4S\AppData\Local\Python\pythoncore-3.14-64\Lib\site-packages\django\db\backends\utils.py", line 92, in _execute_with_wrappers
    return executor(sql, params, many, context)
  File "C:\Users\C4S\AppData\Local\Python\pythoncore-3.14-64\Lib\site-packages\django\db\backends\utils.py", line 100, in _execute
    with self.db.wrap_database_errors:
         ^^^^^^^^^^^^^^^^^^^^^^^^^^^^
  File "C:\Users\C4S\AppData\Local\Python\pythoncore-3.14-64\Lib\site-packages\django\db\utils.py", line 91, in __exit__
    raise dj_exc_value.with_traceback(traceback) from exc_value
  File "C:\Users\C4S\AppData\Local\Python\pythoncore-3.14-64\Lib\site-packages\django\db\backends\utils.py", line 105, in _execute
    return self.cursor.execute(sql, params)
           ~~~~~~~~~~~~~~~~~~~^^^^^^^^^^^^^
  File "C:\Users\C4S\AppData\Local\Python\pythoncore-3.14-64\Lib\site-packages\django\db\backends\mysql\base.py", line 76, in execute
    return self.cursor.execute(query, args)
           ~~~~~~~~~~~~~~~~~~~^^^^^^^^^^^^^
  File "C:\Users\C4S\AppData\Local\Python\pythoncore-3.14-64\Lib\site-packages\MySQLdb\cursors.py", line 179, in execute
    res = self._query(mogrified_query)
  File "C:\Users\C4S\AppData\Local\Python\pythoncore-3.14-64\Lib\site-packages\MySQLdb\cursors.py", line 330, in _query
    db.query(q)
    ~~~~~~~~^^^
  File "C:\Users\C4S\AppData\Local\Python\pythoncore-3.14-64\Lib\site-packages\MySQLdb\connections.py", line 286, in query
    _mysql.connection.query(self, query)
    ~~~~~~~~~~~~~~~~~~~~~~~^^^^^^^^^^^^^
django.db.utils.OperationalError: (1054, "Unknown column 'quality_reviews.recommendation' in 'field list'")
"POST /reviews/submit-checker/ HTTP/1.1" 500 191834
"POST /reviews/submit-checker/ HTTP/1.1" 500 191834
"GET /dashboard/checker/ HTTP/1.1" 200 21147
"GET /dashboard/checker/ HTTP/1.1" 200 21147
"GET / HTTP/1.1" 200 36717
"GET / HTTP/1.1" 200 36717
Not Found: /media/covers/african_leadership.jpg
Not Found: /media/covers/african_leadership.jpg
Not Found: /media/covers/ethiopian_cooking.jpg
Not Found: /media/covers/ethiopian_cooking.jpg
"GET /media/covers/african_leadership.jpg HTTP/1.1" 404 3788
"GET /media/covers/african_leadership.jpg HTTP/1.1" 404 3788
"GET /media/covers/ethiopian_cooking.jpg HTTP/1.1" 404 3784
Not Found: /media/covers/digital_marketing.jpg
"GET /media/covers/ethiopian_cooking.jpg HTTP/1.1" 404 3784
Not Found: /media/covers/digital_marketing.jpg
"GET /media/covers/digital_marketing.jpg HTTP/1.1" 404 3784
"GET /media/covers/digital_marketing.jpg HTTP/1.1" 404 3784
Not Found: /media/covers/ethiopian_culture.jpg
Not Found: /media/covers/ethiopian_culture.jpg
Not Found: /media/covers/entrepreneurship.jpg
Not Found: /media/covers/entrepreneurship.jpg
"GET /media/covers/ethiopian_culture.jpg HTTP/1.1" 404 3784
"GET /media/covers/entrepreneurship.jpg HTTP/1.1" 404 3780
Not Found: /media/covers/modern_fiction.jpg
Not Found: /media/covers/modern_fiction.jpg
"GET /media/covers/entrepreneurship.jpg HTTP/1.1" 404 3780
"GET /media/covers/ethiopian_culture.jpg HTTP/1.1" 404 3784
"GET /media/covers/modern_fiction.jpg HTTP/1.1" 404 3772
"GET /media/covers/modern_fiction.jpg HTTP/1.1" 404 3772
Not Found: /media/covers/amharic_poetry.jpg
Not Found: /media/covers/amharic_poetry.jpg
Not Found: /media/covers/ethiopia_history.jpg
Not Found: /media/covers/ethiopia_history.jpg
"GET /media/covers/amharic_poetry.jpg HTTP/1.1" 404 3772
"GET /media/covers/amharic_poetry.jpg HTTP/1.1" 404 3772
"GET /media/covers/ethiopia_history.jpg HTTP/1.1" 404 3780
"GET /media/covers/ethiopia_history.jpg HTTP/1.1" 404 3780
"GET /dashboard/redirect/ HTTP/1.1" 302 0
"GET /dashboard/redirect/ HTTP/1.1" 302 0
"GET /dashboard/checker/ HTTP/1.1" 200 21147
"GET /dashboard/checker/ HTTP/1.1" 200 21147
"GET /dashboard/redirect/ HTTP/1.1" 302 0
"GET /dashboard/redirect/ HTTP/1.1" 302 0
Internal Server Error: /dashboard/checker/
Traceback (most recent call last):
  File "C:\Users\C4S\AppData\Local\Python\pythoncore-3.14-64\Lib\site-packages\django\db\backends\utils.py", line 105, in _execute
    return self.cursor.execute(sql, params)
           ~~~~~~~~~~~~~~~~~~~^^^^^^^^^^^^^
  File "C:\Users\C4S\AppData\Local\Python\pythoncore-3.14-64\Lib\site-packages\django\db\backends\mysql\base.py", line 76, in execute
    return self.cursor.execute(query, args)
           ~~~~~~~~~~~~~~~~~~~^^^^^^^^^^^^^
  File "C:\Users\C4S\AppData\Local\Python\pythoncore-3.14-64\Lib\site-packages\MySQLdb\cursors.py", line 179, in execute
    res = self._query(mogrified_query)
  File "C:\Users\C4S\AppData\Local\Python\pythoncore-3.14-64\Lib\site-packages\MySQLdb\cursors.py", line 330, in _query
    db.query(q)
    ~~~~~~~~^^^
  File "C:\Users\C4S\AppData\Local\Python\pythoncore-3.14-64\Lib\site-packages\MySQLdb\connections.py", line 286, in query
    _mysql.connection.query(self, query)
    ~~~~~~~~~~~~~~~~~~~~~~~^^^^^^^^^^^^^
MySQLdb.OperationalError: (1054, "Unknown column 'quality_reviews.recommendation' in 'field list'")

The above exception was the direct cause of the following exception:

Traceback (most recent call last):
  File "C:\Users\C4S\AppData\Local\Python\pythoncore-3.14-64\Lib\site-packages\django\core\handlers\exception.py", line 55, in inner
    response = get_response(request)
  File "C:\Users\C4S\AppData\Local\Python\pythoncore-3.14-64\Lib\site-packages\django\core\handlers\base.py", line 197, in _get_response
    response = wrapped_callback(request, *callback_args, **callback_kwargs)
  File "C:\Users\C4S\AppData\Local\Python\pythoncore-3.14-64\Lib\site-packages\django\contrib\auth\decorators.py", line 23, in _wrapper_view
    return view_func(request, *args, **kwargs)
  File "C:\abay_repository\dashboard\views.py", line 217, in checker_dashboard
    return render(request, 'dashboard/checker_dashboard.html', context)
  File "C:\Users\C4S\AppData\Local\Python\pythoncore-3.14-64\Lib\site-packages\django\shortcuts.py", line 25, in render
    content = loader.render_to_string(template_name, context, request, using=using)
  File "C:\Users\C4S\AppData\Local\Python\pythoncore-3.14-64\Lib\site-packages\django\template\loader.py", line 62, in render_to_string
    return template.render(context, request)
           ~~~~~~~~~~~~~~~^^^^^^^^^^^^^^^^^^
  File "C:\Users\C4S\AppData\Local\Python\pythoncore-3.14-64\Lib\site-packages\django\template\backends\django.py", line 61, in render
    return self.template.render(context)
           ~~~~~~~~~~~~~~~~~~~~^^^^^^^^^
  File "C:\Users\C4S\AppData\Local\Python\pythoncore-3.14-64\Lib\site-packages\django\template\base.py", line 171, in render
    return self._render(context)
           ~~~~~~~~~~~~^^^^^^^^^
  File "C:\Users\C4S\AppData\Local\Python\pythoncore-3.14-64\Lib\site-packages\django\template\base.py", line 163, in _render
    return self.nodelist.render(context)
           ~~~~~~~~~~~~~~~~~~~~^^^^^^^^^
  File "C:\Users\C4S\AppData\Local\Python\pythoncore-3.14-64\Lib\site-packages\django\template\base.py", line 1000, in render
    return SafeString("".join([node.render_annotated(context) for node in self]))
                               ~~~~~~~~~~~~~~~~~~~~~^^^^^^^^^
  File "C:\Users\C4S\AppData\Local\Python\pythoncore-3.14-64\Lib\site-packages\django\template\base.py", line 961, in render_annotated
    return self.render(context)
           ~~~~~~~~~~~^^^^^^^^^
  File "C:\Users\C4S\AppData\Local\Python\pythoncore-3.14-64\Lib\site-packages\django\template\loader_tags.py", line 159, in render
    return compiled_parent._render(context)
           ~~~~~~~~~~~~~~~~~~~~~~~^^^^^^^^^
  File "C:\Users\C4S\AppData\Local\Python\pythoncore-3.14-64\Lib\site-packages\django\template\base.py", line 163, in _render
    return self.nodelist.render(context)
           ~~~~~~~~~~~~~~~~~~~~^^^^^^^^^
  File "C:\Users\C4S\AppData\Local\Python\pythoncore-3.14-64\Lib\site-packages\django\template\base.py", line 1000, in render
    return SafeString("".join([node.render_annotated(context) for node in self]))
                               ~~~~~~~~~~~~~~~~~~~~~^^^^^^^^^
  File "C:\Users\C4S\AppData\Local\Python\pythoncore-3.14-64\Lib\site-packages\django\template\base.py", line 961, in render_annotated
    return self.render(context)
           ~~~~~~~~~~~^^^^^^^^^
  File "C:\Users\C4S\AppData\Local\Python\pythoncore-3.14-64\Lib\site-packages\django\template\loader_tags.py", line 65, in render
    result = block.nodelist.render(context)
  File "C:\Users\C4S\AppData\Local\Python\pythoncore-3.14-64\Lib\site-packages\django\template\base.py", line 1000, in render
    return SafeString("".join([node.render_annotated(context) for node in self]))
                               ~~~~~~~~~~~~~~~~~~~~~^^^^^^^^^
  File "C:\Users\C4S\AppData\Local\Python\pythoncore-3.14-64\Lib\site-packages\django\template\base.py", line 961, in render_annotated
    return self.render(context)
           ~~~~~~~~~~~^^^^^^^^^
  File "C:\Users\C4S\AppData\Local\Python\pythoncore-3.14-64\Lib\site-packages\django\template\defaulttags.py", line 325, in render
    if match:
       ^^^^^
  File "C:\Users\C4S\AppData\Local\Python\pythoncore-3.14-64\Lib\site-packages\django\db\models\query.py", line 414, in __bool__
    self._fetch_all()
    ~~~~~~~~~~~~~~~^^
  File "C:\Users\C4S\AppData\Local\Python\pythoncore-3.14-64\Lib\site-packages\django\db\models\query.py", line 1928, in _fetch_all
    self._result_cache = list(self._iterable_class(self))
                         ~~~~^^^^^^^^^^^^^^^^^^^^^^^^^^^^
  File "C:\Users\C4S\AppData\Local\Python\pythoncore-3.14-64\Lib\site-packages\django\db\models\query.py", line 91, in __iter__
    results = compiler.execute_sql(
        chunked_fetch=self.chunked_fetch, chunk_size=self.chunk_size
    )
  File "C:\Users\C4S\AppData\Local\Python\pythoncore-3.14-64\Lib\site-packages\django\db\models\sql\compiler.py", line 1562, in execute_sql
    cursor.execute(sql, params)
    ~~~~~~~~~~~~~~^^^^^^^^^^^^^
  File "C:\Users\C4S\AppData\Local\Python\pythoncore-3.14-64\Lib\site-packages\django\db\backends\utils.py", line 122, in execute
    return super().execute(sql, params)
           ~~~~~~~~~~~~~~~^^^^^^^^^^^^^
  File "C:\Users\C4S\AppData\Local\Python\pythoncore-3.14-64\Lib\site-packages\django\db\backends\utils.py", line 79, in execute
    return self._execute_with_wrappers(
           ~~~~~~~~~~~~~~~~~~~~~~~~~~~^
        sql, params, many=False, executor=self._execute
        ^^^^^^^^^^^^^^^^^^^^^^^^^^^^^^^^^^^^^^^^^^^^^^^
    )
    ^
  File "C:\Users\C4S\AppData\Local\Python\pythoncore-3.14-64\Lib\site-packages\django\db\backends\utils.py", line 92, in _execute_with_wrappers
    return executor(sql, params, many, context)
  File "C:\Users\C4S\AppData\Local\Python\pythoncore-3.14-64\Lib\site-packages\django\db\backends\utils.py", line 100, in _execute
    with self.db.wrap_database_errors:
         ^^^^^^^^^^^^^^^^^^^^^^^^^^^^
  File "C:\Users\C4S\AppData\Local\Python\pythoncore-3.14-64\Lib\site-packages\django\db\utils.py", line 91, in __exit__
    raise dj_exc_value.with_traceback(traceback) from exc_value
  File "C:\Users\C4S\AppData\Local\Python\pythoncore-3.14-64\Lib\site-packages\django\db\backends\utils.py", line 105, in _execute
    return self.cursor.execute(sql, params)
           ~~~~~~~~~~~~~~~~~~~^^^^^^^^^^^^^
  File "C:\Users\C4S\AppData\Local\Python\pythoncore-3.14-64\Lib\site-packages\django\db\backends\mysql\base.py", line 76, in execute
    return self.cursor.execute(query, args)
           ~~~~~~~~~~~~~~~~~~~^^^^^^^^^^^^^
  File "C:\Users\C4S\AppData\Local\Python\pythoncore-3.14-64\Lib\site-packages\MySQLdb\cursors.py", line 179, in execute
    res = self._query(mogrified_query)
  File "C:\Users\C4S\AppData\Local\Python\pythoncore-3.14-64\Lib\site-packages\MySQLdb\cursors.py", line 330, in _query
    db.query(q)
    ~~~~~~~~^^^
  File "C:\Users\C4S\AppData\Local\Python\pythoncore-3.14-64\Lib\site-packages\MySQLdb\connections.py", line 286, in query
    _mysql.connection.query(self, query)
    ~~~~~~~~~~~~~~~~~~~~~~~^^^^^^^^^^^^^
django.db.utils.OperationalError: (1054, "Unknown column 'quality_reviews.recommendation' in 'field list'")
Internal Server Error: /dashboard/checker/
Traceback (most recent call last):
  File "C:\Users\C4S\AppData\Local\Python\pythoncore-3.14-64\Lib\site-packages\django\db\backends\utils.py", line 105, in _execute
    return self.cursor.execute(sql, params)
           ~~~~~~~~~~~~~~~~~~~^^^^^^^^^^^^^
  File "C:\Users\C4S\AppData\Local\Python\pythoncore-3.14-64\Lib\site-packages\django\db\backends\mysql\base.py", line 76, in execute
    return self.cursor.execute(query, args)
           ~~~~~~~~~~~~~~~~~~~^^^^^^^^^^^^^
  File "C:\Users\C4S\AppData\Local\Python\pythoncore-3.14-64\Lib\site-packages\MySQLdb\cursors.py", line 179, in execute
    res = self._query(mogrified_query)
  File "C:\Users\C4S\AppData\Local\Python\pythoncore-3.14-64\Lib\site-packages\MySQLdb\cursors.py", line 330, in _query
    db.query(q)
    ~~~~~~~~^^^
  File "C:\Users\C4S\AppData\Local\Python\pythoncore-3.14-64\Lib\site-packages\MySQLdb\connections.py", line 286, in query
    _mysql.connection.query(self, query)
    ~~~~~~~~~~~~~~~~~~~~~~~^^^^^^^^^^^^^
MySQLdb.OperationalError: (1054, "Unknown column 'quality_reviews.recommendation' in 'field list'")

The above exception was the direct cause of the following exception:

Traceback (most recent call last):
  File "C:\Users\C4S\AppData\Local\Python\pythoncore-3.14-64\Lib\site-packages\django\core\handlers\exception.py", line 55, in inner
    response = get_response(request)
  File "C:\Users\C4S\AppData\Local\Python\pythoncore-3.14-64\Lib\site-packages\django\core\handlers\base.py", line 197, in _get_response
    response = wrapped_callback(request, *callback_args, **callback_kwargs)
  File "C:\Users\C4S\AppData\Local\Python\pythoncore-3.14-64\Lib\site-packages\django\contrib\auth\decorators.py", line 23, in _wrapper_view
    return view_func(request, *args, **kwargs)
  File "C:\abay_repository\dashboard\views.py", line 217, in checker_dashboard
    return render(request, 'dashboard/checker_dashboard.html', context)
  File "C:\Users\C4S\AppData\Local\Python\pythoncore-3.14-64\Lib\site-packages\django\shortcuts.py", line 25, in render
    content = loader.render_to_string(template_name, context, request, using=using)
  File "C:\Users\C4S\AppData\Local\Python\pythoncore-3.14-64\Lib\site-packages\django\template\loader.py", line 62, in render_to_string
    return template.render(context, request)
           ~~~~~~~~~~~~~~~^^^^^^^^^^^^^^^^^^
  File "C:\Users\C4S\AppData\Local\Python\pythoncore-3.14-64\Lib\site-packages\django\template\backends\django.py", line 61, in render
    return self.template.render(context)
           ~~~~~~~~~~~~~~~~~~~~^^^^^^^^^
  File "C:\Users\C4S\AppData\Local\Python\pythoncore-3.14-64\Lib\site-packages\django\template\base.py", line 171, in render
    return self._render(context)
           ~~~~~~~~~~~~^^^^^^^^^
  File "C:\Users\C4S\AppData\Local\Python\pythoncore-3.14-64\Lib\site-packages\django\template\base.py", line 163, in _render
    return self.nodelist.render(context)
           ~~~~~~~~~~~~~~~~~~~~^^^^^^^^^
  File "C:\Users\C4S\AppData\Local\Python\pythoncore-3.14-64\Lib\site-packages\django\template\base.py", line 1000, in render
    return SafeString("".join([node.render_annotated(context) for node in self]))
                               ~~~~~~~~~~~~~~~~~~~~~^^^^^^^^^
  File "C:\Users\C4S\AppData\Local\Python\pythoncore-3.14-64\Lib\site-packages\django\template\base.py", line 961, in render_annotated
    return self.render(context)
           ~~~~~~~~~~~^^^^^^^^^
  File "C:\Users\C4S\AppData\Local\Python\pythoncore-3.14-64\Lib\site-packages\django\template\loader_tags.py", line 159, in render
    return compiled_parent._render(context)
           ~~~~~~~~~~~~~~~~~~~~~~~^^^^^^^^^
  File "C:\Users\C4S\AppData\Local\Python\pythoncore-3.14-64\Lib\site-packages\django\template\base.py", line 163, in _render
    return self.nodelist.render(context)
           ~~~~~~~~~~~~~~~~~~~~^^^^^^^^^
  File "C:\Users\C4S\AppData\Local\Python\pythoncore-3.14-64\Lib\site-packages\django\template\base.py", line 1000, in render
    return SafeString("".join([node.render_annotated(context) for node in self]))
                               ~~~~~~~~~~~~~~~~~~~~~^^^^^^^^^
  File "C:\Users\C4S\AppData\Local\Python\pythoncore-3.14-64\Lib\site-packages\django\template\base.py", line 961, in render_annotated
    return self.render(context)
           ~~~~~~~~~~~^^^^^^^^^
  File "C:\Users\C4S\AppData\Local\Python\pythoncore-3.14-64\Lib\site-packages\django\template\loader_tags.py", line 65, in render
    result = block.nodelist.render(context)
  File "C:\Users\C4S\AppData\Local\Python\pythoncore-3.14-64\Lib\site-packages\django\template\base.py", line 1000, in render
    return SafeString("".join([node.render_annotated(context) for node in self]))
                               ~~~~~~~~~~~~~~~~~~~~~^^^^^^^^^
  File "C:\Users\C4S\AppData\Local\Python\pythoncore-3.14-64\Lib\site-packages\django\template\base.py", line 961, in render_annotated
    return self.render(context)
           ~~~~~~~~~~~^^^^^^^^^
  File "C:\Users\C4S\AppData\Local\Python\pythoncore-3.14-64\Lib\site-packages\django\template\defaulttags.py", line 325, in render
    if match:
       ^^^^^
  File "C:\Users\C4S\AppData\Local\Python\pythoncore-3.14-64\Lib\site-packages\django\db\models\query.py", line 414, in __bool__
    self._fetch_all()
    ~~~~~~~~~~~~~~~^^
  File "C:\Users\C4S\AppData\Local\Python\pythoncore-3.14-64\Lib\site-packages\django\db\models\query.py", line 1928, in _fetch_all
    self._result_cache = list(self._iterable_class(self))
                         ~~~~^^^^^^^^^^^^^^^^^^^^^^^^^^^^
  File "C:\Users\C4S\AppData\Local\Python\pythoncore-3.14-64\Lib\site-packages\django\db\models\query.py", line 91, in __iter__
    results = compiler.execute_sql(
        chunked_fetch=self.chunked_fetch, chunk_size=self.chunk_size
    )
  File "C:\Users\C4S\AppData\Local\Python\pythoncore-3.14-64\Lib\site-packages\django\db\models\sql\compiler.py", line 1562, in execute_sql
    cursor.execute(sql, params)
    ~~~~~~~~~~~~~~^^^^^^^^^^^^^
  File "C:\Users\C4S\AppData\Local\Python\pythoncore-3.14-64\Lib\site-packages\django\db\backends\utils.py", line 122, in execute
    return super().execute(sql, params)
           ~~~~~~~~~~~~~~~^^^^^^^^^^^^^
  File "C:\Users\C4S\AppData\Local\Python\pythoncore-3.14-64\Lib\site-packages\django\db\backends\utils.py", line 79, in execute
    return self._execute_with_wrappers(
           ~~~~~~~~~~~~~~~~~~~~~~~~~~~^
        sql, params, many=False, executor=self._execute
        ^^^^^^^^^^^^^^^^^^^^^^^^^^^^^^^^^^^^^^^^^^^^^^^
    )
    ^
  File "C:\Users\C4S\AppData\Local\Python\pythoncore-3.14-64\Lib\site-packages\django\db\backends\utils.py", line 92, in _execute_with_wrappers
    return executor(sql, params, many, context)
  File "C:\Users\C4S\AppData\Local\Python\pythoncore-3.14-64\Lib\site-packages\django\db\backends\utils.py", line 100, in _execute
    with self.db.wrap_database_errors:
         ^^^^^^^^^^^^^^^^^^^^^^^^^^^^
  File "C:\Users\C4S\AppData\Local\Python\pythoncore-3.14-64\Lib\site-packages\django\db\utils.py", line 91, in __exit__
    raise dj_exc_value.with_traceback(traceback) from exc_value
  File "C:\Users\C4S\AppData\Local\Python\pythoncore-3.14-64\Lib\site-packages\django\db\backends\utils.py", line 105, in _execute
    return self.cursor.execute(sql, params)
           ~~~~~~~~~~~~~~~~~~~^^^^^^^^^^^^^
  File "C:\Users\C4S\AppData\Local\Python\pythoncore-3.14-64\Lib\site-packages\django\db\backends\mysql\base.py", line 76, in execute
    return self.cursor.execute(query, args)
           ~~~~~~~~~~~~~~~~~~~^^^^^^^^^^^^^
  File "C:\Users\C4S\AppData\Local\Python\pythoncore-3.14-64\Lib\site-packages\MySQLdb\cursors.py", line 179, in execute
    res = self._query(mogrified_query)
  File "C:\Users\C4S\AppData\Local\Python\pythoncore-3.14-64\Lib\site-packages\MySQLdb\cursors.py", line 330, in _query
    db.query(q)
    ~~~~~~~~^^^
  File "C:\Users\C4S\AppData\Local\Python\pythoncore-3.14-64\Lib\site-packages\MySQLdb\connections.py", line 286, in query
    _mysql.connection.query(self, query)
    ~~~~~~~~~~~~~~~~~~~~~~~^^^^^^^^^^^^^
django.db.utils.OperationalError: (1054, "Unknown column 'quality_reviews.recommendation' in 'field list'")
"GET /dashboard/checker/ HTTP/1.1" 500 252270
"GET /dashboard/checker/ HTTP/1.1" 500 252270
C:\abay_repository\reviews\models.py changed, reloading.
C:\abay_repository\reviews\models.py changed, reloading.
Watching for file changes with StatReloader
Watching for file changes with StatReloader
Internal Server Error: /dashboard/checker/
Traceback (most recent call last):
  File "C:\Users\C4S\AppData\Local\Python\pythoncore-3.14-64\Lib\site-packages\django\db\backends\utils.py", line 105, in _execute
    return self.cursor.execute(sql, params)
           ~~~~~~~~~~~~~~~~~~~^^^^^^^^^^^^^
  File "C:\Users\C4S\AppData\Local\Python\pythoncore-3.14-64\Lib\site-packages\django\db\backends\mysql\base.py", line 76, in execute
    return self.cursor.execute(query, args)
           ~~~~~~~~~~~~~~~~~~~^^^^^^^^^^^^^
  File "C:\Users\C4S\AppData\Local\Python\pythoncore-3.14-64\Lib\site-packages\MySQLdb\cursors.py", line 179, in execute
    res = self._query(mogrified_query)
  File "C:\Users\C4S\AppData\Local\Python\pythoncore-3.14-64\Lib\site-packages\MySQLdb\cursors.py", line 330, in _query
    db.query(q)
    ~~~~~~~~^^^
  File "C:\Users\C4S\AppData\Local\Python\pythoncore-3.14-64\Lib\site-packages\MySQLdb\connections.py", line 286, in query
    _mysql.connection.query(self, query)
    ~~~~~~~~~~~~~~~~~~~~~~~^^^^^^^^^^^^^
MySQLdb.OperationalError: (1054, "Unknown column 'quality_reviews.status' in 'field list'")

The above exception was the direct cause of the following exception:

Traceback (most recent call last):
  File "C:\Users\C4S\AppData\Local\Python\pythoncore-3.14-64\Lib\site-packages\django\core\handlers\exception.py", line 55, in inner
    response = get_response(request)
  File "C:\Users\C4S\AppData\Local\Python\pythoncore-3.14-64\Lib\site-packages\django\core\handlers\base.py", line 197, in _get_response
    response = wrapped_callback(request, *callback_args, **callback_kwargs)
  File "C:\Users\C4S\AppData\Local\Python\pythoncore-3.14-64\Lib\site-packages\django\contrib\auth\decorators.py", line 23, in _wrapper_view
    return view_func(request, *args, **kwargs)
  File "C:\abay_repository\dashboard\views.py", line 217, in checker_dashboard
    return render(request, 'dashboard/checker_dashboard.html', context)
  File "C:\Users\C4S\AppData\Local\Python\pythoncore-3.14-64\Lib\site-packages\django\shortcuts.py", line 25, in render
    content = loader.render_to_string(template_name, context, request, using=using)
  File "C:\Users\C4S\AppData\Local\Python\pythoncore-3.14-64\Lib\site-packages\django\template\loader.py", line 62, in render_to_string
    return template.render(context, request)
           ~~~~~~~~~~~~~~~^^^^^^^^^^^^^^^^^^
  File "C:\Users\C4S\AppData\Local\Python\pythoncore-3.14-64\Lib\site-packages\django\template\backends\django.py", line 61, in render
    return self.template.render(context)
           ~~~~~~~~~~~~~~~~~~~~^^^^^^^^^
  File "C:\Users\C4S\AppData\Local\Python\pythoncore-3.14-64\Lib\site-packages\django\template\base.py", line 171, in render
    return self._render(context)
           ~~~~~~~~~~~~^^^^^^^^^
  File "C:\Users\C4S\AppData\Local\Python\pythoncore-3.14-64\Lib\site-packages\django\template\base.py", line 163, in _render
    return self.nodelist.render(context)
           ~~~~~~~~~~~~~~~~~~~~^^^^^^^^^
  File "C:\Users\C4S\AppData\Local\Python\pythoncore-3.14-64\Lib\site-packages\django\template\base.py", line 1000, in render
    return SafeString("".join([node.render_annotated(context) for node in self]))
                               ~~~~~~~~~~~~~~~~~~~~~^^^^^^^^^
  File "C:\Users\C4S\AppData\Local\Python\pythoncore-3.14-64\Lib\site-packages\django\template\base.py", line 961, in render_annotated
    return self.render(context)
           ~~~~~~~~~~~^^^^^^^^^
  File "C:\Users\C4S\AppData\Local\Python\pythoncore-3.14-64\Lib\site-packages\django\template\loader_tags.py", line 159, in render
    return compiled_parent._render(context)
           ~~~~~~~~~~~~~~~~~~~~~~~^^^^^^^^^
  File "C:\Users\C4S\AppData\Local\Python\pythoncore-3.14-64\Lib\site-packages\django\template\base.py", line 163, in _render
    return self.nodelist.render(context)
           ~~~~~~~~~~~~~~~~~~~~^^^^^^^^^
  File "C:\Users\C4S\AppData\Local\Python\pythoncore-3.14-64\Lib\site-packages\django\template\base.py", line 1000, in render
    return SafeString("".join([node.render_annotated(context) for node in self]))
                               ~~~~~~~~~~~~~~~~~~~~~^^^^^^^^^
  File "C:\Users\C4S\AppData\Local\Python\pythoncore-3.14-64\Lib\site-packages\django\template\base.py", line 961, in render_annotated
    return self.render(context)
           ~~~~~~~~~~~^^^^^^^^^
  File "C:\Users\C4S\AppData\Local\Python\pythoncore-3.14-64\Lib\site-packages\django\template\loader_tags.py", line 65, in render
    result = block.nodelist.render(context)
  File "C:\Users\C4S\AppData\Local\Python\pythoncore-3.14-64\Lib\site-packages\django\template\base.py", line 1000, in render
    return SafeString("".join([node.render_annotated(context) for node in self]))
                               ~~~~~~~~~~~~~~~~~~~~~^^^^^^^^^
  File "C:\Users\C4S\AppData\Local\Python\pythoncore-3.14-64\Lib\site-packages\django\template\base.py", line 961, in render_annotated
    return self.render(context)
           ~~~~~~~~~~~^^^^^^^^^
  File "C:\Users\C4S\AppData\Local\Python\pythoncore-3.14-64\Lib\site-packages\django\template\defaulttags.py", line 325, in render
    if match:
       ^^^^^
  File "C:\Users\C4S\AppData\Local\Python\pythoncore-3.14-64\Lib\site-packages\django\db\models\query.py", line 414, in __bool__
    self._fetch_all()
    ~~~~~~~~~~~~~~~^^
  File "C:\Users\C4S\AppData\Local\Python\pythoncore-3.14-64\Lib\site-packages\django\db\models\query.py", line 1928, in _fetch_all
    self._result_cache = list(self._iterable_class(self))
                         ~~~~^^^^^^^^^^^^^^^^^^^^^^^^^^^^
  File "C:\Users\C4S\AppData\Local\Python\pythoncore-3.14-64\Lib\site-packages\django\db\models\query.py", line 91, in __iter__
    results = compiler.execute_sql(
        chunked_fetch=self.chunked_fetch, chunk_size=self.chunk_size
    )
  File "C:\Users\C4S\AppData\Local\Python\pythoncore-3.14-64\Lib\site-packages\django\db\models\sql\compiler.py", line 1562, in execute_sql
    cursor.execute(sql, params)
    ~~~~~~~~~~~~~~^^^^^^^^^^^^^
  File "C:\Users\C4S\AppData\Local\Python\pythoncore-3.14-64\Lib\site-packages\django\db\backends\utils.py", line 122, in execute
    return super().execute(sql, params)
           ~~~~~~~~~~~~~~~^^^^^^^^^^^^^
  File "C:\Users\C4S\AppData\Local\Python\pythoncore-3.14-64\Lib\site-packages\django\db\backends\utils.py", line 79, in execute
    return self._execute_with_wrappers(
           ~~~~~~~~~~~~~~~~~~~~~~~~~~~^
        sql, params, many=False, executor=self._execute
        ^^^^^^^^^^^^^^^^^^^^^^^^^^^^^^^^^^^^^^^^^^^^^^^
    )
    ^
  File "C:\Users\C4S\AppData\Local\Python\pythoncore-3.14-64\Lib\site-packages\django\db\backends\utils.py", line 92, in _execute_with_wrappers
    return executor(sql, params, many, context)
  File "C:\Users\C4S\AppData\Local\Python\pythoncore-3.14-64\Lib\site-packages\django\db\backends\utils.py", line 100, in _execute
    with self.db.wrap_database_errors:
         ^^^^^^^^^^^^^^^^^^^^^^^^^^^^
  File "C:\Users\C4S\AppData\Local\Python\pythoncore-3.14-64\Lib\site-packages\django\db\utils.py", line 91, in __exit__
    raise dj_exc_value.with_traceback(traceback) from exc_value
  File "C:\Users\C4S\AppData\Local\Python\pythoncore-3.14-64\Lib\site-packages\django\db\backends\utils.py", line 105, in _execute
    return self.cursor.execute(sql, params)
           ~~~~~~~~~~~~~~~~~~~^^^^^^^^^^^^^
  File "C:\Users\C4S\AppData\Local\Python\pythoncore-3.14-64\Lib\site-packages\django\db\backends\mysql\base.py", line 76, in execute
    return self.cursor.execute(query, args)
           ~~~~~~~~~~~~~~~~~~~^^^^^^^^^^^^^
  File "C:\Users\C4S\AppData\Local\Python\pythoncore-3.14-64\Lib\site-packages\MySQLdb\cursors.py", line 179, in execute
    res = self._query(mogrified_query)
  File "C:\Users\C4S\AppData\Local\Python\pythoncore-3.14-64\Lib\site-packages\MySQLdb\cursors.py", line 330, in _query
    db.query(q)
    ~~~~~~~~^^^
  File "C:\Users\C4S\AppData\Local\Python\pythoncore-3.14-64\Lib\site-packages\MySQLdb\connections.py", line 286, in query
    _mysql.connection.query(self, query)
    ~~~~~~~~~~~~~~~~~~~~~~~^^^^^^^^^^^^^
django.db.utils.OperationalError: (1054, "Unknown column 'quality_reviews.status' in 'field list'")
Internal Server Error: /dashboard/checker/
Traceback (most recent call last):
  File "C:\Users\C4S\AppData\Local\Python\pythoncore-3.14-64\Lib\site-packages\django\db\backends\utils.py", line 105, in _execute
    return self.cursor.execute(sql, params)
           ~~~~~~~~~~~~~~~~~~~^^^^^^^^^^^^^
  File "C:\Users\C4S\AppData\Local\Python\pythoncore-3.14-64\Lib\site-packages\django\db\backends\mysql\base.py", line 76, in execute
    return self.cursor.execute(query, args)
           ~~~~~~~~~~~~~~~~~~~^^^^^^^^^^^^^
  File "C:\Users\C4S\AppData\Local\Python\pythoncore-3.14-64\Lib\site-packages\MySQLdb\cursors.py", line 179, in execute
    res = self._query(mogrified_query)
  File "C:\Users\C4S\AppData\Local\Python\pythoncore-3.14-64\Lib\site-packages\MySQLdb\cursors.py", line 330, in _query
    db.query(q)
    ~~~~~~~~^^^
  File "C:\Users\C4S\AppData\Local\Python\pythoncore-3.14-64\Lib\site-packages\MySQLdb\connections.py", line 286, in query
    _mysql.connection.query(self, query)
    ~~~~~~~~~~~~~~~~~~~~~~~^^^^^^^^^^^^^
MySQLdb.OperationalError: (1054, "Unknown column 'quality_reviews.status' in 'field list'")

The above exception was the direct cause of the following exception:

Traceback (most recent call last):
  File "C:\Users\C4S\AppData\Local\Python\pythoncore-3.14-64\Lib\site-packages\django\core\handlers\exception.py", line 55, in inner
    response = get_response(request)
  File "C:\Users\C4S\AppData\Local\Python\pythoncore-3.14-64\Lib\site-packages\django\core\handlers\base.py", line 197, in _get_response
    response = wrapped_callback(request, *callback_args, **callback_kwargs)
  File "C:\Users\C4S\AppData\Local\Python\pythoncore-3.14-64\Lib\site-packages\django\contrib\auth\decorators.py", line 23, in _wrapper_view
    return view_func(request, *args, **kwargs)
  File "C:\abay_repository\dashboard\views.py", line 217, in checker_dashboard
    return render(request, 'dashboard/checker_dashboard.html', context)
  File "C:\Users\C4S\AppData\Local\Python\pythoncore-3.14-64\Lib\site-packages\django\shortcuts.py", line 25, in render
    content = loader.render_to_string(template_name, context, request, using=using)
  File "C:\Users\C4S\AppData\Local\Python\pythoncore-3.14-64\Lib\site-packages\django\template\loader.py", line 62, in render_to_string
    return template.render(context, request)
           ~~~~~~~~~~~~~~~^^^^^^^^^^^^^^^^^^
  File "C:\Users\C4S\AppData\Local\Python\pythoncore-3.14-64\Lib\site-packages\django\template\backends\django.py", line 61, in render
    return self.template.render(context)
           ~~~~~~~~~~~~~~~~~~~~^^^^^^^^^
  File "C:\Users\C4S\AppData\Local\Python\pythoncore-3.14-64\Lib\site-packages\django\template\base.py", line 171, in render
    return self._render(context)
           ~~~~~~~~~~~~^^^^^^^^^
  File "C:\Users\C4S\AppData\Local\Python\pythoncore-3.14-64\Lib\site-packages\django\template\base.py", line 163, in _render
    return self.nodelist.render(context)
           ~~~~~~~~~~~~~~~~~~~~^^^^^^^^^
  File "C:\Users\C4S\AppData\Local\Python\pythoncore-3.14-64\Lib\site-packages\django\template\base.py", line 1000, in render
    return SafeString("".join([node.render_annotated(context) for node in self]))
                               ~~~~~~~~~~~~~~~~~~~~~^^^^^^^^^
  File "C:\Users\C4S\AppData\Local\Python\pythoncore-3.14-64\Lib\site-packages\django\template\base.py", line 961, in render_annotated
    return self.render(context)
           ~~~~~~~~~~~^^^^^^^^^
  File "C:\Users\C4S\AppData\Local\Python\pythoncore-3.14-64\Lib\site-packages\django\template\loader_tags.py", line 159, in render
    return compiled_parent._render(context)
           ~~~~~~~~~~~~~~~~~~~~~~~^^^^^^^^^
  File "C:\Users\C4S\AppData\Local\Python\pythoncore-3.14-64\Lib\site-packages\django\template\base.py", line 163, in _render
    return self.nodelist.render(context)
           ~~~~~~~~~~~~~~~~~~~~^^^^^^^^^
  File "C:\Users\C4S\AppData\Local\Python\pythoncore-3.14-64\Lib\site-packages\django\template\base.py", line 1000, in render
    return SafeString("".join([node.render_annotated(context) for node in self]))
                               ~~~~~~~~~~~~~~~~~~~~~^^^^^^^^^
  File "C:\Users\C4S\AppData\Local\Python\pythoncore-3.14-64\Lib\site-packages\django\template\base.py", line 961, in render_annotated
    return self.render(context)
           ~~~~~~~~~~~^^^^^^^^^
  File "C:\Users\C4S\AppData\Local\Python\pythoncore-3.14-64\Lib\site-packages\django\template\loader_tags.py", line 65, in render
    result = block.nodelist.render(context)
  File "C:\Users\C4S\AppData\Local\Python\pythoncore-3.14-64\Lib\site-packages\django\template\base.py", line 1000, in render
    return SafeString("".join([node.render_annotated(context) for node in self]))
                               ~~~~~~~~~~~~~~~~~~~~~^^^^^^^^^
  File "C:\Users\C4S\AppData\Local\Python\pythoncore-3.14-64\Lib\site-packages\django\template\base.py", line 961, in render_annotated
    return self.render(context)
           ~~~~~~~~~~~^^^^^^^^^
  File "C:\Users\C4S\AppData\Local\Python\pythoncore-3.14-64\Lib\site-packages\django\template\defaulttags.py", line 325, in render
    if match:
       ^^^^^
  File "C:\Users\C4S\AppData\Local\Python\pythoncore-3.14-64\Lib\site-packages\django\db\models\query.py", line 414, in __bool__
    self._fetch_all()
    ~~~~~~~~~~~~~~~^^
  File "C:\Users\C4S\AppData\Local\Python\pythoncore-3.14-64\Lib\site-packages\django\db\models\query.py", line 1928, in _fetch_all
    self._result_cache = list(self._iterable_class(self))
                         ~~~~^^^^^^^^^^^^^^^^^^^^^^^^^^^^
  File "C:\Users\C4S\AppData\Local\Python\pythoncore-3.14-64\Lib\site-packages\django\db\models\query.py", line 91, in __iter__
    results = compiler.execute_sql(
        chunked_fetch=self.chunked_fetch, chunk_size=self.chunk_size
    )
  File "C:\Users\C4S\AppData\Local\Python\pythoncore-3.14-64\Lib\site-packages\django\db\models\sql\compiler.py", line 1562, in execute_sql
    cursor.execute(sql, params)
    ~~~~~~~~~~~~~~^^^^^^^^^^^^^
  File "C:\Users\C4S\AppData\Local\Python\pythoncore-3.14-64\Lib\site-packages\django\db\backends\utils.py", line 122, in execute
    return super().execute(sql, params)
           ~~~~~~~~~~~~~~~^^^^^^^^^^^^^
  File "C:\Users\C4S\AppData\Local\Python\pythoncore-3.14-64\Lib\site-packages\django\db\backends\utils.py", line 79, in execute
    return self._execute_with_wrappers(
           ~~~~~~~~~~~~~~~~~~~~~~~~~~~^
        sql, params, many=False, executor=self._execute
        ^^^^^^^^^^^^^^^^^^^^^^^^^^^^^^^^^^^^^^^^^^^^^^^
    )
    ^
  File "C:\Users\C4S\AppData\Local\Python\pythoncore-3.14-64\Lib\site-packages\django\db\backends\utils.py", line 92, in _execute_with_wrappers
    return executor(sql, params, many, context)
  File "C:\Users\C4S\AppData\Local\Python\pythoncore-3.14-64\Lib\site-packages\django\db\backends\utils.py", line 100, in _execute
    with self.db.wrap_database_errors:
         ^^^^^^^^^^^^^^^^^^^^^^^^^^^^
  File "C:\Users\C4S\AppData\Local\Python\pythoncore-3.14-64\Lib\site-packages\django\db\utils.py", line 91, in __exit__
    raise dj_exc_value.with_traceback(traceback) from exc_value
  File "C:\Users\C4S\AppData\Local\Python\pythoncore-3.14-64\Lib\site-packages\django\db\backends\utils.py", line 105, in _execute
    return self.cursor.execute(sql, params)
           ~~~~~~~~~~~~~~~~~~~^^^^^^^^^^^^^
  File "C:\Users\C4S\AppData\Local\Python\pythoncore-3.14-64\Lib\site-packages\django\db\backends\mysql\base.py", line 76, in execute
    return self.cursor.execute(query, args)
           ~~~~~~~~~~~~~~~~~~~^^^^^^^^^^^^^
  File "C:\Users\C4S\AppData\Local\Python\pythoncore-3.14-64\Lib\site-packages\MySQLdb\cursors.py", line 179, in execute
    res = self._query(mogrified_query)
  File "C:\Users\C4S\AppData\Local\Python\pythoncore-3.14-64\Lib\site-packages\MySQLdb\cursors.py", line 330, in _query
    db.query(q)
    ~~~~~~~~^^^
  File "C:\Users\C4S\AppData\Local\Python\pythoncore-3.14-64\Lib\site-packages\MySQLdb\connections.py", line 286, in query
    _mysql.connection.query(self, query)
    ~~~~~~~~~~~~~~~~~~~~~~~^^^^^^^^^^^^^
django.db.utils.OperationalError: (1054, "Unknown column 'quality_reviews.status' in 'field list'")
"GET /dashboard/checker/ HTTP/1.1" 500 252175
"GET /dashboard/checker/ HTTP/1.1" 500 252175
Internal Server Error: /dashboard/checker/
Traceback (most recent call last):
  File "C:\Users\C4S\AppData\Local\Python\pythoncore-3.14-64\Lib\site-packages\django\db\backends\utils.py", line 105, in _execute
    return self.cursor.execute(sql, params)
           ~~~~~~~~~~~~~~~~~~~^^^^^^^^^^^^^
  File "C:\Users\C4S\AppData\Local\Python\pythoncore-3.14-64\Lib\site-packages\django\db\backends\mysql\base.py", line 76, in execute
    return self.cursor.execute(query, args)
           ~~~~~~~~~~~~~~~~~~~^^^^^^^^^^^^^
  File "C:\Users\C4S\AppData\Local\Python\pythoncore-3.14-64\Lib\site-packages\MySQLdb\cursors.py", line 179, in execute
    res = self._query(mogrified_query)
  File "C:\Users\C4S\AppData\Local\Python\pythoncore-3.14-64\Lib\site-packages\MySQLdb\cursors.py", line 330, in _query
    db.query(q)
    ~~~~~~~~^^^
  File "C:\Users\C4S\AppData\Local\Python\pythoncore-3.14-64\Lib\site-packages\MySQLdb\connections.py", line 286, in query
    _mysql.connection.query(self, query)
    ~~~~~~~~~~~~~~~~~~~~~~~^^^^^^^^^^^^^
MySQLdb.OperationalError: (1054, "Unknown column 'quality_reviews.status' in 'field list'")

The above exception was the direct cause of the following exception:

Traceback (most recent call last):
  File "C:\Users\C4S\AppData\Local\Python\pythoncore-3.14-64\Lib\site-packages\django\core\handlers\exception.py", line 55, in inner
    response = get_response(request)
  File "C:\Users\C4S\AppData\Local\Python\pythoncore-3.14-64\Lib\site-packages\django\core\handlers\base.py", line 197, in _get_response
    response = wrapped_callback(request, *callback_args, **callback_kwargs)
  File "C:\Users\C4S\AppData\Local\Python\pythoncore-3.14-64\Lib\site-packages\django\contrib\auth\decorators.py", line 23, in _wrapper_view
    return view_func(request, *args, **kwargs)
  File "C:\abay_repository\dashboard\views.py", line 217, in checker_dashboard
    return render(request, 'dashboard/checker_dashboard.html', context)
  File "C:\Users\C4S\AppData\Local\Python\pythoncore-3.14-64\Lib\site-packages\django\shortcuts.py", line 25, in render
    content = loader.render_to_string(template_name, context, request, using=using)
  File "C:\Users\C4S\AppData\Local\Python\pythoncore-3.14-64\Lib\site-packages\django\template\loader.py", line 62, in render_to_string
    return template.render(context, request)
           ~~~~~~~~~~~~~~~^^^^^^^^^^^^^^^^^^
  File "C:\Users\C4S\AppData\Local\Python\pythoncore-3.14-64\Lib\site-packages\django\template\backends\django.py", line 61, in render
    return self.template.render(context)
           ~~~~~~~~~~~~~~~~~~~~^^^^^^^^^
  File "C:\Users\C4S\AppData\Local\Python\pythoncore-3.14-64\Lib\site-packages\django\template\base.py", line 171, in render
    return self._render(context)
           ~~~~~~~~~~~~^^^^^^^^^
  File "C:\Users\C4S\AppData\Local\Python\pythoncore-3.14-64\Lib\site-packages\django\template\base.py", line 163, in _render
    return self.nodelist.render(context)
           ~~~~~~~~~~~~~~~~~~~~^^^^^^^^^
  File "C:\Users\C4S\AppData\Local\Python\pythoncore-3.14-64\Lib\site-packages\django\template\base.py", line 1000, in render
    return SafeString("".join([node.render_annotated(context) for node in self]))
                               ~~~~~~~~~~~~~~~~~~~~~^^^^^^^^^
  File "C:\Users\C4S\AppData\Local\Python\pythoncore-3.14-64\Lib\site-packages\django\template\base.py", line 961, in render_annotated
    return self.render(context)
           ~~~~~~~~~~~^^^^^^^^^
  File "C:\Users\C4S\AppData\Local\Python\pythoncore-3.14-64\Lib\site-packages\django\template\loader_tags.py", line 159, in render
    return compiled_parent._render(context)
           ~~~~~~~~~~~~~~~~~~~~~~~^^^^^^^^^
  File "C:\Users\C4S\AppData\Local\Python\pythoncore-3.14-64\Lib\site-packages\django\template\base.py", line 163, in _render
    return self.nodelist.render(context)
           ~~~~~~~~~~~~~~~~~~~~^^^^^^^^^
  File "C:\Users\C4S\AppData\Local\Python\pythoncore-3.14-64\Lib\site-packages\django\template\base.py", line 1000, in render
    return SafeString("".join([node.render_annotated(context) for node in self]))
                               ~~~~~~~~~~~~~~~~~~~~~^^^^^^^^^
  File "C:\Users\C4S\AppData\Local\Python\pythoncore-3.14-64\Lib\site-packages\django\template\base.py", line 961, in render_annotated
    return self.render(context)
           ~~~~~~~~~~~^^^^^^^^^
  File "C:\Users\C4S\AppData\Local\Python\pythoncore-3.14-64\Lib\site-packages\django\template\loader_tags.py", line 65, in render
    result = block.nodelist.render(context)
  File "C:\Users\C4S\AppData\Local\Python\pythoncore-3.14-64\Lib\site-packages\django\template\base.py", line 1000, in render
    return SafeString("".join([node.render_annotated(context) for node in self]))
                               ~~~~~~~~~~~~~~~~~~~~~^^^^^^^^^
  File "C:\Users\C4S\AppData\Local\Python\pythoncore-3.14-64\Lib\site-packages\django\template\base.py", line 961, in render_annotated
    return self.render(context)
           ~~~~~~~~~~~^^^^^^^^^
  File "C:\Users\C4S\AppData\Local\Python\pythoncore-3.14-64\Lib\site-packages\django\template\defaulttags.py", line 325, in render
    if match:
       ^^^^^
  File "C:\Users\C4S\AppData\Local\Python\pythoncore-3.14-64\Lib\site-packages\django\db\models\query.py", line 414, in __bool__
    self._fetch_all()
    ~~~~~~~~~~~~~~~^^
  File "C:\Users\C4S\AppData\Local\Python\pythoncore-3.14-64\Lib\site-packages\django\db\models\query.py", line 1928, in _fetch_all
    self._result_cache = list(self._iterable_class(self))
                         ~~~~^^^^^^^^^^^^^^^^^^^^^^^^^^^^
  File "C:\Users\C4S\AppData\Local\Python\pythoncore-3.14-64\Lib\site-packages\django\db\models\query.py", line 91, in __iter__
    results = compiler.execute_sql(
        chunked_fetch=self.chunked_fetch, chunk_size=self.chunk_size
    )
  File "C:\Users\C4S\AppData\Local\Python\pythoncore-3.14-64\Lib\site-packages\django\db\models\sql\compiler.py", line 1562, in execute_sql
    cursor.execute(sql, params)
    ~~~~~~~~~~~~~~^^^^^^^^^^^^^
  File "C:\Users\C4S\AppData\Local\Python\pythoncore-3.14-64\Lib\site-packages\django\db\backends\utils.py", line 122, in execute
    return super().execute(sql, params)
           ~~~~~~~~~~~~~~~^^^^^^^^^^^^^
  File "C:\Users\C4S\AppData\Local\Python\pythoncore-3.14-64\Lib\site-packages\django\db\backends\utils.py", line 79, in execute
    return self._execute_with_wrappers(
           ~~~~~~~~~~~~~~~~~~~~~~~~~~~^
        sql, params, many=False, executor=self._execute
        ^^^^^^^^^^^^^^^^^^^^^^^^^^^^^^^^^^^^^^^^^^^^^^^
    )
    ^
  File "C:\Users\C4S\AppData\Local\Python\pythoncore-3.14-64\Lib\site-packages\django\db\backends\utils.py", line 92, in _execute_with_wrappers
    return executor(sql, params, many, context)
  File "C:\Users\C4S\AppData\Local\Python\pythoncore-3.14-64\Lib\site-packages\django\db\backends\utils.py", line 100, in _execute
    with self.db.wrap_database_errors:
         ^^^^^^^^^^^^^^^^^^^^^^^^^^^^
  File "C:\Users\C4S\AppData\Local\Python\pythoncore-3.14-64\Lib\site-packages\django\db\utils.py", line 91, in __exit__
    raise dj_exc_value.with_traceback(traceback) from exc_value
  File "C:\Users\C4S\AppData\Local\Python\pythoncore-3.14-64\Lib\site-packages\django\db\backends\utils.py", line 105, in _execute
    return self.cursor.execute(sql, params)
           ~~~~~~~~~~~~~~~~~~~^^^^^^^^^^^^^
  File "C:\Users\C4S\AppData\Local\Python\pythoncore-3.14-64\Lib\site-packages\django\db\backends\mysql\base.py", line 76, in execute
    return self.cursor.execute(query, args)
           ~~~~~~~~~~~~~~~~~~~^^^^^^^^^^^^^
  File "C:\Users\C4S\AppData\Local\Python\pythoncore-3.14-64\Lib\site-packages\MySQLdb\cursors.py", line 179, in execute
    res = self._query(mogrified_query)
  File "C:\Users\C4S\AppData\Local\Python\pythoncore-3.14-64\Lib\site-packages\MySQLdb\cursors.py", line 330, in _query
    db.query(q)
    ~~~~~~~~^^^
  File "C:\Users\C4S\AppData\Local\Python\pythoncore-3.14-64\Lib\site-packages\MySQLdb\connections.py", line 286, in query
    _mysql.connection.query(self, query)
    ~~~~~~~~~~~~~~~~~~~~~~~^^^^^^^^^^^^^
django.db.utils.OperationalError: (1054, "Unknown column 'quality_reviews.status' in 'field list'")
Internal Server Error: /dashboard/checker/
Traceback (most recent call last):
  File "C:\Users\C4S\AppData\Local\Python\pythoncore-3.14-64\Lib\site-packages\django\db\backends\utils.py", line 105, in _execute
    return self.cursor.execute(sql, params)
           ~~~~~~~~~~~~~~~~~~~^^^^^^^^^^^^^
  File "C:\Users\C4S\AppData\Local\Python\pythoncore-3.14-64\Lib\site-packages\django\db\backends\mysql\base.py", line 76, in execute
    return self.cursor.execute(query, args)
           ~~~~~~~~~~~~~~~~~~~^^^^^^^^^^^^^
  File "C:\Users\C4S\AppData\Local\Python\pythoncore-3.14-64\Lib\site-packages\MySQLdb\cursors.py", line 179, in execute
    res = self._query(mogrified_query)
  File "C:\Users\C4S\AppData\Local\Python\pythoncore-3.14-64\Lib\site-packages\MySQLdb\cursors.py", line 330, in _query
    db.query(q)
    ~~~~~~~~^^^
  File "C:\Users\C4S\AppData\Local\Python\pythoncore-3.14-64\Lib\site-packages\MySQLdb\connections.py", line 286, in query
    _mysql.connection.query(self, query)
    ~~~~~~~~~~~~~~~~~~~~~~~^^^^^^^^^^^^^
MySQLdb.OperationalError: (1054, "Unknown column 'quality_reviews.status' in 'field list'")

The above exception was the direct cause of the following exception:

Traceback (most recent call last):
  File "C:\Users\C4S\AppData\Local\Python\pythoncore-3.14-64\Lib\site-packages\django\core\handlers\exception.py", line 55, in inner
    response = get_response(request)
  File "C:\Users\C4S\AppData\Local\Python\pythoncore-3.14-64\Lib\site-packages\django\core\handlers\base.py", line 197, in _get_response
    response = wrapped_callback(request, *callback_args, **callback_kwargs)
  File "C:\Users\C4S\AppData\Local\Python\pythoncore-3.14-64\Lib\site-packages\django\contrib\auth\decorators.py", line 23, in _wrapper_view
    return view_func(request, *args, **kwargs)
  File "C:\abay_repository\dashboard\views.py", line 217, in checker_dashboard
    return render(request, 'dashboard/checker_dashboard.html', context)
  File "C:\Users\C4S\AppData\Local\Python\pythoncore-3.14-64\Lib\site-packages\django\shortcuts.py", line 25, in render
    content = loader.render_to_string(template_name, context, request, using=using)
  File "C:\Users\C4S\AppData\Local\Python\pythoncore-3.14-64\Lib\site-packages\django\template\loader.py", line 62, in render_to_string
    return template.render(context, request)
           ~~~~~~~~~~~~~~~^^^^^^^^^^^^^^^^^^
  File "C:\Users\C4S\AppData\Local\Python\pythoncore-3.14-64\Lib\site-packages\django\template\backends\django.py", line 61, in render
    return self.template.render(context)
           ~~~~~~~~~~~~~~~~~~~~^^^^^^^^^
  File "C:\Users\C4S\AppData\Local\Python\pythoncore-3.14-64\Lib\site-packages\django\template\base.py", line 171, in render
    return self._render(context)
           ~~~~~~~~~~~~^^^^^^^^^
  File "C:\Users\C4S\AppData\Local\Python\pythoncore-3.14-64\Lib\site-packages\django\template\base.py", line 163, in _render
    return self.nodelist.render(context)
           ~~~~~~~~~~~~~~~~~~~~^^^^^^^^^
  File "C:\Users\C4S\AppData\Local\Python\pythoncore-3.14-64\Lib\site-packages\django\template\base.py", line 1000, in render
    return SafeString("".join([node.render_annotated(context) for node in self]))
                               ~~~~~~~~~~~~~~~~~~~~~^^^^^^^^^
  File "C:\Users\C4S\AppData\Local\Python\pythoncore-3.14-64\Lib\site-packages\django\template\base.py", line 961, in render_annotated
    return self.render(context)
           ~~~~~~~~~~~^^^^^^^^^
  File "C:\Users\C4S\AppData\Local\Python\pythoncore-3.14-64\Lib\site-packages\django\template\loader_tags.py", line 159, in render
    return compiled_parent._render(context)
           ~~~~~~~~~~~~~~~~~~~~~~~^^^^^^^^^
  File "C:\Users\C4S\AppData\Local\Python\pythoncore-3.14-64\Lib\site-packages\django\template\base.py", line 163, in _render
    return self.nodelist.render(context)
           ~~~~~~~~~~~~~~~~~~~~^^^^^^^^^
  File "C:\Users\C4S\AppData\Local\Python\pythoncore-3.14-64\Lib\site-packages\django\template\base.py", line 1000, in render
    return SafeString("".join([node.render_annotated(context) for node in self]))
                               ~~~~~~~~~~~~~~~~~~~~~^^^^^^^^^
  File "C:\Users\C4S\AppData\Local\Python\pythoncore-3.14-64\Lib\site-packages\django\template\base.py", line 961, in render_annotated
    return self.render(context)
           ~~~~~~~~~~~^^^^^^^^^
  File "C:\Users\C4S\AppData\Local\Python\pythoncore-3.14-64\Lib\site-packages\django\template\loader_tags.py", line 65, in render
    result = block.nodelist.render(context)
  File "C:\Users\C4S\AppData\Local\Python\pythoncore-3.14-64\Lib\site-packages\django\template\base.py", line 1000, in render
    return SafeString("".join([node.render_annotated(context) for node in self]))
                               ~~~~~~~~~~~~~~~~~~~~~^^^^^^^^^
  File "C:\Users\C4S\AppData\Local\Python\pythoncore-3.14-64\Lib\site-packages\django\template\base.py", line 961, in render_annotated
    return self.render(context)
           ~~~~~~~~~~~^^^^^^^^^
  File "C:\Users\C4S\AppData\Local\Python\pythoncore-3.14-64\Lib\site-packages\django\template\defaulttags.py", line 325, in render
    if match:
       ^^^^^
  File "C:\Users\C4S\AppData\Local\Python\pythoncore-3.14-64\Lib\site-packages\django\db\models\query.py", line 414, in __bool__
    self._fetch_all()
    ~~~~~~~~~~~~~~~^^
  File "C:\Users\C4S\AppData\Local\Python\pythoncore-3.14-64\Lib\site-packages\django\db\models\query.py", line 1928, in _fetch_all
    self._result_cache = list(self._iterable_class(self))
                         ~~~~^^^^^^^^^^^^^^^^^^^^^^^^^^^^
  File "C:\Users\C4S\AppData\Local\Python\pythoncore-3.14-64\Lib\site-packages\django\db\models\query.py", line 91, in __iter__
    results = compiler.execute_sql(
        chunked_fetch=self.chunked_fetch, chunk_size=self.chunk_size
    )
  File "C:\Users\C4S\AppData\Local\Python\pythoncore-3.14-64\Lib\site-packages\django\db\models\sql\compiler.py", line 1562, in execute_sql
    cursor.execute(sql, params)
    ~~~~~~~~~~~~~~^^^^^^^^^^^^^
  File "C:\Users\C4S\AppData\Local\Python\pythoncore-3.14-64\Lib\site-packages\django\db\backends\utils.py", line 122, in execute
    return super().execute(sql, params)
           ~~~~~~~~~~~~~~~^^^^^^^^^^^^^
  File "C:\Users\C4S\AppData\Local\Python\pythoncore-3.14-64\Lib\site-packages\django\db\backends\utils.py", line 79, in execute
    return self._execute_with_wrappers(
           ~~~~~~~~~~~~~~~~~~~~~~~~~~~^
        sql, params, many=False, executor=self._execute
        ^^^^^^^^^^^^^^^^^^^^^^^^^^^^^^^^^^^^^^^^^^^^^^^
    )
    ^
  File "C:\Users\C4S\AppData\Local\Python\pythoncore-3.14-64\Lib\site-packages\django\db\backends\utils.py", line 92, in _execute_with_wrappers
    return executor(sql, params, many, context)
  File "C:\Users\C4S\AppData\Local\Python\pythoncore-3.14-64\Lib\site-packages\django\db\backends\utils.py", line 100, in _execute
    with self.db.wrap_database_errors:
         ^^^^^^^^^^^^^^^^^^^^^^^^^^^^
  File "C:\Users\C4S\AppData\Local\Python\pythoncore-3.14-64\Lib\site-packages\django\db\utils.py", line 91, in __exit__
    raise dj_exc_value.with_traceback(traceback) from exc_value
  File "C:\Users\C4S\AppData\Local\Python\pythoncore-3.14-64\Lib\site-packages\django\db\backends\utils.py", line 105, in _execute
    return self.cursor.execute(sql, params)
           ~~~~~~~~~~~~~~~~~~~^^^^^^^^^^^^^
  File "C:\Users\C4S\AppData\Local\Python\pythoncore-3.14-64\Lib\site-packages\django\db\backends\mysql\base.py", line 76, in execute
    return self.cursor.execute(query, args)
           ~~~~~~~~~~~~~~~~~~~^^^^^^^^^^^^^
  File "C:\Users\C4S\AppData\Local\Python\pythoncore-3.14-64\Lib\site-packages\MySQLdb\cursors.py", line 179, in execute
    res = self._query(mogrified_query)
  File "C:\Users\C4S\AppData\Local\Python\pythoncore-3.14-64\Lib\site-packages\MySQLdb\cursors.py", line 330, in _query
    db.query(q)
    ~~~~~~~~^^^
  File "C:\Users\C4S\AppData\Local\Python\pythoncore-3.14-64\Lib\site-packages\MySQLdb\connections.py", line 286, in query
    _mysql.connection.query(self, query)
    ~~~~~~~~~~~~~~~~~~~~~~~^^^^^^^^^^^^^
django.db.utils.OperationalError: (1054, "Unknown column 'quality_reviews.status' in 'field list'")
"GET /dashboard/checker/ HTTP/1.1" 500 252175
"GET /dashboard/checker/ HTTP/1.1" 500 252175
"GET /dashboard/redirect/ HTTP/1.1" 302 0
"GET /dashboard/redirect/ HTTP/1.1" 302 0
Internal Server Error: /dashboard/checker/
Traceback (most recent call last):
  File "C:\Users\C4S\AppData\Local\Python\pythoncore-3.14-64\Lib\site-packages\django\db\backends\utils.py", line 105, in _execute
    return self.cursor.execute(sql, params)
           ~~~~~~~~~~~~~~~~~~~^^^^^^^^^^^^^
  File "C:\Users\C4S\AppData\Local\Python\pythoncore-3.14-64\Lib\site-packages\django\db\backends\mysql\base.py", line 76, in execute
    return self.cursor.execute(query, args)
           ~~~~~~~~~~~~~~~~~~~^^^^^^^^^^^^^
  File "C:\Users\C4S\AppData\Local\Python\pythoncore-3.14-64\Lib\site-packages\MySQLdb\cursors.py", line 179, in execute
    res = self._query(mogrified_query)
  File "C:\Users\C4S\AppData\Local\Python\pythoncore-3.14-64\Lib\site-packages\MySQLdb\cursors.py", line 330, in _query
    db.query(q)
    ~~~~~~~~^^^
  File "C:\Users\C4S\AppData\Local\Python\pythoncore-3.14-64\Lib\site-packages\MySQLdb\connections.py", line 286, in query
    _mysql.connection.query(self, query)
    ~~~~~~~~~~~~~~~~~~~~~~~^^^^^^^^^^^^^
MySQLdb.OperationalError: (1054, "Unknown column 'quality_reviews.status' in 'field list'")

The above exception was the direct cause of the following exception:

Traceback (most recent call last):
  File "C:\Users\C4S\AppData\Local\Python\pythoncore-3.14-64\Lib\site-packages\django\core\handlers\exception.py", line 55, in inner
    response = get_response(request)
  File "C:\Users\C4S\AppData\Local\Python\pythoncore-3.14-64\Lib\site-packages\django\core\handlers\base.py", line 197, in _get_response
    response = wrapped_callback(request, *callback_args, **callback_kwargs)
  File "C:\Users\C4S\AppData\Local\Python\pythoncore-3.14-64\Lib\site-packages\django\contrib\auth\decorators.py", line 23, in _wrapper_view
    return view_func(request, *args, **kwargs)
  File "C:\abay_repository\dashboard\views.py", line 217, in checker_dashboard
    return render(request, 'dashboard/checker_dashboard.html', context)
  File "C:\Users\C4S\AppData\Local\Python\pythoncore-3.14-64\Lib\site-packages\django\shortcuts.py", line 25, in render
    content = loader.render_to_string(template_name, context, request, using=using)
  File "C:\Users\C4S\AppData\Local\Python\pythoncore-3.14-64\Lib\site-packages\django\template\loader.py", line 62, in render_to_string
    return template.render(context, request)
           ~~~~~~~~~~~~~~~^^^^^^^^^^^^^^^^^^
  File "C:\Users\C4S\AppData\Local\Python\pythoncore-3.14-64\Lib\site-packages\django\template\backends\django.py", line 61, in render
    return self.template.render(context)
           ~~~~~~~~~~~~~~~~~~~~^^^^^^^^^
  File "C:\Users\C4S\AppData\Local\Python\pythoncore-3.14-64\Lib\site-packages\django\template\base.py", line 171, in render
    return self._render(context)
           ~~~~~~~~~~~~^^^^^^^^^
  File "C:\Users\C4S\AppData\Local\Python\pythoncore-3.14-64\Lib\site-packages\django\template\base.py", line 163, in _render
    return self.nodelist.render(context)
           ~~~~~~~~~~~~~~~~~~~~^^^^^^^^^
  File "C:\Users\C4S\AppData\Local\Python\pythoncore-3.14-64\Lib\site-packages\django\template\base.py", line 1000, in render
    return SafeString("".join([node.render_annotated(context) for node in self]))
                               ~~~~~~~~~~~~~~~~~~~~~^^^^^^^^^
  File "C:\Users\C4S\AppData\Local\Python\pythoncore-3.14-64\Lib\site-packages\django\template\base.py", line 961, in render_annotated
    return self.render(context)
           ~~~~~~~~~~~^^^^^^^^^
  File "C:\Users\C4S\AppData\Local\Python\pythoncore-3.14-64\Lib\site-packages\django\template\loader_tags.py", line 159, in render
    return compiled_parent._render(context)
           ~~~~~~~~~~~~~~~~~~~~~~~^^^^^^^^^
  File "C:\Users\C4S\AppData\Local\Python\pythoncore-3.14-64\Lib\site-packages\django\template\base.py", line 163, in _render
    return self.nodelist.render(context)
           ~~~~~~~~~~~~~~~~~~~~^^^^^^^^^
  File "C:\Users\C4S\AppData\Local\Python\pythoncore-3.14-64\Lib\site-packages\django\template\base.py", line 1000, in render
    return SafeString("".join([node.render_annotated(context) for node in self]))
                               ~~~~~~~~~~~~~~~~~~~~~^^^^^^^^^
  File "C:\Users\C4S\AppData\Local\Python\pythoncore-3.14-64\Lib\site-packages\django\template\base.py", line 961, in render_annotated
    return self.render(context)
           ~~~~~~~~~~~^^^^^^^^^
  File "C:\Users\C4S\AppData\Local\Python\pythoncore-3.14-64\Lib\site-packages\django\template\loader_tags.py", line 65, in render
    result = block.nodelist.render(context)
  File "C:\Users\C4S\AppData\Local\Python\pythoncore-3.14-64\Lib\site-packages\django\template\base.py", line 1000, in render
    return SafeString("".join([node.render_annotated(context) for node in self]))
                               ~~~~~~~~~~~~~~~~~~~~~^^^^^^^^^
  File "C:\Users\C4S\AppData\Local\Python\pythoncore-3.14-64\Lib\site-packages\django\template\base.py", line 961, in render_annotated
    return self.render(context)
           ~~~~~~~~~~~^^^^^^^^^
  File "C:\Users\C4S\AppData\Local\Python\pythoncore-3.14-64\Lib\site-packages\django\template\defaulttags.py", line 325, in render
    if match:
       ^^^^^
  File "C:\Users\C4S\AppData\Local\Python\pythoncore-3.14-64\Lib\site-packages\django\db\models\query.py", line 414, in __bool__
    self._fetch_all()
    ~~~~~~~~~~~~~~~^^
  File "C:\Users\C4S\AppData\Local\Python\pythoncore-3.14-64\Lib\site-packages\django\db\models\query.py", line 1928, in _fetch_all
    self._result_cache = list(self._iterable_class(self))
                         ~~~~^^^^^^^^^^^^^^^^^^^^^^^^^^^^
  File "C:\Users\C4S\AppData\Local\Python\pythoncore-3.14-64\Lib\site-packages\django\db\models\query.py", line 91, in __iter__
    results = compiler.execute_sql(
        chunked_fetch=self.chunked_fetch, chunk_size=self.chunk_size
    )
  File "C:\Users\C4S\AppData\Local\Python\pythoncore-3.14-64\Lib\site-packages\django\db\models\sql\compiler.py", line 1562, in execute_sql
    cursor.execute(sql, params)
    ~~~~~~~~~~~~~~^^^^^^^^^^^^^
  File "C:\Users\C4S\AppData\Local\Python\pythoncore-3.14-64\Lib\site-packages\django\db\backends\utils.py", line 122, in execute
    return super().execute(sql, params)
           ~~~~~~~~~~~~~~~^^^^^^^^^^^^^
  File "C:\Users\C4S\AppData\Local\Python\pythoncore-3.14-64\Lib\site-packages\django\db\backends\utils.py", line 79, in execute
    return self._execute_with_wrappers(
           ~~~~~~~~~~~~~~~~~~~~~~~~~~~^
        sql, params, many=False, executor=self._execute
        ^^^^^^^^^^^^^^^^^^^^^^^^^^^^^^^^^^^^^^^^^^^^^^^
    )
    ^
  File "C:\Users\C4S\AppData\Local\Python\pythoncore-3.14-64\Lib\site-packages\django\db\backends\utils.py", line 92, in _execute_with_wrappers
    return executor(sql, params, many, context)
  File "C:\Users\C4S\AppData\Local\Python\pythoncore-3.14-64\Lib\site-packages\django\db\backends\utils.py", line 100, in _execute
    with self.db.wrap_database_errors:
         ^^^^^^^^^^^^^^^^^^^^^^^^^^^^
  File "C:\Users\C4S\AppData\Local\Python\pythoncore-3.14-64\Lib\site-packages\django\db\utils.py", line 91, in __exit__
    raise dj_exc_value.with_traceback(traceback) from exc_value
  File "C:\Users\C4S\AppData\Local\Python\pythoncore-3.14-64\Lib\site-packages\django\db\backends\utils.py", line 105, in _execute
    return self.cursor.execute(sql, params)
           ~~~~~~~~~~~~~~~~~~~^^^^^^^^^^^^^
  File "C:\Users\C4S\AppData\Local\Python\pythoncore-3.14-64\Lib\site-packages\django\db\backends\mysql\base.py", line 76, in execute
    return self.cursor.execute(query, args)
           ~~~~~~~~~~~~~~~~~~~^^^^^^^^^^^^^
  File "C:\Users\C4S\AppData\Local\Python\pythoncore-3.14-64\Lib\site-packages\MySQLdb\cursors.py", line 179, in execute
    res = self._query(mogrified_query)
  File "C:\Users\C4S\AppData\Local\Python\pythoncore-3.14-64\Lib\site-packages\MySQLdb\cursors.py", line 330, in _query
    db.query(q)
    ~~~~~~~~^^^
  File "C:\Users\C4S\AppData\Local\Python\pythoncore-3.14-64\Lib\site-packages\MySQLdb\connections.py", line 286, in query
    _mysql.connection.query(self, query)
    ~~~~~~~~~~~~~~~~~~~~~~~^^^^^^^^^^^^^
django.db.utils.OperationalError: (1054, "Unknown column 'quality_reviews.status' in 'field list'")
Internal Server Error: /dashboard/checker/
Traceback (most recent call last):
  File "C:\Users\C4S\AppData\Local\Python\pythoncore-3.14-64\Lib\site-packages\django\db\backends\utils.py", line 105, in _execute
    return self.cursor.execute(sql, params)
           ~~~~~~~~~~~~~~~~~~~^^^^^^^^^^^^^
  File "C:\Users\C4S\AppData\Local\Python\pythoncore-3.14-64\Lib\site-packages\django\db\backends\mysql\base.py", line 76, in execute
    return self.cursor.execute(query, args)
           ~~~~~~~~~~~~~~~~~~~^^^^^^^^^^^^^
  File "C:\Users\C4S\AppData\Local\Python\pythoncore-3.14-64\Lib\site-packages\MySQLdb\cursors.py", line 179, in execute
    res = self._query(mogrified_query)
  File "C:\Users\C4S\AppData\Local\Python\pythoncore-3.14-64\Lib\site-packages\MySQLdb\cursors.py", line 330, in _query
    db.query(q)
    ~~~~~~~~^^^
  File "C:\Users\C4S\AppData\Local\Python\pythoncore-3.14-64\Lib\site-packages\MySQLdb\connections.py", line 286, in query
    _mysql.connection.query(self, query)
    ~~~~~~~~~~~~~~~~~~~~~~~^^^^^^^^^^^^^
MySQLdb.OperationalError: (1054, "Unknown column 'quality_reviews.status' in 'field list'")

The above exception was the direct cause of the following exception:

Traceback (most recent call last):
  File "C:\Users\C4S\AppData\Local\Python\pythoncore-3.14-64\Lib\site-packages\django\core\handlers\exception.py", line 55, in inner
    response = get_response(request)
  File "C:\Users\C4S\AppData\Local\Python\pythoncore-3.14-64\Lib\site-packages\django\core\handlers\base.py", line 197, in _get_response
    response = wrapped_callback(request, *callback_args, **callback_kwargs)
  File "C:\Users\C4S\AppData\Local\Python\pythoncore-3.14-64\Lib\site-packages\django\contrib\auth\decorators.py", line 23, in _wrapper_view
    return view_func(request, *args, **kwargs)
  File "C:\abay_repository\dashboard\views.py", line 217, in checker_dashboard
    return render(request, 'dashboard/checker_dashboard.html', context)
  File "C:\Users\C4S\AppData\Local\Python\pythoncore-3.14-64\Lib\site-packages\django\shortcuts.py", line 25, in render
    content = loader.render_to_string(template_name, context, request, using=using)
  File "C:\Users\C4S\AppData\Local\Python\pythoncore-3.14-64\Lib\site-packages\django\template\loader.py", line 62, in render_to_string
    return template.render(context, request)
           ~~~~~~~~~~~~~~~^^^^^^^^^^^^^^^^^^
  File "C:\Users\C4S\AppData\Local\Python\pythoncore-3.14-64\Lib\site-packages\django\template\backends\django.py", line 61, in render
    return self.template.render(context)
           ~~~~~~~~~~~~~~~~~~~~^^^^^^^^^
  File "C:\Users\C4S\AppData\Local\Python\pythoncore-3.14-64\Lib\site-packages\django\template\base.py", line 171, in render
    return self._render(context)
           ~~~~~~~~~~~~^^^^^^^^^
  File "C:\Users\C4S\AppData\Local\Python\pythoncore-3.14-64\Lib\site-packages\django\template\base.py", line 163, in _render
    return self.nodelist.render(context)
           ~~~~~~~~~~~~~~~~~~~~^^^^^^^^^
  File "C:\Users\C4S\AppData\Local\Python\pythoncore-3.14-64\Lib\site-packages\django\template\base.py", line 1000, in render
    return SafeString("".join([node.render_annotated(context) for node in self]))
                               ~~~~~~~~~~~~~~~~~~~~~^^^^^^^^^
  File "C:\Users\C4S\AppData\Local\Python\pythoncore-3.14-64\Lib\site-packages\django\template\base.py", line 961, in render_annotated
    return self.render(context)
           ~~~~~~~~~~~^^^^^^^^^
  File "C:\Users\C4S\AppData\Local\Python\pythoncore-3.14-64\Lib\site-packages\django\template\loader_tags.py", line 159, in render
    return compiled_parent._render(context)
           ~~~~~~~~~~~~~~~~~~~~~~~^^^^^^^^^
  File "C:\Users\C4S\AppData\Local\Python\pythoncore-3.14-64\Lib\site-packages\django\template\base.py", line 163, in _render
    return self.nodelist.render(context)
           ~~~~~~~~~~~~~~~~~~~~^^^^^^^^^
  File "C:\Users\C4S\AppData\Local\Python\pythoncore-3.14-64\Lib\site-packages\django\template\base.py", line 1000, in render
    return SafeString("".join([node.render_annotated(context) for node in self]))
                               ~~~~~~~~~~~~~~~~~~~~~^^^^^^^^^
  File "C:\Users\C4S\AppData\Local\Python\pythoncore-3.14-64\Lib\site-packages\django\template\base.py", line 961, in render_annotated
    return self.render(context)
           ~~~~~~~~~~~^^^^^^^^^
  File "C:\Users\C4S\AppData\Local\Python\pythoncore-3.14-64\Lib\site-packages\django\template\loader_tags.py", line 65, in render
    result = block.nodelist.render(context)
  File "C:\Users\C4S\AppData\Local\Python\pythoncore-3.14-64\Lib\site-packages\django\template\base.py", line 1000, in render
    return SafeString("".join([node.render_annotated(context) for node in self]))
                               ~~~~~~~~~~~~~~~~~~~~~^^^^^^^^^
  File "C:\Users\C4S\AppData\Local\Python\pythoncore-3.14-64\Lib\site-packages\django\template\base.py", line 961, in render_annotated
    return self.render(context)
           ~~~~~~~~~~~^^^^^^^^^
  File "C:\Users\C4S\AppData\Local\Python\pythoncore-3.14-64\Lib\site-packages\django\template\defaulttags.py", line 325, in render
    if match:
       ^^^^^
  File "C:\Users\C4S\AppData\Local\Python\pythoncore-3.14-64\Lib\site-packages\django\db\models\query.py", line 414, in __bool__
    self._fetch_all()
    ~~~~~~~~~~~~~~~^^
  File "C:\Users\C4S\AppData\Local\Python\pythoncore-3.14-64\Lib\site-packages\django\db\models\query.py", line 1928, in _fetch_all
    self._result_cache = list(self._iterable_class(self))
                         ~~~~^^^^^^^^^^^^^^^^^^^^^^^^^^^^
  File "C:\Users\C4S\AppData\Local\Python\pythoncore-3.14-64\Lib\site-packages\django\db\models\query.py", line 91, in __iter__
    results = compiler.execute_sql(
        chunked_fetch=self.chunked_fetch, chunk_size=self.chunk_size
    )
  File "C:\Users\C4S\AppData\Local\Python\pythoncore-3.14-64\Lib\site-packages\django\db\models\sql\compiler.py", line 1562, in execute_sql
    cursor.execute(sql, params)
    ~~~~~~~~~~~~~~^^^^^^^^^^^^^
  File "C:\Users\C4S\AppData\Local\Python\pythoncore-3.14-64\Lib\site-packages\django\db\backends\utils.py", line 122, in execute
    return super().execute(sql, params)
           ~~~~~~~~~~~~~~~^^^^^^^^^^^^^
  File "C:\Users\C4S\AppData\Local\Python\pythoncore-3.14-64\Lib\site-packages\django\db\backends\utils.py", line 79, in execute
    return self._execute_with_wrappers(
           ~~~~~~~~~~~~~~~~~~~~~~~~~~~^
        sql, params, many=False, executor=self._execute
        ^^^^^^^^^^^^^^^^^^^^^^^^^^^^^^^^^^^^^^^^^^^^^^^
    )
    ^
  File "C:\Users\C4S\AppData\Local\Python\pythoncore-3.14-64\Lib\site-packages\django\db\backends\utils.py", line 92, in _execute_with_wrappers
    return executor(sql, params, many, context)
  File "C:\Users\C4S\AppData\Local\Python\pythoncore-3.14-64\Lib\site-packages\django\db\backends\utils.py", line 100, in _execute
    with self.db.wrap_database_errors:
         ^^^^^^^^^^^^^^^^^^^^^^^^^^^^
  File "C:\Users\C4S\AppData\Local\Python\pythoncore-3.14-64\Lib\site-packages\django\db\utils.py", line 91, in __exit__
    raise dj_exc_value.with_traceback(traceback) from exc_value
  File "C:\Users\C4S\AppData\Local\Python\pythoncore-3.14-64\Lib\site-packages\django\db\backends\utils.py", line 105, in _execute
    return self.cursor.execute(sql, params)
           ~~~~~~~~~~~~~~~~~~~^^^^^^^^^^^^^
  File "C:\Users\C4S\AppData\Local\Python\pythoncore-3.14-64\Lib\site-packages\django\db\backends\mysql\base.py", line 76, in execute
    return self.cursor.execute(query, args)
           ~~~~~~~~~~~~~~~~~~~^^^^^^^^^^^^^
  File "C:\Users\C4S\AppData\Local\Python\pythoncore-3.14-64\Lib\site-packages\MySQLdb\cursors.py", line 179, in execute
    res = self._query(mogrified_query)
  File "C:\Users\C4S\AppData\Local\Python\pythoncore-3.14-64\Lib\site-packages\MySQLdb\cursors.py", line 330, in _query
    db.query(q)
    ~~~~~~~~^^^
  File "C:\Users\C4S\AppData\Local\Python\pythoncore-3.14-64\Lib\site-packages\MySQLdb\connections.py", line 286, in query
    _mysql.connection.query(self, query)
    ~~~~~~~~~~~~~~~~~~~~~~~^^^^^^^^^^^^^
django.db.utils.OperationalError: (1054, "Unknown column 'quality_reviews.status' in 'field list'")
"GET /dashboard/checker/ HTTP/1.1" 500 251990
"GET /dashboard/checker/ HTTP/1.1" 500 251990
Internal Server Error: /dashboard/checker/
Traceback (most recent call last):
  File "C:\Users\C4S\AppData\Local\Python\pythoncore-3.14-64\Lib\site-packages\django\db\backends\utils.py", line 105, in _execute
    return self.cursor.execute(sql, params)
           ~~~~~~~~~~~~~~~~~~~^^^^^^^^^^^^^
  File "C:\Users\C4S\AppData\Local\Python\pythoncore-3.14-64\Lib\site-packages\django\db\backends\mysql\base.py", line 76, in execute
    return self.cursor.execute(query, args)
           ~~~~~~~~~~~~~~~~~~~^^^^^^^^^^^^^
  File "C:\Users\C4S\AppData\Local\Python\pythoncore-3.14-64\Lib\site-packages\MySQLdb\cursors.py", line 179, in execute
    res = self._query(mogrified_query)
  File "C:\Users\C4S\AppData\Local\Python\pythoncore-3.14-64\Lib\site-packages\MySQLdb\cursors.py", line 330, in _query
    db.query(q)
    ~~~~~~~~^^^
  File "C:\Users\C4S\AppData\Local\Python\pythoncore-3.14-64\Lib\site-packages\MySQLdb\connections.py", line 286, in query
    _mysql.connection.query(self, query)
    ~~~~~~~~~~~~~~~~~~~~~~~^^^^^^^^^^^^^
MySQLdb.OperationalError: (1054, "Unknown column 'quality_reviews.created_at' in 'field list'")

The above exception was the direct cause of the following exception:

Traceback (most recent call last):
  File "C:\Users\C4S\AppData\Local\Python\pythoncore-3.14-64\Lib\site-packages\django\core\handlers\exception.py", line 55, in inner
    response = get_response(request)
  File "C:\Users\C4S\AppData\Local\Python\pythoncore-3.14-64\Lib\site-packages\django\core\handlers\base.py", line 197, in _get_response
    response = wrapped_callback(request, *callback_args, **callback_kwargs)
  File "C:\Users\C4S\AppData\Local\Python\pythoncore-3.14-64\Lib\site-packages\django\contrib\auth\decorators.py", line 23, in _wrapper_view
    return view_func(request, *args, **kwargs)
  File "C:\abay_repository\dashboard\views.py", line 217, in checker_dashboard
    return render(request, 'dashboard/checker_dashboard.html', context)
  File "C:\Users\C4S\AppData\Local\Python\pythoncore-3.14-64\Lib\site-packages\django\shortcuts.py", line 25, in render
    content = loader.render_to_string(template_name, context, request, using=using)
  File "C:\Users\C4S\AppData\Local\Python\pythoncore-3.14-64\Lib\site-packages\django\template\loader.py", line 62, in render_to_string
    return template.render(context, request)
           ~~~~~~~~~~~~~~~^^^^^^^^^^^^^^^^^^
  File "C:\Users\C4S\AppData\Local\Python\pythoncore-3.14-64\Lib\site-packages\django\template\backends\django.py", line 61, in render
    return self.template.render(context)
           ~~~~~~~~~~~~~~~~~~~~^^^^^^^^^
  File "C:\Users\C4S\AppData\Local\Python\pythoncore-3.14-64\Lib\site-packages\django\template\base.py", line 171, in render
    return self._render(context)
           ~~~~~~~~~~~~^^^^^^^^^
  File "C:\Users\C4S\AppData\Local\Python\pythoncore-3.14-64\Lib\site-packages\django\template\base.py", line 163, in _render
    return self.nodelist.render(context)
           ~~~~~~~~~~~~~~~~~~~~^^^^^^^^^
  File "C:\Users\C4S\AppData\Local\Python\pythoncore-3.14-64\Lib\site-packages\django\template\base.py", line 1000, in render
    return SafeString("".join([node.render_annotated(context) for node in self]))
                               ~~~~~~~~~~~~~~~~~~~~~^^^^^^^^^
  File "C:\Users\C4S\AppData\Local\Python\pythoncore-3.14-64\Lib\site-packages\django\template\base.py", line 961, in render_annotated
    return self.render(context)
           ~~~~~~~~~~~^^^^^^^^^
  File "C:\Users\C4S\AppData\Local\Python\pythoncore-3.14-64\Lib\site-packages\django\template\loader_tags.py", line 159, in render
    return compiled_parent._render(context)
           ~~~~~~~~~~~~~~~~~~~~~~~^^^^^^^^^
  File "C:\Users\C4S\AppData\Local\Python\pythoncore-3.14-64\Lib\site-packages\django\template\base.py", line 163, in _render
    return self.nodelist.render(context)
           ~~~~~~~~~~~~~~~~~~~~^^^^^^^^^
  File "C:\Users\C4S\AppData\Local\Python\pythoncore-3.14-64\Lib\site-packages\django\template\base.py", line 1000, in render
    return SafeString("".join([node.render_annotated(context) for node in self]))
                               ~~~~~~~~~~~~~~~~~~~~~^^^^^^^^^
  File "C:\Users\C4S\AppData\Local\Python\pythoncore-3.14-64\Lib\site-packages\django\template\base.py", line 961, in render_annotated
    return self.render(context)
           ~~~~~~~~~~~^^^^^^^^^
  File "C:\Users\C4S\AppData\Local\Python\pythoncore-3.14-64\Lib\site-packages\django\template\loader_tags.py", line 65, in render
    result = block.nodelist.render(context)
  File "C:\Users\C4S\AppData\Local\Python\pythoncore-3.14-64\Lib\site-packages\django\template\base.py", line 1000, in render
    return SafeString("".join([node.render_annotated(context) for node in self]))
                               ~~~~~~~~~~~~~~~~~~~~~^^^^^^^^^
  File "C:\Users\C4S\AppData\Local\Python\pythoncore-3.14-64\Lib\site-packages\django\template\base.py", line 961, in render_annotated
    return self.render(context)
           ~~~~~~~~~~~^^^^^^^^^
  File "C:\Users\C4S\AppData\Local\Python\pythoncore-3.14-64\Lib\site-packages\django\template\defaulttags.py", line 325, in render
    if match:
       ^^^^^
  File "C:\Users\C4S\AppData\Local\Python\pythoncore-3.14-64\Lib\site-packages\django\db\models\query.py", line 414, in __bool__
    self._fetch_all()
    ~~~~~~~~~~~~~~~^^
  File "C:\Users\C4S\AppData\Local\Python\pythoncore-3.14-64\Lib\site-packages\django\db\models\query.py", line 1928, in _fetch_all
    self._result_cache = list(self._iterable_class(self))
                         ~~~~^^^^^^^^^^^^^^^^^^^^^^^^^^^^
  File "C:\Users\C4S\AppData\Local\Python\pythoncore-3.14-64\Lib\site-packages\django\db\models\query.py", line 91, in __iter__
    results = compiler.execute_sql(
        chunked_fetch=self.chunked_fetch, chunk_size=self.chunk_size
    )
  File "C:\Users\C4S\AppData\Local\Python\pythoncore-3.14-64\Lib\site-packages\django\db\models\sql\compiler.py", line 1562, in execute_sql
    cursor.execute(sql, params)
    ~~~~~~~~~~~~~~^^^^^^^^^^^^^
  File "C:\Users\C4S\AppData\Local\Python\pythoncore-3.14-64\Lib\site-packages\django\db\backends\utils.py", line 122, in execute
    return super().execute(sql, params)
           ~~~~~~~~~~~~~~~^^^^^^^^^^^^^
  File "C:\Users\C4S\AppData\Local\Python\pythoncore-3.14-64\Lib\site-packages\django\db\backends\utils.py", line 79, in execute
    return self._execute_with_wrappers(
           ~~~~~~~~~~~~~~~~~~~~~~~~~~~^
        sql, params, many=False, executor=self._execute
        ^^^^^^^^^^^^^^^^^^^^^^^^^^^^^^^^^^^^^^^^^^^^^^^
    )
    ^
  File "C:\Users\C4S\AppData\Local\Python\pythoncore-3.14-64\Lib\site-packages\django\db\backends\utils.py", line 92, in _execute_with_wrappers
    return executor(sql, params, many, context)
  File "C:\Users\C4S\AppData\Local\Python\pythoncore-3.14-64\Lib\site-packages\django\db\backends\utils.py", line 100, in _execute
    with self.db.wrap_database_errors:
         ^^^^^^^^^^^^^^^^^^^^^^^^^^^^
  File "C:\Users\C4S\AppData\Local\Python\pythoncore-3.14-64\Lib\site-packages\django\db\utils.py", line 91, in __exit__
    raise dj_exc_value.with_traceback(traceback) from exc_value
  File "C:\Users\C4S\AppData\Local\Python\pythoncore-3.14-64\Lib\site-packages\django\db\backends\utils.py", line 105, in _execute
    return self.cursor.execute(sql, params)
           ~~~~~~~~~~~~~~~~~~~^^^^^^^^^^^^^
  File "C:\Users\C4S\AppData\Local\Python\pythoncore-3.14-64\Lib\site-packages\django\db\backends\mysql\base.py", line 76, in execute
    return self.cursor.execute(query, args)
           ~~~~~~~~~~~~~~~~~~~^^^^^^^^^^^^^
  File "C:\Users\C4S\AppData\Local\Python\pythoncore-3.14-64\Lib\site-packages\MySQLdb\cursors.py", line 179, in execute
    res = self._query(mogrified_query)
  File "C:\Users\C4S\AppData\Local\Python\pythoncore-3.14-64\Lib\site-packages\MySQLdb\cursors.py", line 330, in _query
    db.query(q)
    ~~~~~~~~^^^
  File "C:\Users\C4S\AppData\Local\Python\pythoncore-3.14-64\Lib\site-packages\MySQLdb\connections.py", line 286, in query
    _mysql.connection.query(self, query)
    ~~~~~~~~~~~~~~~~~~~~~~~^^^^^^^^^^^^^
django.db.utils.OperationalError: (1054, "Unknown column 'quality_reviews.created_at' in 'field list'")
Internal Server Error: /dashboard/checker/
Traceback (most recent call last):
  File "C:\Users\C4S\AppData\Local\Python\pythoncore-3.14-64\Lib\site-packages\django\db\backends\utils.py", line 105, in _execute
    return self.cursor.execute(sql, params)
           ~~~~~~~~~~~~~~~~~~~^^^^^^^^^^^^^
  File "C:\Users\C4S\AppData\Local\Python\pythoncore-3.14-64\Lib\site-packages\django\db\backends\mysql\base.py", line 76, in execute
    return self.cursor.execute(query, args)
           ~~~~~~~~~~~~~~~~~~~^^^^^^^^^^^^^
  File "C:\Users\C4S\AppData\Local\Python\pythoncore-3.14-64\Lib\site-packages\MySQLdb\cursors.py", line 179, in execute
    res = self._query(mogrified_query)
  File "C:\Users\C4S\AppData\Local\Python\pythoncore-3.14-64\Lib\site-packages\MySQLdb\cursors.py", line 330, in _query
    db.query(q)
    ~~~~~~~~^^^
  File "C:\Users\C4S\AppData\Local\Python\pythoncore-3.14-64\Lib\site-packages\MySQLdb\connections.py", line 286, in query
    _mysql.connection.query(self, query)
    ~~~~~~~~~~~~~~~~~~~~~~~^^^^^^^^^^^^^
MySQLdb.OperationalError: (1054, "Unknown column 'quality_reviews.created_at' in 'field list'")

The above exception was the direct cause of the following exception:

Traceback (most recent call last):
  File "C:\Users\C4S\AppData\Local\Python\pythoncore-3.14-64\Lib\site-packages\django\core\handlers\exception.py", line 55, in inner
    response = get_response(request)
  File "C:\Users\C4S\AppData\Local\Python\pythoncore-3.14-64\Lib\site-packages\django\core\handlers\base.py", line 197, in _get_response
    response = wrapped_callback(request, *callback_args, **callback_kwargs)
  File "C:\Users\C4S\AppData\Local\Python\pythoncore-3.14-64\Lib\site-packages\django\contrib\auth\decorators.py", line 23, in _wrapper_view
    return view_func(request, *args, **kwargs)
  File "C:\abay_repository\dashboard\views.py", line 217, in checker_dashboard
    return render(request, 'dashboard/checker_dashboard.html', context)
  File "C:\Users\C4S\AppData\Local\Python\pythoncore-3.14-64\Lib\site-packages\django\shortcuts.py", line 25, in render
    content = loader.render_to_string(template_name, context, request, using=using)
  File "C:\Users\C4S\AppData\Local\Python\pythoncore-3.14-64\Lib\site-packages\django\template\loader.py", line 62, in render_to_string
    return template.render(context, request)
           ~~~~~~~~~~~~~~~^^^^^^^^^^^^^^^^^^
  File "C:\Users\C4S\AppData\Local\Python\pythoncore-3.14-64\Lib\site-packages\django\template\backends\django.py", line 61, in render
    return self.template.render(context)
           ~~~~~~~~~~~~~~~~~~~~^^^^^^^^^
  File "C:\Users\C4S\AppData\Local\Python\pythoncore-3.14-64\Lib\site-packages\django\template\base.py", line 171, in render
    return self._render(context)
           ~~~~~~~~~~~~^^^^^^^^^
  File "C:\Users\C4S\AppData\Local\Python\pythoncore-3.14-64\Lib\site-packages\django\template\base.py", line 163, in _render
    return self.nodelist.render(context)
           ~~~~~~~~~~~~~~~~~~~~^^^^^^^^^
  File "C:\Users\C4S\AppData\Local\Python\pythoncore-3.14-64\Lib\site-packages\django\template\base.py", line 1000, in render
    return SafeString("".join([node.render_annotated(context) for node in self]))
                               ~~~~~~~~~~~~~~~~~~~~~^^^^^^^^^
  File "C:\Users\C4S\AppData\Local\Python\pythoncore-3.14-64\Lib\site-packages\django\template\base.py", line 961, in render_annotated
    return self.render(context)
           ~~~~~~~~~~~^^^^^^^^^
  File "C:\Users\C4S\AppData\Local\Python\pythoncore-3.14-64\Lib\site-packages\django\template\loader_tags.py", line 159, in render
    return compiled_parent._render(context)
           ~~~~~~~~~~~~~~~~~~~~~~~^^^^^^^^^
  File "C:\Users\C4S\AppData\Local\Python\pythoncore-3.14-64\Lib\site-packages\django\template\base.py", line 163, in _render
    return self.nodelist.render(context)
           ~~~~~~~~~~~~~~~~~~~~^^^^^^^^^
  File "C:\Users\C4S\AppData\Local\Python\pythoncore-3.14-64\Lib\site-packages\django\template\base.py", line 1000, in render
    return SafeString("".join([node.render_annotated(context) for node in self]))
                               ~~~~~~~~~~~~~~~~~~~~~^^^^^^^^^
  File "C:\Users\C4S\AppData\Local\Python\pythoncore-3.14-64\Lib\site-packages\django\template\base.py", line 961, in render_annotated
    return self.render(context)
           ~~~~~~~~~~~^^^^^^^^^
  File "C:\Users\C4S\AppData\Local\Python\pythoncore-3.14-64\Lib\site-packages\django\template\loader_tags.py", line 65, in render
    result = block.nodelist.render(context)
  File "C:\Users\C4S\AppData\Local\Python\pythoncore-3.14-64\Lib\site-packages\django\template\base.py", line 1000, in render
    return SafeString("".join([node.render_annotated(context) for node in self]))
                               ~~~~~~~~~~~~~~~~~~~~~^^^^^^^^^
  File "C:\Users\C4S\AppData\Local\Python\pythoncore-3.14-64\Lib\site-packages\django\template\base.py", line 961, in render_annotated
    return self.render(context)
           ~~~~~~~~~~~^^^^^^^^^
  File "C:\Users\C4S\AppData\Local\Python\pythoncore-3.14-64\Lib\site-packages\django\template\defaulttags.py", line 325, in render
    if match:
       ^^^^^
  File "C:\Users\C4S\AppData\Local\Python\pythoncore-3.14-64\Lib\site-packages\django\db\models\query.py", line 414, in __bool__
    self._fetch_all()
    ~~~~~~~~~~~~~~~^^
  File "C:\Users\C4S\AppData\Local\Python\pythoncore-3.14-64\Lib\site-packages\django\db\models\query.py", line 1928, in _fetch_all
    self._result_cache = list(self._iterable_class(self))
                         ~~~~^^^^^^^^^^^^^^^^^^^^^^^^^^^^
  File "C:\Users\C4S\AppData\Local\Python\pythoncore-3.14-64\Lib\site-packages\django\db\models\query.py", line 91, in __iter__
    results = compiler.execute_sql(
        chunked_fetch=self.chunked_fetch, chunk_size=self.chunk_size
    )
  File "C:\Users\C4S\AppData\Local\Python\pythoncore-3.14-64\Lib\site-packages\django\db\models\sql\compiler.py", line 1562, in execute_sql
    cursor.execute(sql, params)
    ~~~~~~~~~~~~~~^^^^^^^^^^^^^
  File "C:\Users\C4S\AppData\Local\Python\pythoncore-3.14-64\Lib\site-packages\django\db\backends\utils.py", line 122, in execute
    return super().execute(sql, params)
           ~~~~~~~~~~~~~~~^^^^^^^^^^^^^
  File "C:\Users\C4S\AppData\Local\Python\pythoncore-3.14-64\Lib\site-packages\django\db\backends\utils.py", line 79, in execute
    return self._execute_with_wrappers(
           ~~~~~~~~~~~~~~~~~~~~~~~~~~~^
        sql, params, many=False, executor=self._execute
        ^^^^^^^^^^^^^^^^^^^^^^^^^^^^^^^^^^^^^^^^^^^^^^^
    )
    ^
  File "C:\Users\C4S\AppData\Local\Python\pythoncore-3.14-64\Lib\site-packages\django\db\backends\utils.py", line 92, in _execute_with_wrappers
    return executor(sql, params, many, context)
  File "C:\Users\C4S\AppData\Local\Python\pythoncore-3.14-64\Lib\site-packages\django\db\backends\utils.py", line 100, in _execute
    with self.db.wrap_database_errors:
         ^^^^^^^^^^^^^^^^^^^^^^^^^^^^
  File "C:\Users\C4S\AppData\Local\Python\pythoncore-3.14-64\Lib\site-packages\django\db\utils.py", line 91, in __exit__
    raise dj_exc_value.with_traceback(traceback) from exc_value
  File "C:\Users\C4S\AppData\Local\Python\pythoncore-3.14-64\Lib\site-packages\django\db\backends\utils.py", line 105, in _execute
    return self.cursor.execute(sql, params)
           ~~~~~~~~~~~~~~~~~~~^^^^^^^^^^^^^
  File "C:\Users\C4S\AppData\Local\Python\pythoncore-3.14-64\Lib\site-packages\django\db\backends\mysql\base.py", line 76, in execute
    return self.cursor.execute(query, args)
           ~~~~~~~~~~~~~~~~~~~^^^^^^^^^^^^^
  File "C:\Users\C4S\AppData\Local\Python\pythoncore-3.14-64\Lib\site-packages\MySQLdb\cursors.py", line 179, in execute
    res = self._query(mogrified_query)
  File "C:\Users\C4S\AppData\Local\Python\pythoncore-3.14-64\Lib\site-packages\MySQLdb\cursors.py", line 330, in _query
    db.query(q)
    ~~~~~~~~^^^
  File "C:\Users\C4S\AppData\Local\Python\pythoncore-3.14-64\Lib\site-packages\MySQLdb\connections.py", line 286, in query
    _mysql.connection.query(self, query)
    ~~~~~~~~~~~~~~~~~~~~~~~^^^^^^^^^^^^^
django.db.utils.OperationalError: (1054, "Unknown column 'quality_reviews.created_at' in 'field list'")
"GET /dashboard/checker/ HTTP/1.1" 500 252243
"GET /dashboard/checker/ HTTP/1.1" 500 252243
C:\abay_repository\reviews\views.py changed, reloading.
C:\abay_repository\reviews\views.py changed, reloading.
Watching for file changes with StatReloader
Watching for file changes with StatReloader
Internal Server Error: /dashboard/checker/
Traceback (most recent call last):
  File "C:\Users\C4S\AppData\Local\Python\pythoncore-3.14-64\Lib\site-packages\django\db\backends\utils.py", line 105, in _execute
    return self.cursor.execute(sql, params)
           ~~~~~~~~~~~~~~~~~~~^^^^^^^^^^^^^
  File "C:\Users\C4S\AppData\Local\Python\pythoncore-3.14-64\Lib\site-packages\django\db\backends\mysql\base.py", line 76, in execute
    return self.cursor.execute(query, args)
           ~~~~~~~~~~~~~~~~~~~^^^^^^^^^^^^^
  File "C:\Users\C4S\AppData\Local\Python\pythoncore-3.14-64\Lib\site-packages\MySQLdb\cursors.py", line 179, in execute
    res = self._query(mogrified_query)
  File "C:\Users\C4S\AppData\Local\Python\pythoncore-3.14-64\Lib\site-packages\MySQLdb\cursors.py", line 330, in _query
    db.query(q)
    ~~~~~~~~^^^
  File "C:\Users\C4S\AppData\Local\Python\pythoncore-3.14-64\Lib\site-packages\MySQLdb\connections.py", line 286, in query
    _mysql.connection.query(self, query)
    ~~~~~~~~~~~~~~~~~~~~~~~^^^^^^^^^^^^^
MySQLdb.OperationalError: (1054, "Unknown column 'quality_reviews.created_at' in 'field list'")

The above exception was the direct cause of the following exception:

Traceback (most recent call last):
  File "C:\Users\C4S\AppData\Local\Python\pythoncore-3.14-64\Lib\site-packages\django\core\handlers\exception.py", line 55, in inner
    response = get_response(request)
  File "C:\Users\C4S\AppData\Local\Python\pythoncore-3.14-64\Lib\site-packages\django\core\handlers\base.py", line 197, in _get_response
    response = wrapped_callback(request, *callback_args, **callback_kwargs)
  File "C:\Users\C4S\AppData\Local\Python\pythoncore-3.14-64\Lib\site-packages\django\contrib\auth\decorators.py", line 23, in _wrapper_view
    return view_func(request, *args, **kwargs)
  File "C:\abay_repository\dashboard\views.py", line 217, in checker_dashboard
    return render(request, 'dashboard/checker_dashboard.html', context)
  File "C:\Users\C4S\AppData\Local\Python\pythoncore-3.14-64\Lib\site-packages\django\shortcuts.py", line 25, in render
    content = loader.render_to_string(template_name, context, request, using=using)
  File "C:\Users\C4S\AppData\Local\Python\pythoncore-3.14-64\Lib\site-packages\django\template\loader.py", line 62, in render_to_string
    return template.render(context, request)
           ~~~~~~~~~~~~~~~^^^^^^^^^^^^^^^^^^
  File "C:\Users\C4S\AppData\Local\Python\pythoncore-3.14-64\Lib\site-packages\django\template\backends\django.py", line 61, in render
    return self.template.render(context)
           ~~~~~~~~~~~~~~~~~~~~^^^^^^^^^
  File "C:\Users\C4S\AppData\Local\Python\pythoncore-3.14-64\Lib\site-packages\django\template\base.py", line 171, in render
    return self._render(context)
           ~~~~~~~~~~~~^^^^^^^^^
  File "C:\Users\C4S\AppData\Local\Python\pythoncore-3.14-64\Lib\site-packages\django\template\base.py", line 163, in _render
    return self.nodelist.render(context)
           ~~~~~~~~~~~~~~~~~~~~^^^^^^^^^
  File "C:\Users\C4S\AppData\Local\Python\pythoncore-3.14-64\Lib\site-packages\django\template\base.py", line 1000, in render
    return SafeString("".join([node.render_annotated(context) for node in self]))
                               ~~~~~~~~~~~~~~~~~~~~~^^^^^^^^^
  File "C:\Users\C4S\AppData\Local\Python\pythoncore-3.14-64\Lib\site-packages\django\template\base.py", line 961, in render_annotated
    return self.render(context)
           ~~~~~~~~~~~^^^^^^^^^
  File "C:\Users\C4S\AppData\Local\Python\pythoncore-3.14-64\Lib\site-packages\django\template\loader_tags.py", line 159, in render
    return compiled_parent._render(context)
           ~~~~~~~~~~~~~~~~~~~~~~~^^^^^^^^^
  File "C:\Users\C4S\AppData\Local\Python\pythoncore-3.14-64\Lib\site-packages\django\template\base.py", line 163, in _render
    return self.nodelist.render(context)
           ~~~~~~~~~~~~~~~~~~~~^^^^^^^^^
  File "C:\Users\C4S\AppData\Local\Python\pythoncore-3.14-64\Lib\site-packages\django\template\base.py", line 1000, in render
    return SafeString("".join([node.render_annotated(context) for node in self]))
                               ~~~~~~~~~~~~~~~~~~~~~^^^^^^^^^
  File "C:\Users\C4S\AppData\Local\Python\pythoncore-3.14-64\Lib\site-packages\django\template\base.py", line 961, in render_annotated
    return self.render(context)
           ~~~~~~~~~~~^^^^^^^^^
  File "C:\Users\C4S\AppData\Local\Python\pythoncore-3.14-64\Lib\site-packages\django\template\loader_tags.py", line 65, in render
    result = block.nodelist.render(context)
  File "C:\Users\C4S\AppData\Local\Python\pythoncore-3.14-64\Lib\site-packages\django\template\base.py", line 1000, in render
    return SafeString("".join([node.render_annotated(context) for node in self]))
                               ~~~~~~~~~~~~~~~~~~~~~^^^^^^^^^
  File "C:\Users\C4S\AppData\Local\Python\pythoncore-3.14-64\Lib\site-packages\django\template\base.py", line 961, in render_annotated
    return self.render(context)
           ~~~~~~~~~~~^^^^^^^^^
  File "C:\Users\C4S\AppData\Local\Python\pythoncore-3.14-64\Lib\site-packages\django\template\defaulttags.py", line 325, in render
    if match:
       ^^^^^
  File "C:\Users\C4S\AppData\Local\Python\pythoncore-3.14-64\Lib\site-packages\django\db\models\query.py", line 414, in __bool__
    self._fetch_all()
    ~~~~~~~~~~~~~~~^^
  File "C:\Users\C4S\AppData\Local\Python\pythoncore-3.14-64\Lib\site-packages\django\db\models\query.py", line 1928, in _fetch_all
    self._result_cache = list(self._iterable_class(self))
                         ~~~~^^^^^^^^^^^^^^^^^^^^^^^^^^^^
  File "C:\Users\C4S\AppData\Local\Python\pythoncore-3.14-64\Lib\site-packages\django\db\models\query.py", line 91, in __iter__
    results = compiler.execute_sql(
        chunked_fetch=self.chunked_fetch, chunk_size=self.chunk_size
    )
  File "C:\Users\C4S\AppData\Local\Python\pythoncore-3.14-64\Lib\site-packages\django\db\models\sql\compiler.py", line 1562, in execute_sql
    cursor.execute(sql, params)
    ~~~~~~~~~~~~~~^^^^^^^^^^^^^
  File "C:\Users\C4S\AppData\Local\Python\pythoncore-3.14-64\Lib\site-packages\django\db\backends\utils.py", line 122, in execute
    return super().execute(sql, params)
           ~~~~~~~~~~~~~~~^^^^^^^^^^^^^
  File "C:\Users\C4S\AppData\Local\Python\pythoncore-3.14-64\Lib\site-packages\django\db\backends\utils.py", line 79, in execute
    return self._execute_with_wrappers(
           ~~~~~~~~~~~~~~~~~~~~~~~~~~~^
        sql, params, many=False, executor=self._execute
        ^^^^^^^^^^^^^^^^^^^^^^^^^^^^^^^^^^^^^^^^^^^^^^^
    )
    ^
  File "C:\Users\C4S\AppData\Local\Python\pythoncore-3.14-64\Lib\site-packages\django\db\backends\utils.py", line 92, in _execute_with_wrappers
    return executor(sql, params, many, context)
  File "C:\Users\C4S\AppData\Local\Python\pythoncore-3.14-64\Lib\site-packages\django\db\backends\utils.py", line 100, in _execute
    with self.db.wrap_database_errors:
         ^^^^^^^^^^^^^^^^^^^^^^^^^^^^
  File "C:\Users\C4S\AppData\Local\Python\pythoncore-3.14-64\Lib\site-packages\django\db\utils.py", line 91, in __exit__
    raise dj_exc_value.with_traceback(traceback) from exc_value
  File "C:\Users\C4S\AppData\Local\Python\pythoncore-3.14-64\Lib\site-packages\django\db\backends\utils.py", line 105, in _execute
    return self.cursor.execute(sql, params)
           ~~~~~~~~~~~~~~~~~~~^^^^^^^^^^^^^
  File "C:\Users\C4S\AppData\Local\Python\pythoncore-3.14-64\Lib\site-packages\django\db\backends\mysql\base.py", line 76, in execute
    return self.cursor.execute(query, args)
           ~~~~~~~~~~~~~~~~~~~^^^^^^^^^^^^^
  File "C:\Users\C4S\AppData\Local\Python\pythoncore-3.14-64\Lib\site-packages\MySQLdb\cursors.py", line 179, in execute
    res = self._query(mogrified_query)
  File "C:\Users\C4S\AppData\Local\Python\pythoncore-3.14-64\Lib\site-packages\MySQLdb\cursors.py", line 330, in _query
    db.query(q)
    ~~~~~~~~^^^
  File "C:\Users\C4S\AppData\Local\Python\pythoncore-3.14-64\Lib\site-packages\MySQLdb\connections.py", line 286, in query
    _mysql.connection.query(self, query)
    ~~~~~~~~~~~~~~~~~~~~~~~^^^^^^^^^^^^^
django.db.utils.OperationalError: (1054, "Unknown column 'quality_reviews.created_at' in 'field list'")
Internal Server Error: /dashboard/checker/
Traceback (most recent call last):
  File "C:\Users\C4S\AppData\Local\Python\pythoncore-3.14-64\Lib\site-packages\django\db\backends\utils.py", line 105, in _execute
    return self.cursor.execute(sql, params)
           ~~~~~~~~~~~~~~~~~~~^^^^^^^^^^^^^
  File "C:\Users\C4S\AppData\Local\Python\pythoncore-3.14-64\Lib\site-packages\django\db\backends\mysql\base.py", line 76, in execute
    return self.cursor.execute(query, args)
           ~~~~~~~~~~~~~~~~~~~^^^^^^^^^^^^^
  File "C:\Users\C4S\AppData\Local\Python\pythoncore-3.14-64\Lib\site-packages\MySQLdb\cursors.py", line 179, in execute
    res = self._query(mogrified_query)
  File "C:\Users\C4S\AppData\Local\Python\pythoncore-3.14-64\Lib\site-packages\MySQLdb\cursors.py", line 330, in _query
    db.query(q)
    ~~~~~~~~^^^
  File "C:\Users\C4S\AppData\Local\Python\pythoncore-3.14-64\Lib\site-packages\MySQLdb\connections.py", line 286, in query
    _mysql.connection.query(self, query)
    ~~~~~~~~~~~~~~~~~~~~~~~^^^^^^^^^^^^^
MySQLdb.OperationalError: (1054, "Unknown column 'quality_reviews.created_at' in 'field list'")

The above exception was the direct cause of the following exception:

Traceback (most recent call last):
  File "C:\Users\C4S\AppData\Local\Python\pythoncore-3.14-64\Lib\site-packages\django\core\handlers\exception.py", line 55, in inner
    response = get_response(request)
  File "C:\Users\C4S\AppData\Local\Python\pythoncore-3.14-64\Lib\site-packages\django\core\handlers\base.py", line 197, in _get_response
    response = wrapped_callback(request, *callback_args, **callback_kwargs)
  File "C:\Users\C4S\AppData\Local\Python\pythoncore-3.14-64\Lib\site-packages\django\contrib\auth\decorators.py", line 23, in _wrapper_view
    return view_func(request, *args, **kwargs)
  File "C:\abay_repository\dashboard\views.py", line 217, in checker_dashboard
    return render(request, 'dashboard/checker_dashboard.html', context)
  File "C:\Users\C4S\AppData\Local\Python\pythoncore-3.14-64\Lib\site-packages\django\shortcuts.py", line 25, in render
    content = loader.render_to_string(template_name, context, request, using=using)
  File "C:\Users\C4S\AppData\Local\Python\pythoncore-3.14-64\Lib\site-packages\django\template\loader.py", line 62, in render_to_string
    return template.render(context, request)
           ~~~~~~~~~~~~~~~^^^^^^^^^^^^^^^^^^
  File "C:\Users\C4S\AppData\Local\Python\pythoncore-3.14-64\Lib\site-packages\django\template\backends\django.py", line 61, in render
    return self.template.render(context)
           ~~~~~~~~~~~~~~~~~~~~^^^^^^^^^
  File "C:\Users\C4S\AppData\Local\Python\pythoncore-3.14-64\Lib\site-packages\django\template\base.py", line 171, in render
    return self._render(context)
           ~~~~~~~~~~~~^^^^^^^^^
  File "C:\Users\C4S\AppData\Local\Python\pythoncore-3.14-64\Lib\site-packages\django\template\base.py", line 163, in _render
    return self.nodelist.render(context)
           ~~~~~~~~~~~~~~~~~~~~^^^^^^^^^
  File "C:\Users\C4S\AppData\Local\Python\pythoncore-3.14-64\Lib\site-packages\django\template\base.py", line 1000, in render
    return SafeString("".join([node.render_annotated(context) for node in self]))
                               ~~~~~~~~~~~~~~~~~~~~~^^^^^^^^^
  File "C:\Users\C4S\AppData\Local\Python\pythoncore-3.14-64\Lib\site-packages\django\template\base.py", line 961, in render_annotated
    return self.render(context)
           ~~~~~~~~~~~^^^^^^^^^
  File "C:\Users\C4S\AppData\Local\Python\pythoncore-3.14-64\Lib\site-packages\django\template\loader_tags.py", line 159, in render
    return compiled_parent._render(context)
           ~~~~~~~~~~~~~~~~~~~~~~~^^^^^^^^^
  File "C:\Users\C4S\AppData\Local\Python\pythoncore-3.14-64\Lib\site-packages\django\template\base.py", line 163, in _render
    return self.nodelist.render(context)
           ~~~~~~~~~~~~~~~~~~~~^^^^^^^^^
  File "C:\Users\C4S\AppData\Local\Python\pythoncore-3.14-64\Lib\site-packages\django\template\base.py", line 1000, in render
    return SafeString("".join([node.render_annotated(context) for node in self]))
                               ~~~~~~~~~~~~~~~~~~~~~^^^^^^^^^
  File "C:\Users\C4S\AppData\Local\Python\pythoncore-3.14-64\Lib\site-packages\django\template\base.py", line 961, in render_annotated
    return self.render(context)
           ~~~~~~~~~~~^^^^^^^^^
  File "C:\Users\C4S\AppData\Local\Python\pythoncore-3.14-64\Lib\site-packages\django\template\loader_tags.py", line 65, in render
    result = block.nodelist.render(context)
  File "C:\Users\C4S\AppData\Local\Python\pythoncore-3.14-64\Lib\site-packages\django\template\base.py", line 1000, in render
    return SafeString("".join([node.render_annotated(context) for node in self]))
                               ~~~~~~~~~~~~~~~~~~~~~^^^^^^^^^
  File "C:\Users\C4S\AppData\Local\Python\pythoncore-3.14-64\Lib\site-packages\django\template\base.py", line 961, in render_annotated
    return self.render(context)
           ~~~~~~~~~~~^^^^^^^^^
  File "C:\Users\C4S\AppData\Local\Python\pythoncore-3.14-64\Lib\site-packages\django\template\defaulttags.py", line 325, in render
    if match:
       ^^^^^
  File "C:\Users\C4S\AppData\Local\Python\pythoncore-3.14-64\Lib\site-packages\django\db\models\query.py", line 414, in __bool__
    self._fetch_all()
    ~~~~~~~~~~~~~~~^^
  File "C:\Users\C4S\AppData\Local\Python\pythoncore-3.14-64\Lib\site-packages\django\db\models\query.py", line 1928, in _fetch_all
    self._result_cache = list(self._iterable_class(self))
                         ~~~~^^^^^^^^^^^^^^^^^^^^^^^^^^^^
  File "C:\Users\C4S\AppData\Local\Python\pythoncore-3.14-64\Lib\site-packages\django\db\models\query.py", line 91, in __iter__
    results = compiler.execute_sql(
        chunked_fetch=self.chunked_fetch, chunk_size=self.chunk_size
    )
  File "C:\Users\C4S\AppData\Local\Python\pythoncore-3.14-64\Lib\site-packages\django\db\models\sql\compiler.py", line 1562, in execute_sql
    cursor.execute(sql, params)
    ~~~~~~~~~~~~~~^^^^^^^^^^^^^
  File "C:\Users\C4S\AppData\Local\Python\pythoncore-3.14-64\Lib\site-packages\django\db\backends\utils.py", line 122, in execute
    return super().execute(sql, params)
           ~~~~~~~~~~~~~~~^^^^^^^^^^^^^
  File "C:\Users\C4S\AppData\Local\Python\pythoncore-3.14-64\Lib\site-packages\django\db\backends\utils.py", line 79, in execute
    return self._execute_with_wrappers(
           ~~~~~~~~~~~~~~~~~~~~~~~~~~~^
        sql, params, many=False, executor=self._execute
        ^^^^^^^^^^^^^^^^^^^^^^^^^^^^^^^^^^^^^^^^^^^^^^^
    )
    ^
  File "C:\Users\C4S\AppData\Local\Python\pythoncore-3.14-64\Lib\site-packages\django\db\backends\utils.py", line 92, in _execute_with_wrappers
    return executor(sql, params, many, context)
  File "C:\Users\C4S\AppData\Local\Python\pythoncore-3.14-64\Lib\site-packages\django\db\backends\utils.py", line 100, in _execute
    with self.db.wrap_database_errors:
         ^^^^^^^^^^^^^^^^^^^^^^^^^^^^
  File "C:\Users\C4S\AppData\Local\Python\pythoncore-3.14-64\Lib\site-packages\django\db\utils.py", line 91, in __exit__
    raise dj_exc_value.with_traceback(traceback) from exc_value
  File "C:\Users\C4S\AppData\Local\Python\pythoncore-3.14-64\Lib\site-packages\django\db\backends\utils.py", line 105, in _execute
    return self.cursor.execute(sql, params)
           ~~~~~~~~~~~~~~~~~~~^^^^^^^^^^^^^
  File "C:\Users\C4S\AppData\Local\Python\pythoncore-3.14-64\Lib\site-packages\django\db\backends\mysql\base.py", line 76, in execute
    return self.cursor.execute(query, args)
           ~~~~~~~~~~~~~~~~~~~^^^^^^^^^^^^^
  File "C:\Users\C4S\AppData\Local\Python\pythoncore-3.14-64\Lib\site-packages\MySQLdb\cursors.py", line 179, in execute
    res = self._query(mogrified_query)
  File "C:\Users\C4S\AppData\Local\Python\pythoncore-3.14-64\Lib\site-packages\MySQLdb\cursors.py", line 330, in _query
    db.query(q)
    ~~~~~~~~^^^
  File "C:\Users\C4S\AppData\Local\Python\pythoncore-3.14-64\Lib\site-packages\MySQLdb\connections.py", line 286, in query
    _mysql.connection.query(self, query)
    ~~~~~~~~~~~~~~~~~~~~~~~^^^^^^^^^^^^^
django.db.utils.OperationalError: (1054, "Unknown column 'quality_reviews.created_at' in 'field list'")
"GET /dashboard/checker/ HTTP/1.1" 500 252243
"GET /dashboard/checker/ HTTP/1.1" 500 252243
Internal Server Error: /dashboard/checker/
Traceback (most recent call last):
  File "C:\Users\C4S\AppData\Local\Python\pythoncore-3.14-64\Lib\site-packages\django\db\backends\utils.py", line 105, in _execute
    return self.cursor.execute(sql, params)
           ~~~~~~~~~~~~~~~~~~~^^^^^^^^^^^^^
  File "C:\Users\C4S\AppData\Local\Python\pythoncore-3.14-64\Lib\site-packages\django\db\backends\mysql\base.py", line 76, in execute
    return self.cursor.execute(query, args)
           ~~~~~~~~~~~~~~~~~~~^^^^^^^^^^^^^
  File "C:\Users\C4S\AppData\Local\Python\pythoncore-3.14-64\Lib\site-packages\MySQLdb\cursors.py", line 179, in execute
    res = self._query(mogrified_query)
  File "C:\Users\C4S\AppData\Local\Python\pythoncore-3.14-64\Lib\site-packages\MySQLdb\cursors.py", line 330, in _query
    db.query(q)
    ~~~~~~~~^^^
  File "C:\Users\C4S\AppData\Local\Python\pythoncore-3.14-64\Lib\site-packages\MySQLdb\connections.py", line 286, in query
    _mysql.connection.query(self, query)
    ~~~~~~~~~~~~~~~~~~~~~~~^^^^^^^^^^^^^
MySQLdb.OperationalError: (1054, "Unknown column 'quality_reviews.created_at' in 'field list'")

The above exception was the direct cause of the following exception:

Traceback (most recent call last):
  File "C:\Users\C4S\AppData\Local\Python\pythoncore-3.14-64\Lib\site-packages\django\core\handlers\exception.py", line 55, in inner
    response = get_response(request)
  File "C:\Users\C4S\AppData\Local\Python\pythoncore-3.14-64\Lib\site-packages\django\core\handlers\base.py", line 197, in _get_response
    response = wrapped_callback(request, *callback_args, **callback_kwargs)
  File "C:\Users\C4S\AppData\Local\Python\pythoncore-3.14-64\Lib\site-packages\django\contrib\auth\decorators.py", line 23, in _wrapper_view
    return view_func(request, *args, **kwargs)
  File "C:\abay_repository\dashboard\views.py", line 217, in checker_dashboard
    return render(request, 'dashboard/checker_dashboard.html', context)
  File "C:\Users\C4S\AppData\Local\Python\pythoncore-3.14-64\Lib\site-packages\django\shortcuts.py", line 25, in render
    content = loader.render_to_string(template_name, context, request, using=using)
  File "C:\Users\C4S\AppData\Local\Python\pythoncore-3.14-64\Lib\site-packages\django\template\loader.py", line 62, in render_to_string
    return template.render(context, request)
           ~~~~~~~~~~~~~~~^^^^^^^^^^^^^^^^^^
  File "C:\Users\C4S\AppData\Local\Python\pythoncore-3.14-64\Lib\site-packages\django\template\backends\django.py", line 61, in render
    return self.template.render(context)
           ~~~~~~~~~~~~~~~~~~~~^^^^^^^^^
  File "C:\Users\C4S\AppData\Local\Python\pythoncore-3.14-64\Lib\site-packages\django\template\base.py", line 171, in render
    return self._render(context)
           ~~~~~~~~~~~~^^^^^^^^^
  File "C:\Users\C4S\AppData\Local\Python\pythoncore-3.14-64\Lib\site-packages\django\template\base.py", line 163, in _render
    return self.nodelist.render(context)
           ~~~~~~~~~~~~~~~~~~~~^^^^^^^^^
  File "C:\Users\C4S\AppData\Local\Python\pythoncore-3.14-64\Lib\site-packages\django\template\base.py", line 1000, in render
    return SafeString("".join([node.render_annotated(context) for node in self]))
                               ~~~~~~~~~~~~~~~~~~~~~^^^^^^^^^
  File "C:\Users\C4S\AppData\Local\Python\pythoncore-3.14-64\Lib\site-packages\django\template\base.py", line 961, in render_annotated
    return self.render(context)
           ~~~~~~~~~~~^^^^^^^^^
  File "C:\Users\C4S\AppData\Local\Python\pythoncore-3.14-64\Lib\site-packages\django\template\loader_tags.py", line 159, in render
    return compiled_parent._render(context)
           ~~~~~~~~~~~~~~~~~~~~~~~^^^^^^^^^
  File "C:\Users\C4S\AppData\Local\Python\pythoncore-3.14-64\Lib\site-packages\django\template\base.py", line 163, in _render
    return self.nodelist.render(context)
           ~~~~~~~~~~~~~~~~~~~~^^^^^^^^^
  File "C:\Users\C4S\AppData\Local\Python\pythoncore-3.14-64\Lib\site-packages\django\template\base.py", line 1000, in render
    return SafeString("".join([node.render_annotated(context) for node in self]))
                               ~~~~~~~~~~~~~~~~~~~~~^^^^^^^^^
  File "C:\Users\C4S\AppData\Local\Python\pythoncore-3.14-64\Lib\site-packages\django\template\base.py", line 961, in render_annotated
    return self.render(context)
           ~~~~~~~~~~~^^^^^^^^^
  File "C:\Users\C4S\AppData\Local\Python\pythoncore-3.14-64\Lib\site-packages\django\template\loader_tags.py", line 65, in render
    result = block.nodelist.render(context)
  File "C:\Users\C4S\AppData\Local\Python\pythoncore-3.14-64\Lib\site-packages\django\template\base.py", line 1000, in render
    return SafeString("".join([node.render_annotated(context) for node in self]))
                               ~~~~~~~~~~~~~~~~~~~~~^^^^^^^^^
  File "C:\Users\C4S\AppData\Local\Python\pythoncore-3.14-64\Lib\site-packages\django\template\base.py", line 961, in render_annotated
    return self.render(context)
           ~~~~~~~~~~~^^^^^^^^^
  File "C:\Users\C4S\AppData\Local\Python\pythoncore-3.14-64\Lib\site-packages\django\template\defaulttags.py", line 325, in render
    if match:
       ^^^^^
  File "C:\Users\C4S\AppData\Local\Python\pythoncore-3.14-64\Lib\site-packages\django\db\models\query.py", line 414, in __bool__
    self._fetch_all()
    ~~~~~~~~~~~~~~~^^
  File "C:\Users\C4S\AppData\Local\Python\pythoncore-3.14-64\Lib\site-packages\django\db\models\query.py", line 1928, in _fetch_all
    self._result_cache = list(self._iterable_class(self))
                         ~~~~^^^^^^^^^^^^^^^^^^^^^^^^^^^^
  File "C:\Users\C4S\AppData\Local\Python\pythoncore-3.14-64\Lib\site-packages\django\db\models\query.py", line 91, in __iter__
    results = compiler.execute_sql(
        chunked_fetch=self.chunked_fetch, chunk_size=self.chunk_size
    )
  File "C:\Users\C4S\AppData\Local\Python\pythoncore-3.14-64\Lib\site-packages\django\db\models\sql\compiler.py", line 1562, in execute_sql
    cursor.execute(sql, params)
    ~~~~~~~~~~~~~~^^^^^^^^^^^^^
  File "C:\Users\C4S\AppData\Local\Python\pythoncore-3.14-64\Lib\site-packages\django\db\backends\utils.py", line 122, in execute
    return super().execute(sql, params)
           ~~~~~~~~~~~~~~~^^^^^^^^^^^^^
  File "C:\Users\C4S\AppData\Local\Python\pythoncore-3.14-64\Lib\site-packages\django\db\backends\utils.py", line 79, in execute
    return self._execute_with_wrappers(
           ~~~~~~~~~~~~~~~~~~~~~~~~~~~^
        sql, params, many=False, executor=self._execute
        ^^^^^^^^^^^^^^^^^^^^^^^^^^^^^^^^^^^^^^^^^^^^^^^
    )
    ^
  File "C:\Users\C4S\AppData\Local\Python\pythoncore-3.14-64\Lib\site-packages\django\db\backends\utils.py", line 92, in _execute_with_wrappers
    return executor(sql, params, many, context)
  File "C:\Users\C4S\AppData\Local\Python\pythoncore-3.14-64\Lib\site-packages\django\db\backends\utils.py", line 100, in _execute
    with self.db.wrap_database_errors:
         ^^^^^^^^^^^^^^^^^^^^^^^^^^^^
  File "C:\Users\C4S\AppData\Local\Python\pythoncore-3.14-64\Lib\site-packages\django\db\utils.py", line 91, in __exit__
    raise dj_exc_value.with_traceback(traceback) from exc_value
  File "C:\Users\C4S\AppData\Local\Python\pythoncore-3.14-64\Lib\site-packages\django\db\backends\utils.py", line 105, in _execute
    return self.cursor.execute(sql, params)
           ~~~~~~~~~~~~~~~~~~~^^^^^^^^^^^^^
  File "C:\Users\C4S\AppData\Local\Python\pythoncore-3.14-64\Lib\site-packages\django\db\backends\mysql\base.py", line 76, in execute
    return self.cursor.execute(query, args)
           ~~~~~~~~~~~~~~~~~~~^^^^^^^^^^^^^
  File "C:\Users\C4S\AppData\Local\Python\pythoncore-3.14-64\Lib\site-packages\MySQLdb\cursors.py", line 179, in execute
    res = self._query(mogrified_query)
  File "C:\Users\C4S\AppData\Local\Python\pythoncore-3.14-64\Lib\site-packages\MySQLdb\cursors.py", line 330, in _query
    db.query(q)
    ~~~~~~~~^^^
  File "C:\Users\C4S\AppData\Local\Python\pythoncore-3.14-64\Lib\site-packages\MySQLdb\connections.py", line 286, in query
    _mysql.connection.query(self, query)
    ~~~~~~~~~~~~~~~~~~~~~~~^^^^^^^^^^^^^
django.db.utils.OperationalError: (1054, "Unknown column 'quality_reviews.created_at' in 'field list'")
Internal Server Error: /dashboard/checker/
Traceback (most recent call last):
  File "C:\Users\C4S\AppData\Local\Python\pythoncore-3.14-64\Lib\site-packages\django\db\backends\utils.py", line 105, in _execute
    return self.cursor.execute(sql, params)
           ~~~~~~~~~~~~~~~~~~~^^^^^^^^^^^^^
  File "C:\Users\C4S\AppData\Local\Python\pythoncore-3.14-64\Lib\site-packages\django\db\backends\mysql\base.py", line 76, in execute
    return self.cursor.execute(query, args)
           ~~~~~~~~~~~~~~~~~~~^^^^^^^^^^^^^
  File "C:\Users\C4S\AppData\Local\Python\pythoncore-3.14-64\Lib\site-packages\MySQLdb\cursors.py", line 179, in execute
    res = self._query(mogrified_query)
  File "C:\Users\C4S\AppData\Local\Python\pythoncore-3.14-64\Lib\site-packages\MySQLdb\cursors.py", line 330, in _query
    db.query(q)
    ~~~~~~~~^^^
  File "C:\Users\C4S\AppData\Local\Python\pythoncore-3.14-64\Lib\site-packages\MySQLdb\connections.py", line 286, in query
    _mysql.connection.query(self, query)
    ~~~~~~~~~~~~~~~~~~~~~~~^^^^^^^^^^^^^
MySQLdb.OperationalError: (1054, "Unknown column 'quality_reviews.created_at' in 'field list'")

The above exception was the direct cause of the following exception:

Traceback (most recent call last):
  File "C:\Users\C4S\AppData\Local\Python\pythoncore-3.14-64\Lib\site-packages\django\core\handlers\exception.py", line 55, in inner
    response = get_response(request)
  File "C:\Users\C4S\AppData\Local\Python\pythoncore-3.14-64\Lib\site-packages\django\core\handlers\base.py", line 197, in _get_response
    response = wrapped_callback(request, *callback_args, **callback_kwargs)
  File "C:\Users\C4S\AppData\Local\Python\pythoncore-3.14-64\Lib\site-packages\django\contrib\auth\decorators.py", line 23, in _wrapper_view
    return view_func(request, *args, **kwargs)
  File "C:\abay_repository\dashboard\views.py", line 217, in checker_dashboard
    return render(request, 'dashboard/checker_dashboard.html', context)
  File "C:\Users\C4S\AppData\Local\Python\pythoncore-3.14-64\Lib\site-packages\django\shortcuts.py", line 25, in render
    content = loader.render_to_string(template_name, context, request, using=using)
  File "C:\Users\C4S\AppData\Local\Python\pythoncore-3.14-64\Lib\site-packages\django\template\loader.py", line 62, in render_to_string
    return template.render(context, request)
           ~~~~~~~~~~~~~~~^^^^^^^^^^^^^^^^^^
  File "C:\Users\C4S\AppData\Local\Python\pythoncore-3.14-64\Lib\site-packages\django\template\backends\django.py", line 61, in render
    return self.template.render(context)
           ~~~~~~~~~~~~~~~~~~~~^^^^^^^^^
  File "C:\Users\C4S\AppData\Local\Python\pythoncore-3.14-64\Lib\site-packages\django\template\base.py", line 171, in render
    return self._render(context)
           ~~~~~~~~~~~~^^^^^^^^^
  File "C:\Users\C4S\AppData\Local\Python\pythoncore-3.14-64\Lib\site-packages\django\template\base.py", line 163, in _render
    return self.nodelist.render(context)
           ~~~~~~~~~~~~~~~~~~~~^^^^^^^^^
  File "C:\Users\C4S\AppData\Local\Python\pythoncore-3.14-64\Lib\site-packages\django\template\base.py", line 1000, in render
    return SafeString("".join([node.render_annotated(context) for node in self]))
                               ~~~~~~~~~~~~~~~~~~~~~^^^^^^^^^
  File "C:\Users\C4S\AppData\Local\Python\pythoncore-3.14-64\Lib\site-packages\django\template\base.py", line 961, in render_annotated
    return self.render(context)
           ~~~~~~~~~~~^^^^^^^^^
  File "C:\Users\C4S\AppData\Local\Python\pythoncore-3.14-64\Lib\site-packages\django\template\loader_tags.py", line 159, in render
    return compiled_parent._render(context)
           ~~~~~~~~~~~~~~~~~~~~~~~^^^^^^^^^
  File "C:\Users\C4S\AppData\Local\Python\pythoncore-3.14-64\Lib\site-packages\django\template\base.py", line 163, in _render
    return self.nodelist.render(context)
           ~~~~~~~~~~~~~~~~~~~~^^^^^^^^^
  File "C:\Users\C4S\AppData\Local\Python\pythoncore-3.14-64\Lib\site-packages\django\template\base.py", line 1000, in render
    return SafeString("".join([node.render_annotated(context) for node in self]))
                               ~~~~~~~~~~~~~~~~~~~~~^^^^^^^^^
  File "C:\Users\C4S\AppData\Local\Python\pythoncore-3.14-64\Lib\site-packages\django\template\base.py", line 961, in render_annotated
    return self.render(context)
           ~~~~~~~~~~~^^^^^^^^^
  File "C:\Users\C4S\AppData\Local\Python\pythoncore-3.14-64\Lib\site-packages\django\template\loader_tags.py", line 65, in render
    result = block.nodelist.render(context)
  File "C:\Users\C4S\AppData\Local\Python\pythoncore-3.14-64\Lib\site-packages\django\template\base.py", line 1000, in render
    return SafeString("".join([node.render_annotated(context) for node in self]))
                               ~~~~~~~~~~~~~~~~~~~~~^^^^^^^^^
  File "C:\Users\C4S\AppData\Local\Python\pythoncore-3.14-64\Lib\site-packages\django\template\base.py", line 961, in render_annotated
    return self.render(context)
           ~~~~~~~~~~~^^^^^^^^^
  File "C:\Users\C4S\AppData\Local\Python\pythoncore-3.14-64\Lib\site-packages\django\template\defaulttags.py", line 325, in render
    if match:
       ^^^^^
  File "C:\Users\C4S\AppData\Local\Python\pythoncore-3.14-64\Lib\site-packages\django\db\models\query.py", line 414, in __bool__
    self._fetch_all()
    ~~~~~~~~~~~~~~~^^
  File "C:\Users\C4S\AppData\Local\Python\pythoncore-3.14-64\Lib\site-packages\django\db\models\query.py", line 1928, in _fetch_all
    self._result_cache = list(self._iterable_class(self))
                         ~~~~^^^^^^^^^^^^^^^^^^^^^^^^^^^^
  File "C:\Users\C4S\AppData\Local\Python\pythoncore-3.14-64\Lib\site-packages\django\db\models\query.py", line 91, in __iter__
    results = compiler.execute_sql(
        chunked_fetch=self.chunked_fetch, chunk_size=self.chunk_size
    )
  File "C:\Users\C4S\AppData\Local\Python\pythoncore-3.14-64\Lib\site-packages\django\db\models\sql\compiler.py", line 1562, in execute_sql
    cursor.execute(sql, params)
    ~~~~~~~~~~~~~~^^^^^^^^^^^^^
  File "C:\Users\C4S\AppData\Local\Python\pythoncore-3.14-64\Lib\site-packages\django\db\backends\utils.py", line 122, in execute
    return super().execute(sql, params)
           ~~~~~~~~~~~~~~~^^^^^^^^^^^^^
  File "C:\Users\C4S\AppData\Local\Python\pythoncore-3.14-64\Lib\site-packages\django\db\backends\utils.py", line 79, in execute
    return self._execute_with_wrappers(
           ~~~~~~~~~~~~~~~~~~~~~~~~~~~^
        sql, params, many=False, executor=self._execute
        ^^^^^^^^^^^^^^^^^^^^^^^^^^^^^^^^^^^^^^^^^^^^^^^
    )
    ^
  File "C:\Users\C4S\AppData\Local\Python\pythoncore-3.14-64\Lib\site-packages\django\db\backends\utils.py", line 92, in _execute_with_wrappers
    return executor(sql, params, many, context)
  File "C:\Users\C4S\AppData\Local\Python\pythoncore-3.14-64\Lib\site-packages\django\db\backends\utils.py", line 100, in _execute
    with self.db.wrap_database_errors:
         ^^^^^^^^^^^^^^^^^^^^^^^^^^^^
  File "C:\Users\C4S\AppData\Local\Python\pythoncore-3.14-64\Lib\site-packages\django\db\utils.py", line 91, in __exit__
    raise dj_exc_value.with_traceback(traceback) from exc_value
  File "C:\Users\C4S\AppData\Local\Python\pythoncore-3.14-64\Lib\site-packages\django\db\backends\utils.py", line 105, in _execute
    return self.cursor.execute(sql, params)
           ~~~~~~~~~~~~~~~~~~~^^^^^^^^^^^^^
  File "C:\Users\C4S\AppData\Local\Python\pythoncore-3.14-64\Lib\site-packages\django\db\backends\mysql\base.py", line 76, in execute
    return self.cursor.execute(query, args)
           ~~~~~~~~~~~~~~~~~~~^^^^^^^^^^^^^
  File "C:\Users\C4S\AppData\Local\Python\pythoncore-3.14-64\Lib\site-packages\MySQLdb\cursors.py", line 179, in execute
    res = self._query(mogrified_query)
  File "C:\Users\C4S\AppData\Local\Python\pythoncore-3.14-64\Lib\site-packages\MySQLdb\cursors.py", line 330, in _query
    db.query(q)
    ~~~~~~~~^^^
  File "C:\Users\C4S\AppData\Local\Python\pythoncore-3.14-64\Lib\site-packages\MySQLdb\connections.py", line 286, in query
    _mysql.connection.query(self, query)
    ~~~~~~~~~~~~~~~~~~~~~~~^^^^^^^^^^^^^
django.db.utils.OperationalError: (1054, "Unknown column 'quality_reviews.created_at' in 'field list'")
"GET /dashboard/checker/ HTTP/1.1" 500 252243
"GET /dashboard/checker/ HTTP/1.1" 500 252243
Internal Server Error: /dashboard/checker/
Traceback (most recent call last):
  File "C:\Users\C4S\AppData\Local\Python\pythoncore-3.14-64\Lib\site-packages\django\db\backends\utils.py", line 105, in _execute
    return self.cursor.execute(sql, params)
           ~~~~~~~~~~~~~~~~~~~^^^^^^^^^^^^^
  File "C:\Users\C4S\AppData\Local\Python\pythoncore-3.14-64\Lib\site-packages\django\db\backends\mysql\base.py", line 76, in execute
    return self.cursor.execute(query, args)
           ~~~~~~~~~~~~~~~~~~~^^^^^^^^^^^^^
  File "C:\Users\C4S\AppData\Local\Python\pythoncore-3.14-64\Lib\site-packages\MySQLdb\cursors.py", line 179, in execute
    res = self._query(mogrified_query)
  File "C:\Users\C4S\AppData\Local\Python\pythoncore-3.14-64\Lib\site-packages\MySQLdb\cursors.py", line 330, in _query
    db.query(q)
    ~~~~~~~~^^^
  File "C:\Users\C4S\AppData\Local\Python\pythoncore-3.14-64\Lib\site-packages\MySQLdb\connections.py", line 286, in query
    _mysql.connection.query(self, query)
    ~~~~~~~~~~~~~~~~~~~~~~~^^^^^^^^^^^^^
MySQLdb.OperationalError: (1054, "Unknown column 'quality_reviews.created_at' in 'field list'")

The above exception was the direct cause of the following exception:

Traceback (most recent call last):
  File "C:\Users\C4S\AppData\Local\Python\pythoncore-3.14-64\Lib\site-packages\django\core\handlers\exception.py", line 55, in inner
    response = get_response(request)
  File "C:\Users\C4S\AppData\Local\Python\pythoncore-3.14-64\Lib\site-packages\django\core\handlers\base.py", line 197, in _get_response
    response = wrapped_callback(request, *callback_args, **callback_kwargs)
  File "C:\Users\C4S\AppData\Local\Python\pythoncore-3.14-64\Lib\site-packages\django\contrib\auth\decorators.py", line 23, in _wrapper_view
    return view_func(request, *args, **kwargs)
  File "C:\abay_repository\dashboard\views.py", line 217, in checker_dashboard
    return render(request, 'dashboard/checker_dashboard.html', context)
  File "C:\Users\C4S\AppData\Local\Python\pythoncore-3.14-64\Lib\site-packages\django\shortcuts.py", line 25, in render
    content = loader.render_to_string(template_name, context, request, using=using)
  File "C:\Users\C4S\AppData\Local\Python\pythoncore-3.14-64\Lib\site-packages\django\template\loader.py", line 62, in render_to_string
    return template.render(context, request)
           ~~~~~~~~~~~~~~~^^^^^^^^^^^^^^^^^^
  File "C:\Users\C4S\AppData\Local\Python\pythoncore-3.14-64\Lib\site-packages\django\template\backends\django.py", line 61, in render
    return self.template.render(context)
           ~~~~~~~~~~~~~~~~~~~~^^^^^^^^^
  File "C:\Users\C4S\AppData\Local\Python\pythoncore-3.14-64\Lib\site-packages\django\template\base.py", line 171, in render
    return self._render(context)
           ~~~~~~~~~~~~^^^^^^^^^
  File "C:\Users\C4S\AppData\Local\Python\pythoncore-3.14-64\Lib\site-packages\django\template\base.py", line 163, in _render
    return self.nodelist.render(context)
           ~~~~~~~~~~~~~~~~~~~~^^^^^^^^^
  File "C:\Users\C4S\AppData\Local\Python\pythoncore-3.14-64\Lib\site-packages\django\template\base.py", line 1000, in render
    return SafeString("".join([node.render_annotated(context) for node in self]))
                               ~~~~~~~~~~~~~~~~~~~~~^^^^^^^^^
  File "C:\Users\C4S\AppData\Local\Python\pythoncore-3.14-64\Lib\site-packages\django\template\base.py", line 961, in render_annotated
    return self.render(context)
           ~~~~~~~~~~~^^^^^^^^^
  File "C:\Users\C4S\AppData\Local\Python\pythoncore-3.14-64\Lib\site-packages\django\template\loader_tags.py", line 159, in render
    return compiled_parent._render(context)
           ~~~~~~~~~~~~~~~~~~~~~~~^^^^^^^^^
  File "C:\Users\C4S\AppData\Local\Python\pythoncore-3.14-64\Lib\site-packages\django\template\base.py", line 163, in _render
    return self.nodelist.render(context)
           ~~~~~~~~~~~~~~~~~~~~^^^^^^^^^
  File "C:\Users\C4S\AppData\Local\Python\pythoncore-3.14-64\Lib\site-packages\django\template\base.py", line 1000, in render
    return SafeString("".join([node.render_annotated(context) for node in self]))
                               ~~~~~~~~~~~~~~~~~~~~~^^^^^^^^^
  File "C:\Users\C4S\AppData\Local\Python\pythoncore-3.14-64\Lib\site-packages\django\template\base.py", line 961, in render_annotated
    return self.render(context)
           ~~~~~~~~~~~^^^^^^^^^
  File "C:\Users\C4S\AppData\Local\Python\pythoncore-3.14-64\Lib\site-packages\django\template\loader_tags.py", line 65, in render
    result = block.nodelist.render(context)
  File "C:\Users\C4S\AppData\Local\Python\pythoncore-3.14-64\Lib\site-packages\django\template\base.py", line 1000, in render
    return SafeString("".join([node.render_annotated(context) for node in self]))
                               ~~~~~~~~~~~~~~~~~~~~~^^^^^^^^^
  File "C:\Users\C4S\AppData\Local\Python\pythoncore-3.14-64\Lib\site-packages\django\template\base.py", line 961, in render_annotated
    return self.render(context)
           ~~~~~~~~~~~^^^^^^^^^
  File "C:\Users\C4S\AppData\Local\Python\pythoncore-3.14-64\Lib\site-packages\django\template\defaulttags.py", line 325, in render
    if match:
       ^^^^^
  File "C:\Users\C4S\AppData\Local\Python\pythoncore-3.14-64\Lib\site-packages\django\db\models\query.py", line 414, in __bool__
    self._fetch_all()
    ~~~~~~~~~~~~~~~^^
  File "C:\Users\C4S\AppData\Local\Python\pythoncore-3.14-64\Lib\site-packages\django\db\models\query.py", line 1928, in _fetch_all
    self._result_cache = list(self._iterable_class(self))
                         ~~~~^^^^^^^^^^^^^^^^^^^^^^^^^^^^
  File "C:\Users\C4S\AppData\Local\Python\pythoncore-3.14-64\Lib\site-packages\django\db\models\query.py", line 91, in __iter__
    results = compiler.execute_sql(
        chunked_fetch=self.chunked_fetch, chunk_size=self.chunk_size
    )
  File "C:\Users\C4S\AppData\Local\Python\pythoncore-3.14-64\Lib\site-packages\django\db\models\sql\compiler.py", line 1562, in execute_sql
    cursor.execute(sql, params)
    ~~~~~~~~~~~~~~^^^^^^^^^^^^^
  File "C:\Users\C4S\AppData\Local\Python\pythoncore-3.14-64\Lib\site-packages\django\db\backends\utils.py", line 122, in execute
    return super().execute(sql, params)
           ~~~~~~~~~~~~~~~^^^^^^^^^^^^^
  File "C:\Users\C4S\AppData\Local\Python\pythoncore-3.14-64\Lib\site-packages\django\db\backends\utils.py", line 79, in execute
    return self._execute_with_wrappers(
           ~~~~~~~~~~~~~~~~~~~~~~~~~~~^
        sql, params, many=False, executor=self._execute
        ^^^^^^^^^^^^^^^^^^^^^^^^^^^^^^^^^^^^^^^^^^^^^^^
    )
    ^
  File "C:\Users\C4S\AppData\Local\Python\pythoncore-3.14-64\Lib\site-packages\django\db\backends\utils.py", line 92, in _execute_with_wrappers
    return executor(sql, params, many, context)
  File "C:\Users\C4S\AppData\Local\Python\pythoncore-3.14-64\Lib\site-packages\django\db\backends\utils.py", line 100, in _execute
    with self.db.wrap_database_errors:
         ^^^^^^^^^^^^^^^^^^^^^^^^^^^^
  File "C:\Users\C4S\AppData\Local\Python\pythoncore-3.14-64\Lib\site-packages\django\db\utils.py", line 91, in __exit__
    raise dj_exc_value.with_traceback(traceback) from exc_value
  File "C:\Users\C4S\AppData\Local\Python\pythoncore-3.14-64\Lib\site-packages\django\db\backends\utils.py", line 105, in _execute
    return self.cursor.execute(sql, params)
           ~~~~~~~~~~~~~~~~~~~^^^^^^^^^^^^^
  File "C:\Users\C4S\AppData\Local\Python\pythoncore-3.14-64\Lib\site-packages\django\db\backends\mysql\base.py", line 76, in execute
    return self.cursor.execute(query, args)
           ~~~~~~~~~~~~~~~~~~~^^^^^^^^^^^^^
  File "C:\Users\C4S\AppData\Local\Python\pythoncore-3.14-64\Lib\site-packages\MySQLdb\cursors.py", line 179, in execute
    res = self._query(mogrified_query)
  File "C:\Users\C4S\AppData\Local\Python\pythoncore-3.14-64\Lib\site-packages\MySQLdb\cursors.py", line 330, in _query
    db.query(q)
    ~~~~~~~~^^^
  File "C:\Users\C4S\AppData\Local\Python\pythoncore-3.14-64\Lib\site-packages\MySQLdb\connections.py", line 286, in query
    _mysql.connection.query(self, query)
    ~~~~~~~~~~~~~~~~~~~~~~~^^^^^^^^^^^^^
django.db.utils.OperationalError: (1054, "Unknown column 'quality_reviews.created_at' in 'field list'")
Internal Server Error: /dashboard/checker/
Traceback (most recent call last):
  File "C:\Users\C4S\AppData\Local\Python\pythoncore-3.14-64\Lib\site-packages\django\db\backends\utils.py", line 105, in _execute
    return self.cursor.execute(sql, params)
           ~~~~~~~~~~~~~~~~~~~^^^^^^^^^^^^^
  File "C:\Users\C4S\AppData\Local\Python\pythoncore-3.14-64\Lib\site-packages\django\db\backends\mysql\base.py", line 76, in execute
    return self.cursor.execute(query, args)
           ~~~~~~~~~~~~~~~~~~~^^^^^^^^^^^^^
  File "C:\Users\C4S\AppData\Local\Python\pythoncore-3.14-64\Lib\site-packages\MySQLdb\cursors.py", line 179, in execute
    res = self._query(mogrified_query)
  File "C:\Users\C4S\AppData\Local\Python\pythoncore-3.14-64\Lib\site-packages\MySQLdb\cursors.py", line 330, in _query
    db.query(q)
    ~~~~~~~~^^^
  File "C:\Users\C4S\AppData\Local\Python\pythoncore-3.14-64\Lib\site-packages\MySQLdb\connections.py", line 286, in query
    _mysql.connection.query(self, query)
    ~~~~~~~~~~~~~~~~~~~~~~~^^^^^^^^^^^^^
MySQLdb.OperationalError: (1054, "Unknown column 'quality_reviews.created_at' in 'field list'")

The above exception was the direct cause of the following exception:

Traceback (most recent call last):
  File "C:\Users\C4S\AppData\Local\Python\pythoncore-3.14-64\Lib\site-packages\django\core\handlers\exception.py", line 55, in inner
    response = get_response(request)
  File "C:\Users\C4S\AppData\Local\Python\pythoncore-3.14-64\Lib\site-packages\django\core\handlers\base.py", line 197, in _get_response
    response = wrapped_callback(request, *callback_args, **callback_kwargs)
  File "C:\Users\C4S\AppData\Local\Python\pythoncore-3.14-64\Lib\site-packages\django\contrib\auth\decorators.py", line 23, in _wrapper_view
    return view_func(request, *args, **kwargs)
  File "C:\abay_repository\dashboard\views.py", line 217, in checker_dashboard
    return render(request, 'dashboard/checker_dashboard.html', context)
  File "C:\Users\C4S\AppData\Local\Python\pythoncore-3.14-64\Lib\site-packages\django\shortcuts.py", line 25, in render
    content = loader.render_to_string(template_name, context, request, using=using)
  File "C:\Users\C4S\AppData\Local\Python\pythoncore-3.14-64\Lib\site-packages\django\template\loader.py", line 62, in render_to_string
    return template.render(context, request)
           ~~~~~~~~~~~~~~~^^^^^^^^^^^^^^^^^^
  File "C:\Users\C4S\AppData\Local\Python\pythoncore-3.14-64\Lib\site-packages\django\template\backends\django.py", line 61, in render
    return self.template.render(context)
           ~~~~~~~~~~~~~~~~~~~~^^^^^^^^^
  File "C:\Users\C4S\AppData\Local\Python\pythoncore-3.14-64\Lib\site-packages\django\template\base.py", line 171, in render
    return self._render(context)
           ~~~~~~~~~~~~^^^^^^^^^
  File "C:\Users\C4S\AppData\Local\Python\pythoncore-3.14-64\Lib\site-packages\django\template\base.py", line 163, in _render
    return self.nodelist.render(context)
           ~~~~~~~~~~~~~~~~~~~~^^^^^^^^^
  File "C:\Users\C4S\AppData\Local\Python\pythoncore-3.14-64\Lib\site-packages\django\template\base.py", line 1000, in render
    return SafeString("".join([node.render_annotated(context) for node in self]))
                               ~~~~~~~~~~~~~~~~~~~~~^^^^^^^^^
  File "C:\Users\C4S\AppData\Local\Python\pythoncore-3.14-64\Lib\site-packages\django\template\base.py", line 961, in render_annotated
    return self.render(context)
           ~~~~~~~~~~~^^^^^^^^^
  File "C:\Users\C4S\AppData\Local\Python\pythoncore-3.14-64\Lib\site-packages\django\template\loader_tags.py", line 159, in render
    return compiled_parent._render(context)
           ~~~~~~~~~~~~~~~~~~~~~~~^^^^^^^^^
  File "C:\Users\C4S\AppData\Local\Python\pythoncore-3.14-64\Lib\site-packages\django\template\base.py", line 163, in _render
    return self.nodelist.render(context)
           ~~~~~~~~~~~~~~~~~~~~^^^^^^^^^
  File "C:\Users\C4S\AppData\Local\Python\pythoncore-3.14-64\Lib\site-packages\django\template\base.py", line 1000, in render
    return SafeString("".join([node.render_annotated(context) for node in self]))
                               ~~~~~~~~~~~~~~~~~~~~~^^^^^^^^^
  File "C:\Users\C4S\AppData\Local\Python\pythoncore-3.14-64\Lib\site-packages\django\template\base.py", line 961, in render_annotated
    return self.render(context)
           ~~~~~~~~~~~^^^^^^^^^
  File "C:\Users\C4S\AppData\Local\Python\pythoncore-3.14-64\Lib\site-packages\django\template\loader_tags.py", line 65, in render
    result = block.nodelist.render(context)
  File "C:\Users\C4S\AppData\Local\Python\pythoncore-3.14-64\Lib\site-packages\django\template\base.py", line 1000, in render
    return SafeString("".join([node.render_annotated(context) for node in self]))
                               ~~~~~~~~~~~~~~~~~~~~~^^^^^^^^^
  File "C:\Users\C4S\AppData\Local\Python\pythoncore-3.14-64\Lib\site-packages\django\template\base.py", line 961, in render_annotated
    return self.render(context)
           ~~~~~~~~~~~^^^^^^^^^
  File "C:\Users\C4S\AppData\Local\Python\pythoncore-3.14-64\Lib\site-packages\django\template\defaulttags.py", line 325, in render
    if match:
       ^^^^^
  File "C:\Users\C4S\AppData\Local\Python\pythoncore-3.14-64\Lib\site-packages\django\db\models\query.py", line 414, in __bool__
    self._fetch_all()
    ~~~~~~~~~~~~~~~^^
  File "C:\Users\C4S\AppData\Local\Python\pythoncore-3.14-64\Lib\site-packages\django\db\models\query.py", line 1928, in _fetch_all
    self._result_cache = list(self._iterable_class(self))
                         ~~~~^^^^^^^^^^^^^^^^^^^^^^^^^^^^
  File "C:\Users\C4S\AppData\Local\Python\pythoncore-3.14-64\Lib\site-packages\django\db\models\query.py", line 91, in __iter__
    results = compiler.execute_sql(
        chunked_fetch=self.chunked_fetch, chunk_size=self.chunk_size
    )
  File "C:\Users\C4S\AppData\Local\Python\pythoncore-3.14-64\Lib\site-packages\django\db\models\sql\compiler.py", line 1562, in execute_sql
    cursor.execute(sql, params)
    ~~~~~~~~~~~~~~^^^^^^^^^^^^^
  File "C:\Users\C4S\AppData\Local\Python\pythoncore-3.14-64\Lib\site-packages\django\db\backends\utils.py", line 122, in execute
    return super().execute(sql, params)
           ~~~~~~~~~~~~~~~^^^^^^^^^^^^^
  File "C:\Users\C4S\AppData\Local\Python\pythoncore-3.14-64\Lib\site-packages\django\db\backends\utils.py", line 79, in execute
    return self._execute_with_wrappers(
           ~~~~~~~~~~~~~~~~~~~~~~~~~~~^
        sql, params, many=False, executor=self._execute
        ^^^^^^^^^^^^^^^^^^^^^^^^^^^^^^^^^^^^^^^^^^^^^^^
    )
    ^
  File "C:\Users\C4S\AppData\Local\Python\pythoncore-3.14-64\Lib\site-packages\django\db\backends\utils.py", line 92, in _execute_with_wrappers
    return executor(sql, params, many, context)
  File "C:\Users\C4S\AppData\Local\Python\pythoncore-3.14-64\Lib\site-packages\django\db\backends\utils.py", line 100, in _execute
    with self.db.wrap_database_errors:
         ^^^^^^^^^^^^^^^^^^^^^^^^^^^^
  File "C:\Users\C4S\AppData\Local\Python\pythoncore-3.14-64\Lib\site-packages\django\db\utils.py", line 91, in __exit__
    raise dj_exc_value.with_traceback(traceback) from exc_value
  File "C:\Users\C4S\AppData\Local\Python\pythoncore-3.14-64\Lib\site-packages\django\db\backends\utils.py", line 105, in _execute
    return self.cursor.execute(sql, params)
           ~~~~~~~~~~~~~~~~~~~^^^^^^^^^^^^^
  File "C:\Users\C4S\AppData\Local\Python\pythoncore-3.14-64\Lib\site-packages\django\db\backends\mysql\base.py", line 76, in execute
    return self.cursor.execute(query, args)
           ~~~~~~~~~~~~~~~~~~~^^^^^^^^^^^^^
  File "C:\Users\C4S\AppData\Local\Python\pythoncore-3.14-64\Lib\site-packages\MySQLdb\cursors.py", line 179, in execute
    res = self._query(mogrified_query)
  File "C:\Users\C4S\AppData\Local\Python\pythoncore-3.14-64\Lib\site-packages\MySQLdb\cursors.py", line 330, in _query
    db.query(q)
    ~~~~~~~~^^^
  File "C:\Users\C4S\AppData\Local\Python\pythoncore-3.14-64\Lib\site-packages\MySQLdb\connections.py", line 286, in query
    _mysql.connection.query(self, query)
    ~~~~~~~~~~~~~~~~~~~~~~~^^^^^^^^^^^^^
django.db.utils.OperationalError: (1054, "Unknown column 'quality_reviews.created_at' in 'field list'")
"GET /dashboard/checker/ HTTP/1.1" 500 252243
"GET /dashboard/checker/ HTTP/1.1" 500 252243
Internal Server Error: /dashboard/checker/
Traceback (most recent call last):
  File "C:\Users\C4S\AppData\Local\Python\pythoncore-3.14-64\Lib\site-packages\django\db\backends\utils.py", line 105, in _execute
    return self.cursor.execute(sql, params)
           ~~~~~~~~~~~~~~~~~~~^^^^^^^^^^^^^
  File "C:\Users\C4S\AppData\Local\Python\pythoncore-3.14-64\Lib\site-packages\django\db\backends\mysql\base.py", line 76, in execute
    return self.cursor.execute(query, args)
           ~~~~~~~~~~~~~~~~~~~^^^^^^^^^^^^^
  File "C:\Users\C4S\AppData\Local\Python\pythoncore-3.14-64\Lib\site-packages\MySQLdb\cursors.py", line 179, in execute
    res = self._query(mogrified_query)
  File "C:\Users\C4S\AppData\Local\Python\pythoncore-3.14-64\Lib\site-packages\MySQLdb\cursors.py", line 330, in _query
    db.query(q)
    ~~~~~~~~^^^
  File "C:\Users\C4S\AppData\Local\Python\pythoncore-3.14-64\Lib\site-packages\MySQLdb\connections.py", line 286, in query
    _mysql.connection.query(self, query)
    ~~~~~~~~~~~~~~~~~~~~~~~^^^^^^^^^^^^^
MySQLdb.OperationalError: (1054, "Unknown column 'quality_reviews.created_at' in 'field list'")

The above exception was the direct cause of the following exception:

Traceback (most recent call last):
  File "C:\Users\C4S\AppData\Local\Python\pythoncore-3.14-64\Lib\site-packages\django\core\handlers\exception.py", line 55, in inner
    response = get_response(request)
  File "C:\Users\C4S\AppData\Local\Python\pythoncore-3.14-64\Lib\site-packages\django\core\handlers\base.py", line 197, in _get_response
    response = wrapped_callback(request, *callback_args, **callback_kwargs)
  File "C:\Users\C4S\AppData\Local\Python\pythoncore-3.14-64\Lib\site-packages\django\contrib\auth\decorators.py", line 23, in _wrapper_view
    return view_func(request, *args, **kwargs)
  File "C:\abay_repository\dashboard\views.py", line 217, in checker_dashboard
    return render(request, 'dashboard/checker_dashboard.html', context)
  File "C:\Users\C4S\AppData\Local\Python\pythoncore-3.14-64\Lib\site-packages\django\shortcuts.py", line 25, in render
    content = loader.render_to_string(template_name, context, request, using=using)
  File "C:\Users\C4S\AppData\Local\Python\pythoncore-3.14-64\Lib\site-packages\django\template\loader.py", line 62, in render_to_string
    return template.render(context, request)
           ~~~~~~~~~~~~~~~^^^^^^^^^^^^^^^^^^
  File "C:\Users\C4S\AppData\Local\Python\pythoncore-3.14-64\Lib\site-packages\django\template\backends\django.py", line 61, in render
    return self.template.render(context)
           ~~~~~~~~~~~~~~~~~~~~^^^^^^^^^
  File "C:\Users\C4S\AppData\Local\Python\pythoncore-3.14-64\Lib\site-packages\django\template\base.py", line 171, in render
    return self._render(context)
           ~~~~~~~~~~~~^^^^^^^^^
  File "C:\Users\C4S\AppData\Local\Python\pythoncore-3.14-64\Lib\site-packages\django\template\base.py", line 163, in _render
    return self.nodelist.render(context)
           ~~~~~~~~~~~~~~~~~~~~^^^^^^^^^
  File "C:\Users\C4S\AppData\Local\Python\pythoncore-3.14-64\Lib\site-packages\django\template\base.py", line 1000, in render
    return SafeString("".join([node.render_annotated(context) for node in self]))
                               ~~~~~~~~~~~~~~~~~~~~~^^^^^^^^^
  File "C:\Users\C4S\AppData\Local\Python\pythoncore-3.14-64\Lib\site-packages\django\template\base.py", line 961, in render_annotated
    return self.render(context)
           ~~~~~~~~~~~^^^^^^^^^
  File "C:\Users\C4S\AppData\Local\Python\pythoncore-3.14-64\Lib\site-packages\django\template\loader_tags.py", line 159, in render
    return compiled_parent._render(context)
           ~~~~~~~~~~~~~~~~~~~~~~~^^^^^^^^^
  File "C:\Users\C4S\AppData\Local\Python\pythoncore-3.14-64\Lib\site-packages\django\template\base.py", line 163, in _render
    return self.nodelist.render(context)
           ~~~~~~~~~~~~~~~~~~~~^^^^^^^^^
  File "C:\Users\C4S\AppData\Local\Python\pythoncore-3.14-64\Lib\site-packages\django\template\base.py", line 1000, in render
    return SafeString("".join([node.render_annotated(context) for node in self]))
                               ~~~~~~~~~~~~~~~~~~~~~^^^^^^^^^
  File "C:\Users\C4S\AppData\Local\Python\pythoncore-3.14-64\Lib\site-packages\django\template\base.py", line 961, in render_annotated
    return self.render(context)
           ~~~~~~~~~~~^^^^^^^^^
  File "C:\Users\C4S\AppData\Local\Python\pythoncore-3.14-64\Lib\site-packages\django\template\loader_tags.py", line 65, in render
    result = block.nodelist.render(context)
  File "C:\Users\C4S\AppData\Local\Python\pythoncore-3.14-64\Lib\site-packages\django\template\base.py", line 1000, in render
    return SafeString("".join([node.render_annotated(context) for node in self]))
                               ~~~~~~~~~~~~~~~~~~~~~^^^^^^^^^
  File "C:\Users\C4S\AppData\Local\Python\pythoncore-3.14-64\Lib\site-packages\django\template\base.py", line 961, in render_annotated
    return self.render(context)
           ~~~~~~~~~~~^^^^^^^^^
  File "C:\Users\C4S\AppData\Local\Python\pythoncore-3.14-64\Lib\site-packages\django\template\defaulttags.py", line 325, in render
    if match:
       ^^^^^
  File "C:\Users\C4S\AppData\Local\Python\pythoncore-3.14-64\Lib\site-packages\django\db\models\query.py", line 414, in __bool__
    self._fetch_all()
    ~~~~~~~~~~~~~~~^^
  File "C:\Users\C4S\AppData\Local\Python\pythoncore-3.14-64\Lib\site-packages\django\db\models\query.py", line 1928, in _fetch_all
    self._result_cache = list(self._iterable_class(self))
                         ~~~~^^^^^^^^^^^^^^^^^^^^^^^^^^^^
  File "C:\Users\C4S\AppData\Local\Python\pythoncore-3.14-64\Lib\site-packages\django\db\models\query.py", line 91, in __iter__
    results = compiler.execute_sql(
        chunked_fetch=self.chunked_fetch, chunk_size=self.chunk_size
    )
  File "C:\Users\C4S\AppData\Local\Python\pythoncore-3.14-64\Lib\site-packages\django\db\models\sql\compiler.py", line 1562, in execute_sql
    cursor.execute(sql, params)
    ~~~~~~~~~~~~~~^^^^^^^^^^^^^
  File "C:\Users\C4S\AppData\Local\Python\pythoncore-3.14-64\Lib\site-packages\django\db\backends\utils.py", line 122, in execute
    return super().execute(sql, params)
           ~~~~~~~~~~~~~~~^^^^^^^^^^^^^
  File "C:\Users\C4S\AppData\Local\Python\pythoncore-3.14-64\Lib\site-packages\django\db\backends\utils.py", line 79, in execute
    return self._execute_with_wrappers(
           ~~~~~~~~~~~~~~~~~~~~~~~~~~~^
        sql, params, many=False, executor=self._execute
        ^^^^^^^^^^^^^^^^^^^^^^^^^^^^^^^^^^^^^^^^^^^^^^^
    )
    ^
  File "C:\Users\C4S\AppData\Local\Python\pythoncore-3.14-64\Lib\site-packages\django\db\backends\utils.py", line 92, in _execute_with_wrappers
    return executor(sql, params, many, context)
  File "C:\Users\C4S\AppData\Local\Python\pythoncore-3.14-64\Lib\site-packages\django\db\backends\utils.py", line 100, in _execute
    with self.db.wrap_database_errors:
         ^^^^^^^^^^^^^^^^^^^^^^^^^^^^
  File "C:\Users\C4S\AppData\Local\Python\pythoncore-3.14-64\Lib\site-packages\django\db\utils.py", line 91, in __exit__
    raise dj_exc_value.with_traceback(traceback) from exc_value
  File "C:\Users\C4S\AppData\Local\Python\pythoncore-3.14-64\Lib\site-packages\django\db\backends\utils.py", line 105, in _execute
    return self.cursor.execute(sql, params)
           ~~~~~~~~~~~~~~~~~~~^^^^^^^^^^^^^
  File "C:\Users\C4S\AppData\Local\Python\pythoncore-3.14-64\Lib\site-packages\django\db\backends\mysql\base.py", line 76, in execute
    return self.cursor.execute(query, args)
           ~~~~~~~~~~~~~~~~~~~^^^^^^^^^^^^^
  File "C:\Users\C4S\AppData\Local\Python\pythoncore-3.14-64\Lib\site-packages\MySQLdb\cursors.py", line 179, in execute
    res = self._query(mogrified_query)
  File "C:\Users\C4S\AppData\Local\Python\pythoncore-3.14-64\Lib\site-packages\MySQLdb\cursors.py", line 330, in _query
    db.query(q)
    ~~~~~~~~^^^
  File "C:\Users\C4S\AppData\Local\Python\pythoncore-3.14-64\Lib\site-packages\MySQLdb\connections.py", line 286, in query
    _mysql.connection.query(self, query)
    ~~~~~~~~~~~~~~~~~~~~~~~^^^^^^^^^^^^^
django.db.utils.OperationalError: (1054, "Unknown column 'quality_reviews.created_at' in 'field list'")
Internal Server Error: /dashboard/checker/
Traceback (most recent call last):
  File "C:\Users\C4S\AppData\Local\Python\pythoncore-3.14-64\Lib\site-packages\django\db\backends\utils.py", line 105, in _execute
    return self.cursor.execute(sql, params)
           ~~~~~~~~~~~~~~~~~~~^^^^^^^^^^^^^
  File "C:\Users\C4S\AppData\Local\Python\pythoncore-3.14-64\Lib\site-packages\django\db\backends\mysql\base.py", line 76, in execute
    return self.cursor.execute(query, args)
           ~~~~~~~~~~~~~~~~~~~^^^^^^^^^^^^^
  File "C:\Users\C4S\AppData\Local\Python\pythoncore-3.14-64\Lib\site-packages\MySQLdb\cursors.py", line 179, in execute
    res = self._query(mogrified_query)
  File "C:\Users\C4S\AppData\Local\Python\pythoncore-3.14-64\Lib\site-packages\MySQLdb\cursors.py", line 330, in _query
    db.query(q)
    ~~~~~~~~^^^
  File "C:\Users\C4S\AppData\Local\Python\pythoncore-3.14-64\Lib\site-packages\MySQLdb\connections.py", line 286, in query
    _mysql.connection.query(self, query)
    ~~~~~~~~~~~~~~~~~~~~~~~^^^^^^^^^^^^^
MySQLdb.OperationalError: (1054, "Unknown column 'quality_reviews.created_at' in 'field list'")

The above exception was the direct cause of the following exception:

Traceback (most recent call last):
  File "C:\Users\C4S\AppData\Local\Python\pythoncore-3.14-64\Lib\site-packages\django\core\handlers\exception.py", line 55, in inner
    response = get_response(request)
  File "C:\Users\C4S\AppData\Local\Python\pythoncore-3.14-64\Lib\site-packages\django\core\handlers\base.py", line 197, in _get_response
    response = wrapped_callback(request, *callback_args, **callback_kwargs)
  File "C:\Users\C4S\AppData\Local\Python\pythoncore-3.14-64\Lib\site-packages\django\contrib\auth\decorators.py", line 23, in _wrapper_view
    return view_func(request, *args, **kwargs)
  File "C:\abay_repository\dashboard\views.py", line 217, in checker_dashboard
    return render(request, 'dashboard/checker_dashboard.html', context)
  File "C:\Users\C4S\AppData\Local\Python\pythoncore-3.14-64\Lib\site-packages\django\shortcuts.py", line 25, in render
    content = loader.render_to_string(template_name, context, request, using=using)
  File "C:\Users\C4S\AppData\Local\Python\pythoncore-3.14-64\Lib\site-packages\django\template\loader.py", line 62, in render_to_string
    return template.render(context, request)
           ~~~~~~~~~~~~~~~^^^^^^^^^^^^^^^^^^
  File "C:\Users\C4S\AppData\Local\Python\pythoncore-3.14-64\Lib\site-packages\django\template\backends\django.py", line 61, in render
    return self.template.render(context)
           ~~~~~~~~~~~~~~~~~~~~^^^^^^^^^
  File "C:\Users\C4S\AppData\Local\Python\pythoncore-3.14-64\Lib\site-packages\django\template\base.py", line 171, in render
    return self._render(context)
           ~~~~~~~~~~~~^^^^^^^^^
  File "C:\Users\C4S\AppData\Local\Python\pythoncore-3.14-64\Lib\site-packages\django\template\base.py", line 163, in _render
    return self.nodelist.render(context)
           ~~~~~~~~~~~~~~~~~~~~^^^^^^^^^
  File "C:\Users\C4S\AppData\Local\Python\pythoncore-3.14-64\Lib\site-packages\django\template\base.py", line 1000, in render
    return SafeString("".join([node.render_annotated(context) for node in self]))
                               ~~~~~~~~~~~~~~~~~~~~~^^^^^^^^^
  File "C:\Users\C4S\AppData\Local\Python\pythoncore-3.14-64\Lib\site-packages\django\template\base.py", line 961, in render_annotated
    return self.render(context)
           ~~~~~~~~~~~^^^^^^^^^
  File "C:\Users\C4S\AppData\Local\Python\pythoncore-3.14-64\Lib\site-packages\django\template\loader_tags.py", line 159, in render
    return compiled_parent._render(context)
           ~~~~~~~~~~~~~~~~~~~~~~~^^^^^^^^^
  File "C:\Users\C4S\AppData\Local\Python\pythoncore-3.14-64\Lib\site-packages\django\template\base.py", line 163, in _render
    return self.nodelist.render(context)
           ~~~~~~~~~~~~~~~~~~~~^^^^^^^^^
  File "C:\Users\C4S\AppData\Local\Python\pythoncore-3.14-64\Lib\site-packages\django\template\base.py", line 1000, in render
    return SafeString("".join([node.render_annotated(context) for node in self]))
                               ~~~~~~~~~~~~~~~~~~~~~^^^^^^^^^
  File "C:\Users\C4S\AppData\Local\Python\pythoncore-3.14-64\Lib\site-packages\django\template\base.py", line 961, in render_annotated
    return self.render(context)
           ~~~~~~~~~~~^^^^^^^^^
  File "C:\Users\C4S\AppData\Local\Python\pythoncore-3.14-64\Lib\site-packages\django\template\loader_tags.py", line 65, in render
    result = block.nodelist.render(context)
  File "C:\Users\C4S\AppData\Local\Python\pythoncore-3.14-64\Lib\site-packages\django\template\base.py", line 1000, in render
    return SafeString("".join([node.render_annotated(context) for node in self]))
                               ~~~~~~~~~~~~~~~~~~~~~^^^^^^^^^
  File "C:\Users\C4S\AppData\Local\Python\pythoncore-3.14-64\Lib\site-packages\django\template\base.py", line 961, in render_annotated
    return self.render(context)
           ~~~~~~~~~~~^^^^^^^^^
  File "C:\Users\C4S\AppData\Local\Python\pythoncore-3.14-64\Lib\site-packages\django\template\defaulttags.py", line 325, in render
    if match:
       ^^^^^
  File "C:\Users\C4S\AppData\Local\Python\pythoncore-3.14-64\Lib\site-packages\django\db\models\query.py", line 414, in __bool__
    self._fetch_all()
    ~~~~~~~~~~~~~~~^^
  File "C:\Users\C4S\AppData\Local\Python\pythoncore-3.14-64\Lib\site-packages\django\db\models\query.py", line 1928, in _fetch_all
    self._result_cache = list(self._iterable_class(self))
                         ~~~~^^^^^^^^^^^^^^^^^^^^^^^^^^^^
  File "C:\Users\C4S\AppData\Local\Python\pythoncore-3.14-64\Lib\site-packages\django\db\models\query.py", line 91, in __iter__
    results = compiler.execute_sql(
        chunked_fetch=self.chunked_fetch, chunk_size=self.chunk_size
    )
  File "C:\Users\C4S\AppData\Local\Python\pythoncore-3.14-64\Lib\site-packages\django\db\models\sql\compiler.py", line 1562, in execute_sql
    cursor.execute(sql, params)
    ~~~~~~~~~~~~~~^^^^^^^^^^^^^
  File "C:\Users\C4S\AppData\Local\Python\pythoncore-3.14-64\Lib\site-packages\django\db\backends\utils.py", line 122, in execute
    return super().execute(sql, params)
           ~~~~~~~~~~~~~~~^^^^^^^^^^^^^
  File "C:\Users\C4S\AppData\Local\Python\pythoncore-3.14-64\Lib\site-packages\django\db\backends\utils.py", line 79, in execute
    return self._execute_with_wrappers(
           ~~~~~~~~~~~~~~~~~~~~~~~~~~~^
        sql, params, many=False, executor=self._execute
        ^^^^^^^^^^^^^^^^^^^^^^^^^^^^^^^^^^^^^^^^^^^^^^^
    )
    ^
  File "C:\Users\C4S\AppData\Local\Python\pythoncore-3.14-64\Lib\site-packages\django\db\backends\utils.py", line 92, in _execute_with_wrappers
    return executor(sql, params, many, context)
  File "C:\Users\C4S\AppData\Local\Python\pythoncore-3.14-64\Lib\site-packages\django\db\backends\utils.py", line 100, in _execute
    with self.db.wrap_database_errors:
         ^^^^^^^^^^^^^^^^^^^^^^^^^^^^
  File "C:\Users\C4S\AppData\Local\Python\pythoncore-3.14-64\Lib\site-packages\django\db\utils.py", line 91, in __exit__
    raise dj_exc_value.with_traceback(traceback) from exc_value
  File "C:\Users\C4S\AppData\Local\Python\pythoncore-3.14-64\Lib\site-packages\django\db\backends\utils.py", line 105, in _execute
    return self.cursor.execute(sql, params)
           ~~~~~~~~~~~~~~~~~~~^^^^^^^^^^^^^
  File "C:\Users\C4S\AppData\Local\Python\pythoncore-3.14-64\Lib\site-packages\django\db\backends\mysql\base.py", line 76, in execute
    return self.cursor.execute(query, args)
           ~~~~~~~~~~~~~~~~~~~^^^^^^^^^^^^^
  File "C:\Users\C4S\AppData\Local\Python\pythoncore-3.14-64\Lib\site-packages\MySQLdb\cursors.py", line 179, in execute
    res = self._query(mogrified_query)
  File "C:\Users\C4S\AppData\Local\Python\pythoncore-3.14-64\Lib\site-packages\MySQLdb\cursors.py", line 330, in _query
    db.query(q)
    ~~~~~~~~^^^
  File "C:\Users\C4S\AppData\Local\Python\pythoncore-3.14-64\Lib\site-packages\MySQLdb\connections.py", line 286, in query
    _mysql.connection.query(self, query)
    ~~~~~~~~~~~~~~~~~~~~~~~^^^^^^^^^^^^^
django.db.utils.OperationalError: (1054, "Unknown column 'quality_reviews.created_at' in 'field list'")
"GET /dashboard/checker/ HTTP/1.1" 500 252243
"GET /dashboard/checker/ HTTP/1.1" 500 252243
Internal Server Error: /dashboard/checker/
Traceback (most recent call last):
  File "C:\Users\C4S\AppData\Local\Python\pythoncore-3.14-64\Lib\site-packages\django\db\backends\utils.py", line 105, in _execute
    return self.cursor.execute(sql, params)
           ~~~~~~~~~~~~~~~~~~~^^^^^^^^^^^^^
  File "C:\Users\C4S\AppData\Local\Python\pythoncore-3.14-64\Lib\site-packages\django\db\backends\mysql\base.py", line 76, in execute
    return self.cursor.execute(query, args)
           ~~~~~~~~~~~~~~~~~~~^^^^^^^^^^^^^
  File "C:\Users\C4S\AppData\Local\Python\pythoncore-3.14-64\Lib\site-packages\MySQLdb\cursors.py", line 179, in execute
    res = self._query(mogrified_query)
  File "C:\Users\C4S\AppData\Local\Python\pythoncore-3.14-64\Lib\site-packages\MySQLdb\cursors.py", line 330, in _query
    db.query(q)
    ~~~~~~~~^^^
  File "C:\Users\C4S\AppData\Local\Python\pythoncore-3.14-64\Lib\site-packages\MySQLdb\connections.py", line 286, in query
    _mysql.connection.query(self, query)
    ~~~~~~~~~~~~~~~~~~~~~~~^^^^^^^^^^^^^
MySQLdb.OperationalError: (1054, "Unknown column 'quality_reviews.created_at' in 'field list'")

The above exception was the direct cause of the following exception:

Traceback (most recent call last):
  File "C:\Users\C4S\AppData\Local\Python\pythoncore-3.14-64\Lib\site-packages\django\core\handlers\exception.py", line 55, in inner
    response = get_response(request)
  File "C:\Users\C4S\AppData\Local\Python\pythoncore-3.14-64\Lib\site-packages\django\core\handlers\base.py", line 197, in _get_response
    response = wrapped_callback(request, *callback_args, **callback_kwargs)
  File "C:\Users\C4S\AppData\Local\Python\pythoncore-3.14-64\Lib\site-packages\django\contrib\auth\decorators.py", line 23, in _wrapper_view
    return view_func(request, *args, **kwargs)
  File "C:\abay_repository\dashboard\views.py", line 217, in checker_dashboard
    return render(request, 'dashboard/checker_dashboard.html', context)
  File "C:\Users\C4S\AppData\Local\Python\pythoncore-3.14-64\Lib\site-packages\django\shortcuts.py", line 25, in render
    content = loader.render_to_string(template_name, context, request, using=using)
  File "C:\Users\C4S\AppData\Local\Python\pythoncore-3.14-64\Lib\site-packages\django\template\loader.py", line 62, in render_to_string
    return template.render(context, request)
           ~~~~~~~~~~~~~~~^^^^^^^^^^^^^^^^^^
  File "C:\Users\C4S\AppData\Local\Python\pythoncore-3.14-64\Lib\site-packages\django\template\backends\django.py", line 61, in render
    return self.template.render(context)
           ~~~~~~~~~~~~~~~~~~~~^^^^^^^^^
  File "C:\Users\C4S\AppData\Local\Python\pythoncore-3.14-64\Lib\site-packages\django\template\base.py", line 171, in render
    return self._render(context)
           ~~~~~~~~~~~~^^^^^^^^^
  File "C:\Users\C4S\AppData\Local\Python\pythoncore-3.14-64\Lib\site-packages\django\template\base.py", line 163, in _render
    return self.nodelist.render(context)
           ~~~~~~~~~~~~~~~~~~~~^^^^^^^^^
  File "C:\Users\C4S\AppData\Local\Python\pythoncore-3.14-64\Lib\site-packages\django\template\base.py", line 1000, in render
    return SafeString("".join([node.render_annotated(context) for node in self]))
                               ~~~~~~~~~~~~~~~~~~~~~^^^^^^^^^
  File "C:\Users\C4S\AppData\Local\Python\pythoncore-3.14-64\Lib\site-packages\django\template\base.py", line 961, in render_annotated
    return self.render(context)
           ~~~~~~~~~~~^^^^^^^^^
  File "C:\Users\C4S\AppData\Local\Python\pythoncore-3.14-64\Lib\site-packages\django\template\loader_tags.py", line 159, in render
    return compiled_parent._render(context)
           ~~~~~~~~~~~~~~~~~~~~~~~^^^^^^^^^
  File "C:\Users\C4S\AppData\Local\Python\pythoncore-3.14-64\Lib\site-packages\django\template\base.py", line 163, in _render
    return self.nodelist.render(context)
           ~~~~~~~~~~~~~~~~~~~~^^^^^^^^^
  File "C:\Users\C4S\AppData\Local\Python\pythoncore-3.14-64\Lib\site-packages\django\template\base.py", line 1000, in render
    return SafeString("".join([node.render_annotated(context) for node in self]))
                               ~~~~~~~~~~~~~~~~~~~~~^^^^^^^^^
  File "C:\Users\C4S\AppData\Local\Python\pythoncore-3.14-64\Lib\site-packages\django\template\base.py", line 961, in render_annotated
    return self.render(context)
           ~~~~~~~~~~~^^^^^^^^^
  File "C:\Users\C4S\AppData\Local\Python\pythoncore-3.14-64\Lib\site-packages\django\template\loader_tags.py", line 65, in render
    result = block.nodelist.render(context)
  File "C:\Users\C4S\AppData\Local\Python\pythoncore-3.14-64\Lib\site-packages\django\template\base.py", line 1000, in render
    return SafeString("".join([node.render_annotated(context) for node in self]))
                               ~~~~~~~~~~~~~~~~~~~~~^^^^^^^^^
  File "C:\Users\C4S\AppData\Local\Python\pythoncore-3.14-64\Lib\site-packages\django\template\base.py", line 961, in render_annotated
    return self.render(context)
           ~~~~~~~~~~~^^^^^^^^^
  File "C:\Users\C4S\AppData\Local\Python\pythoncore-3.14-64\Lib\site-packages\django\template\defaulttags.py", line 325, in render
    if match:
       ^^^^^
  File "C:\Users\C4S\AppData\Local\Python\pythoncore-3.14-64\Lib\site-packages\django\db\models\query.py", line 414, in __bool__
    self._fetch_all()
    ~~~~~~~~~~~~~~~^^
  File "C:\Users\C4S\AppData\Local\Python\pythoncore-3.14-64\Lib\site-packages\django\db\models\query.py", line 1928, in _fetch_all
    self._result_cache = list(self._iterable_class(self))
                         ~~~~^^^^^^^^^^^^^^^^^^^^^^^^^^^^
  File "C:\Users\C4S\AppData\Local\Python\pythoncore-3.14-64\Lib\site-packages\django\db\models\query.py", line 91, in __iter__
    results = compiler.execute_sql(
        chunked_fetch=self.chunked_fetch, chunk_size=self.chunk_size
    )
  File "C:\Users\C4S\AppData\Local\Python\pythoncore-3.14-64\Lib\site-packages\django\db\models\sql\compiler.py", line 1562, in execute_sql
    cursor.execute(sql, params)
    ~~~~~~~~~~~~~~^^^^^^^^^^^^^
  File "C:\Users\C4S\AppData\Local\Python\pythoncore-3.14-64\Lib\site-packages\django\db\backends\utils.py", line 122, in execute
    return super().execute(sql, params)
           ~~~~~~~~~~~~~~~^^^^^^^^^^^^^
  File "C:\Users\C4S\AppData\Local\Python\pythoncore-3.14-64\Lib\site-packages\django\db\backends\utils.py", line 79, in execute
    return self._execute_with_wrappers(
           ~~~~~~~~~~~~~~~~~~~~~~~~~~~^
        sql, params, many=False, executor=self._execute
        ^^^^^^^^^^^^^^^^^^^^^^^^^^^^^^^^^^^^^^^^^^^^^^^
    )
    ^
  File "C:\Users\C4S\AppData\Local\Python\pythoncore-3.14-64\Lib\site-packages\django\db\backends\utils.py", line 92, in _execute_with_wrappers
    return executor(sql, params, many, context)
  File "C:\Users\C4S\AppData\Local\Python\pythoncore-3.14-64\Lib\site-packages\django\db\backends\utils.py", line 100, in _execute
    with self.db.wrap_database_errors:
         ^^^^^^^^^^^^^^^^^^^^^^^^^^^^
  File "C:\Users\C4S\AppData\Local\Python\pythoncore-3.14-64\Lib\site-packages\django\db\utils.py", line 91, in __exit__
    raise dj_exc_value.with_traceback(traceback) from exc_value
  File "C:\Users\C4S\AppData\Local\Python\pythoncore-3.14-64\Lib\site-packages\django\db\backends\utils.py", line 105, in _execute
    return self.cursor.execute(sql, params)
           ~~~~~~~~~~~~~~~~~~~^^^^^^^^^^^^^
  File "C:\Users\C4S\AppData\Local\Python\pythoncore-3.14-64\Lib\site-packages\django\db\backends\mysql\base.py", line 76, in execute
    return self.cursor.execute(query, args)
           ~~~~~~~~~~~~~~~~~~~^^^^^^^^^^^^^
  File "C:\Users\C4S\AppData\Local\Python\pythoncore-3.14-64\Lib\site-packages\MySQLdb\cursors.py", line 179, in execute
    res = self._query(mogrified_query)
  File "C:\Users\C4S\AppData\Local\Python\pythoncore-3.14-64\Lib\site-packages\MySQLdb\cursors.py", line 330, in _query
    db.query(q)
    ~~~~~~~~^^^
  File "C:\Users\C4S\AppData\Local\Python\pythoncore-3.14-64\Lib\site-packages\MySQLdb\connections.py", line 286, in query
    _mysql.connection.query(self, query)
    ~~~~~~~~~~~~~~~~~~~~~~~^^^^^^^^^^^^^
django.db.utils.OperationalError: (1054, "Unknown column 'quality_reviews.created_at' in 'field list'")
Internal Server Error: /dashboard/checker/
Traceback (most recent call last):
  File "C:\Users\C4S\AppData\Local\Python\pythoncore-3.14-64\Lib\site-packages\django\db\backends\utils.py", line 105, in _execute
    return self.cursor.execute(sql, params)
           ~~~~~~~~~~~~~~~~~~~^^^^^^^^^^^^^
  File "C:\Users\C4S\AppData\Local\Python\pythoncore-3.14-64\Lib\site-packages\django\db\backends\mysql\base.py", line 76, in execute
    return self.cursor.execute(query, args)
           ~~~~~~~~~~~~~~~~~~~^^^^^^^^^^^^^
  File "C:\Users\C4S\AppData\Local\Python\pythoncore-3.14-64\Lib\site-packages\MySQLdb\cursors.py", line 179, in execute
    res = self._query(mogrified_query)
  File "C:\Users\C4S\AppData\Local\Python\pythoncore-3.14-64\Lib\site-packages\MySQLdb\cursors.py", line 330, in _query
    db.query(q)
    ~~~~~~~~^^^
  File "C:\Users\C4S\AppData\Local\Python\pythoncore-3.14-64\Lib\site-packages\MySQLdb\connections.py", line 286, in query
    _mysql.connection.query(self, query)
    ~~~~~~~~~~~~~~~~~~~~~~~^^^^^^^^^^^^^
MySQLdb.OperationalError: (1054, "Unknown column 'quality_reviews.created_at' in 'field list'")

The above exception was the direct cause of the following exception:

Traceback (most recent call last):
  File "C:\Users\C4S\AppData\Local\Python\pythoncore-3.14-64\Lib\site-packages\django\core\handlers\exception.py", line 55, in inner
    response = get_response(request)
  File "C:\Users\C4S\AppData\Local\Python\pythoncore-3.14-64\Lib\site-packages\django\core\handlers\base.py", line 197, in _get_response
    response = wrapped_callback(request, *callback_args, **callback_kwargs)
  File "C:\Users\C4S\AppData\Local\Python\pythoncore-3.14-64\Lib\site-packages\django\contrib\auth\decorators.py", line 23, in _wrapper_view
    return view_func(request, *args, **kwargs)
  File "C:\abay_repository\dashboard\views.py", line 217, in checker_dashboard
    return render(request, 'dashboard/checker_dashboard.html', context)
  File "C:\Users\C4S\AppData\Local\Python\pythoncore-3.14-64\Lib\site-packages\django\shortcuts.py", line 25, in render
    content = loader.render_to_string(template_name, context, request, using=using)
  File "C:\Users\C4S\AppData\Local\Python\pythoncore-3.14-64\Lib\site-packages\django\template\loader.py", line 62, in render_to_string
    return template.render(context, request)
           ~~~~~~~~~~~~~~~^^^^^^^^^^^^^^^^^^
  File "C:\Users\C4S\AppData\Local\Python\pythoncore-3.14-64\Lib\site-packages\django\template\backends\django.py", line 61, in render
    return self.template.render(context)
           ~~~~~~~~~~~~~~~~~~~~^^^^^^^^^
  File "C:\Users\C4S\AppData\Local\Python\pythoncore-3.14-64\Lib\site-packages\django\template\base.py", line 171, in render
    return self._render(context)
           ~~~~~~~~~~~~^^^^^^^^^
  File "C:\Users\C4S\AppData\Local\Python\pythoncore-3.14-64\Lib\site-packages\django\template\base.py", line 163, in _render
    return self.nodelist.render(context)
           ~~~~~~~~~~~~~~~~~~~~^^^^^^^^^
  File "C:\Users\C4S\AppData\Local\Python\pythoncore-3.14-64\Lib\site-packages\django\template\base.py", line 1000, in render
    return SafeString("".join([node.render_annotated(context) for node in self]))
                               ~~~~~~~~~~~~~~~~~~~~~^^^^^^^^^
  File "C:\Users\C4S\AppData\Local\Python\pythoncore-3.14-64\Lib\site-packages\django\template\base.py", line 961, in render_annotated
    return self.render(context)
           ~~~~~~~~~~~^^^^^^^^^
  File "C:\Users\C4S\AppData\Local\Python\pythoncore-3.14-64\Lib\site-packages\django\template\loader_tags.py", line 159, in render
    return compiled_parent._render(context)
           ~~~~~~~~~~~~~~~~~~~~~~~^^^^^^^^^
  File "C:\Users\C4S\AppData\Local\Python\pythoncore-3.14-64\Lib\site-packages\django\template\base.py", line 163, in _render
    return self.nodelist.render(context)
           ~~~~~~~~~~~~~~~~~~~~^^^^^^^^^
  File "C:\Users\C4S\AppData\Local\Python\pythoncore-3.14-64\Lib\site-packages\django\template\base.py", line 1000, in render
    return SafeString("".join([node.render_annotated(context) for node in self]))
                               ~~~~~~~~~~~~~~~~~~~~~^^^^^^^^^
  File "C:\Users\C4S\AppData\Local\Python\pythoncore-3.14-64\Lib\site-packages\django\template\base.py", line 961, in render_annotated
    return self.render(context)
           ~~~~~~~~~~~^^^^^^^^^
  File "C:\Users\C4S\AppData\Local\Python\pythoncore-3.14-64\Lib\site-packages\django\template\loader_tags.py", line 65, in render
    result = block.nodelist.render(context)
  File "C:\Users\C4S\AppData\Local\Python\pythoncore-3.14-64\Lib\site-packages\django\template\base.py", line 1000, in render
    return SafeString("".join([node.render_annotated(context) for node in self]))
                               ~~~~~~~~~~~~~~~~~~~~~^^^^^^^^^
  File "C:\Users\C4S\AppData\Local\Python\pythoncore-3.14-64\Lib\site-packages\django\template\base.py", line 961, in render_annotated
    return self.render(context)
           ~~~~~~~~~~~^^^^^^^^^
  File "C:\Users\C4S\AppData\Local\Python\pythoncore-3.14-64\Lib\site-packages\django\template\defaulttags.py", line 325, in render
    if match:
       ^^^^^
  File "C:\Users\C4S\AppData\Local\Python\pythoncore-3.14-64\Lib\site-packages\django\db\models\query.py", line 414, in __bool__
    self._fetch_all()
    ~~~~~~~~~~~~~~~^^
  File "C:\Users\C4S\AppData\Local\Python\pythoncore-3.14-64\Lib\site-packages\django\db\models\query.py", line 1928, in _fetch_all
    self._result_cache = list(self._iterable_class(self))
                         ~~~~^^^^^^^^^^^^^^^^^^^^^^^^^^^^
  File "C:\Users\C4S\AppData\Local\Python\pythoncore-3.14-64\Lib\site-packages\django\db\models\query.py", line 91, in __iter__
    results = compiler.execute_sql(
        chunked_fetch=self.chunked_fetch, chunk_size=self.chunk_size
    )
  File "C:\Users\C4S\AppData\Local\Python\pythoncore-3.14-64\Lib\site-packages\django\db\models\sql\compiler.py", line 1562, in execute_sql
    cursor.execute(sql, params)
    ~~~~~~~~~~~~~~^^^^^^^^^^^^^
  File "C:\Users\C4S\AppData\Local\Python\pythoncore-3.14-64\Lib\site-packages\django\db\backends\utils.py", line 122, in execute
    return super().execute(sql, params)
           ~~~~~~~~~~~~~~~^^^^^^^^^^^^^
  File "C:\Users\C4S\AppData\Local\Python\pythoncore-3.14-64\Lib\site-packages\django\db\backends\utils.py", line 79, in execute
    return self._execute_with_wrappers(
           ~~~~~~~~~~~~~~~~~~~~~~~~~~~^
        sql, params, many=False, executor=self._execute
        ^^^^^^^^^^^^^^^^^^^^^^^^^^^^^^^^^^^^^^^^^^^^^^^
    )
    ^
  File "C:\Users\C4S\AppData\Local\Python\pythoncore-3.14-64\Lib\site-packages\django\db\backends\utils.py", line 92, in _execute_with_wrappers
    return executor(sql, params, many, context)
  File "C:\Users\C4S\AppData\Local\Python\pythoncore-3.14-64\Lib\site-packages\django\db\backends\utils.py", line 100, in _execute
    with self.db.wrap_database_errors:
         ^^^^^^^^^^^^^^^^^^^^^^^^^^^^
  File "C:\Users\C4S\AppData\Local\Python\pythoncore-3.14-64\Lib\site-packages\django\db\utils.py", line 91, in __exit__
    raise dj_exc_value.with_traceback(traceback) from exc_value
  File "C:\Users\C4S\AppData\Local\Python\pythoncore-3.14-64\Lib\site-packages\django\db\backends\utils.py", line 105, in _execute
    return self.cursor.execute(sql, params)
           ~~~~~~~~~~~~~~~~~~~^^^^^^^^^^^^^
  File "C:\Users\C4S\AppData\Local\Python\pythoncore-3.14-64\Lib\site-packages\django\db\backends\mysql\base.py", line 76, in execute
    return self.cursor.execute(query, args)
           ~~~~~~~~~~~~~~~~~~~^^^^^^^^^^^^^
  File "C:\Users\C4S\AppData\Local\Python\pythoncore-3.14-64\Lib\site-packages\MySQLdb\cursors.py", line 179, in execute
    res = self._query(mogrified_query)
  File "C:\Users\C4S\AppData\Local\Python\pythoncore-3.14-64\Lib\site-packages\MySQLdb\cursors.py", line 330, in _query
    db.query(q)
    ~~~~~~~~^^^
  File "C:\Users\C4S\AppData\Local\Python\pythoncore-3.14-64\Lib\site-packages\MySQLdb\connections.py", line 286, in query
    _mysql.connection.query(self, query)
    ~~~~~~~~~~~~~~~~~~~~~~~^^^^^^^^^^^^^
django.db.utils.OperationalError: (1054, "Unknown column 'quality_reviews.created_at' in 'field list'")
"GET /dashboard/checker/ HTTP/1.1" 500 252243
"GET /dashboard/checker/ HTTP/1.1" 500 252243
Internal Server Error: /dashboard/checker/
Traceback (most recent call last):
  File "C:\Users\C4S\AppData\Local\Python\pythoncore-3.14-64\Lib\site-packages\django\db\backends\utils.py", line 105, in _execute
    return self.cursor.execute(sql, params)
           ~~~~~~~~~~~~~~~~~~~^^^^^^^^^^^^^
  File "C:\Users\C4S\AppData\Local\Python\pythoncore-3.14-64\Lib\site-packages\django\db\backends\mysql\base.py", line 76, in execute
    return self.cursor.execute(query, args)
           ~~~~~~~~~~~~~~~~~~~^^^^^^^^^^^^^
  File "C:\Users\C4S\AppData\Local\Python\pythoncore-3.14-64\Lib\site-packages\MySQLdb\cursors.py", line 179, in execute
    res = self._query(mogrified_query)
  File "C:\Users\C4S\AppData\Local\Python\pythoncore-3.14-64\Lib\site-packages\MySQLdb\cursors.py", line 330, in _query
    db.query(q)
    ~~~~~~~~^^^
  File "C:\Users\C4S\AppData\Local\Python\pythoncore-3.14-64\Lib\site-packages\MySQLdb\connections.py", line 286, in query
    _mysql.connection.query(self, query)
    ~~~~~~~~~~~~~~~~~~~~~~~^^^^^^^^^^^^^
MySQLdb.OperationalError: (1054, "Unknown column 'quality_reviews.created_at' in 'field list'")

The above exception was the direct cause of the following exception:

Traceback (most recent call last):
  File "C:\Users\C4S\AppData\Local\Python\pythoncore-3.14-64\Lib\site-packages\django\core\handlers\exception.py", line 55, in inner
    response = get_response(request)
  File "C:\Users\C4S\AppData\Local\Python\pythoncore-3.14-64\Lib\site-packages\django\core\handlers\base.py", line 197, in _get_response
    response = wrapped_callback(request, *callback_args, **callback_kwargs)
  File "C:\Users\C4S\AppData\Local\Python\pythoncore-3.14-64\Lib\site-packages\django\contrib\auth\decorators.py", line 23, in _wrapper_view
    return view_func(request, *args, **kwargs)
  File "C:\abay_repository\dashboard\views.py", line 217, in checker_dashboard
    return render(request, 'dashboard/checker_dashboard.html', context)
  File "C:\Users\C4S\AppData\Local\Python\pythoncore-3.14-64\Lib\site-packages\django\shortcuts.py", line 25, in render
    content = loader.render_to_string(template_name, context, request, using=using)
  File "C:\Users\C4S\AppData\Local\Python\pythoncore-3.14-64\Lib\site-packages\django\template\loader.py", line 62, in render_to_string
    return template.render(context, request)
           ~~~~~~~~~~~~~~~^^^^^^^^^^^^^^^^^^
  File "C:\Users\C4S\AppData\Local\Python\pythoncore-3.14-64\Lib\site-packages\django\template\backends\django.py", line 61, in render
    return self.template.render(context)
           ~~~~~~~~~~~~~~~~~~~~^^^^^^^^^
  File "C:\Users\C4S\AppData\Local\Python\pythoncore-3.14-64\Lib\site-packages\django\template\base.py", line 171, in render
    return self._render(context)
           ~~~~~~~~~~~~^^^^^^^^^
  File "C:\Users\C4S\AppData\Local\Python\pythoncore-3.14-64\Lib\site-packages\django\template\base.py", line 163, in _render
    return self.nodelist.render(context)
           ~~~~~~~~~~~~~~~~~~~~^^^^^^^^^
  File "C:\Users\C4S\AppData\Local\Python\pythoncore-3.14-64\Lib\site-packages\django\template\base.py", line 1000, in render
    return SafeString("".join([node.render_annotated(context) for node in self]))
                               ~~~~~~~~~~~~~~~~~~~~~^^^^^^^^^
  File "C:\Users\C4S\AppData\Local\Python\pythoncore-3.14-64\Lib\site-packages\django\template\base.py", line 961, in render_annotated
    return self.render(context)
           ~~~~~~~~~~~^^^^^^^^^
  File "C:\Users\C4S\AppData\Local\Python\pythoncore-3.14-64\Lib\site-packages\django\template\loader_tags.py", line 159, in render
    return compiled_parent._render(context)
           ~~~~~~~~~~~~~~~~~~~~~~~^^^^^^^^^
  File "C:\Users\C4S\AppData\Local\Python\pythoncore-3.14-64\Lib\site-packages\django\template\base.py", line 163, in _render
    return self.nodelist.render(context)
           ~~~~~~~~~~~~~~~~~~~~^^^^^^^^^
  File "C:\Users\C4S\AppData\Local\Python\pythoncore-3.14-64\Lib\site-packages\django\template\base.py", line 1000, in render
    return SafeString("".join([node.render_annotated(context) for node in self]))
                               ~~~~~~~~~~~~~~~~~~~~~^^^^^^^^^
  File "C:\Users\C4S\AppData\Local\Python\pythoncore-3.14-64\Lib\site-packages\django\template\base.py", line 961, in render_annotated
    return self.render(context)
           ~~~~~~~~~~~^^^^^^^^^
  File "C:\Users\C4S\AppData\Local\Python\pythoncore-3.14-64\Lib\site-packages\django\template\loader_tags.py", line 65, in render
    result = block.nodelist.render(context)
  File "C:\Users\C4S\AppData\Local\Python\pythoncore-3.14-64\Lib\site-packages\django\template\base.py", line 1000, in render
    return SafeString("".join([node.render_annotated(context) for node in self]))
                               ~~~~~~~~~~~~~~~~~~~~~^^^^^^^^^
  File "C:\Users\C4S\AppData\Local\Python\pythoncore-3.14-64\Lib\site-packages\django\template\base.py", line 961, in render_annotated
    return self.render(context)
           ~~~~~~~~~~~^^^^^^^^^
  File "C:\Users\C4S\AppData\Local\Python\pythoncore-3.14-64\Lib\site-packages\django\template\defaulttags.py", line 325, in render
    if match:
       ^^^^^
  File "C:\Users\C4S\AppData\Local\Python\pythoncore-3.14-64\Lib\site-packages\django\db\models\query.py", line 414, in __bool__
    self._fetch_all()
    ~~~~~~~~~~~~~~~^^
  File "C:\Users\C4S\AppData\Local\Python\pythoncore-3.14-64\Lib\site-packages\django\db\models\query.py", line 1928, in _fetch_all
    self._result_cache = list(self._iterable_class(self))
                         ~~~~^^^^^^^^^^^^^^^^^^^^^^^^^^^^
  File "C:\Users\C4S\AppData\Local\Python\pythoncore-3.14-64\Lib\site-packages\django\db\models\query.py", line 91, in __iter__
    results = compiler.execute_sql(
        chunked_fetch=self.chunked_fetch, chunk_size=self.chunk_size
    )
  File "C:\Users\C4S\AppData\Local\Python\pythoncore-3.14-64\Lib\site-packages\django\db\models\sql\compiler.py", line 1562, in execute_sql
    cursor.execute(sql, params)
    ~~~~~~~~~~~~~~^^^^^^^^^^^^^
  File "C:\Users\C4S\AppData\Local\Python\pythoncore-3.14-64\Lib\site-packages\django\db\backends\utils.py", line 122, in execute
    return super().execute(sql, params)
           ~~~~~~~~~~~~~~~^^^^^^^^^^^^^
  File "C:\Users\C4S\AppData\Local\Python\pythoncore-3.14-64\Lib\site-packages\django\db\backends\utils.py", line 79, in execute
    return self._execute_with_wrappers(
           ~~~~~~~~~~~~~~~~~~~~~~~~~~~^
        sql, params, many=False, executor=self._execute
        ^^^^^^^^^^^^^^^^^^^^^^^^^^^^^^^^^^^^^^^^^^^^^^^
    )
    ^
  File "C:\Users\C4S\AppData\Local\Python\pythoncore-3.14-64\Lib\site-packages\django\db\backends\utils.py", line 92, in _execute_with_wrappers
    return executor(sql, params, many, context)
  File "C:\Users\C4S\AppData\Local\Python\pythoncore-3.14-64\Lib\site-packages\django\db\backends\utils.py", line 100, in _execute
    with self.db.wrap_database_errors:
         ^^^^^^^^^^^^^^^^^^^^^^^^^^^^
  File "C:\Users\C4S\AppData\Local\Python\pythoncore-3.14-64\Lib\site-packages\django\db\utils.py", line 91, in __exit__
    raise dj_exc_value.with_traceback(traceback) from exc_value
  File "C:\Users\C4S\AppData\Local\Python\pythoncore-3.14-64\Lib\site-packages\django\db\backends\utils.py", line 105, in _execute
    return self.cursor.execute(sql, params)
           ~~~~~~~~~~~~~~~~~~~^^^^^^^^^^^^^
  File "C:\Users\C4S\AppData\Local\Python\pythoncore-3.14-64\Lib\site-packages\django\db\backends\mysql\base.py", line 76, in execute
    return self.cursor.execute(query, args)
           ~~~~~~~~~~~~~~~~~~~^^^^^^^^^^^^^
  File "C:\Users\C4S\AppData\Local\Python\pythoncore-3.14-64\Lib\site-packages\MySQLdb\cursors.py", line 179, in execute
    res = self._query(mogrified_query)
  File "C:\Users\C4S\AppData\Local\Python\pythoncore-3.14-64\Lib\site-packages\MySQLdb\cursors.py", line 330, in _query
    db.query(q)
    ~~~~~~~~^^^
  File "C:\Users\C4S\AppData\Local\Python\pythoncore-3.14-64\Lib\site-packages\MySQLdb\connections.py", line 286, in query
    _mysql.connection.query(self, query)
    ~~~~~~~~~~~~~~~~~~~~~~~^^^^^^^^^^^^^
django.db.utils.OperationalError: (1054, "Unknown column 'quality_reviews.created_at' in 'field list'")
Internal Server Error: /dashboard/checker/
Traceback (most recent call last):
  File "C:\Users\C4S\AppData\Local\Python\pythoncore-3.14-64\Lib\site-packages\django\db\backends\utils.py", line 105, in _execute
    return self.cursor.execute(sql, params)
           ~~~~~~~~~~~~~~~~~~~^^^^^^^^^^^^^
  File "C:\Users\C4S\AppData\Local\Python\pythoncore-3.14-64\Lib\site-packages\django\db\backends\mysql\base.py", line 76, in execute
    return self.cursor.execute(query, args)
           ~~~~~~~~~~~~~~~~~~~^^^^^^^^^^^^^
  File "C:\Users\C4S\AppData\Local\Python\pythoncore-3.14-64\Lib\site-packages\MySQLdb\cursors.py", line 179, in execute
    res = self._query(mogrified_query)
  File "C:\Users\C4S\AppData\Local\Python\pythoncore-3.14-64\Lib\site-packages\MySQLdb\cursors.py", line 330, in _query
    db.query(q)
    ~~~~~~~~^^^
  File "C:\Users\C4S\AppData\Local\Python\pythoncore-3.14-64\Lib\site-packages\MySQLdb\connections.py", line 286, in query
    _mysql.connection.query(self, query)
    ~~~~~~~~~~~~~~~~~~~~~~~^^^^^^^^^^^^^
MySQLdb.OperationalError: (1054, "Unknown column 'quality_reviews.created_at' in 'field list'")

The above exception was the direct cause of the following exception:

Traceback (most recent call last):
  File "C:\Users\C4S\AppData\Local\Python\pythoncore-3.14-64\Lib\site-packages\django\core\handlers\exception.py", line 55, in inner
    response = get_response(request)
  File "C:\Users\C4S\AppData\Local\Python\pythoncore-3.14-64\Lib\site-packages\django\core\handlers\base.py", line 197, in _get_response
    response = wrapped_callback(request, *callback_args, **callback_kwargs)
  File "C:\Users\C4S\AppData\Local\Python\pythoncore-3.14-64\Lib\site-packages\django\contrib\auth\decorators.py", line 23, in _wrapper_view
    return view_func(request, *args, **kwargs)
  File "C:\abay_repository\dashboard\views.py", line 217, in checker_dashboard
    return render(request, 'dashboard/checker_dashboard.html', context)
  File "C:\Users\C4S\AppData\Local\Python\pythoncore-3.14-64\Lib\site-packages\django\shortcuts.py", line 25, in render
    content = loader.render_to_string(template_name, context, request, using=using)
  File "C:\Users\C4S\AppData\Local\Python\pythoncore-3.14-64\Lib\site-packages\django\template\loader.py", line 62, in render_to_string
    return template.render(context, request)
           ~~~~~~~~~~~~~~~^^^^^^^^^^^^^^^^^^
  File "C:\Users\C4S\AppData\Local\Python\pythoncore-3.14-64\Lib\site-packages\django\template\backends\django.py", line 61, in render
    return self.template.render(context)
           ~~~~~~~~~~~~~~~~~~~~^^^^^^^^^
  File "C:\Users\C4S\AppData\Local\Python\pythoncore-3.14-64\Lib\site-packages\django\template\base.py", line 171, in render
    return self._render(context)
           ~~~~~~~~~~~~^^^^^^^^^
  File "C:\Users\C4S\AppData\Local\Python\pythoncore-3.14-64\Lib\site-packages\django\template\base.py", line 163, in _render
    return self.nodelist.render(context)
           ~~~~~~~~~~~~~~~~~~~~^^^^^^^^^
  File "C:\Users\C4S\AppData\Local\Python\pythoncore-3.14-64\Lib\site-packages\django\template\base.py", line 1000, in render
    return SafeString("".join([node.render_annotated(context) for node in self]))
                               ~~~~~~~~~~~~~~~~~~~~~^^^^^^^^^
  File "C:\Users\C4S\AppData\Local\Python\pythoncore-3.14-64\Lib\site-packages\django\template\base.py", line 961, in render_annotated
    return self.render(context)
           ~~~~~~~~~~~^^^^^^^^^
  File "C:\Users\C4S\AppData\Local\Python\pythoncore-3.14-64\Lib\site-packages\django\template\loader_tags.py", line 159, in render
    return compiled_parent._render(context)
           ~~~~~~~~~~~~~~~~~~~~~~~^^^^^^^^^
  File "C:\Users\C4S\AppData\Local\Python\pythoncore-3.14-64\Lib\site-packages\django\template\base.py", line 163, in _render
    return self.nodelist.render(context)
           ~~~~~~~~~~~~~~~~~~~~^^^^^^^^^
  File "C:\Users\C4S\AppData\Local\Python\pythoncore-3.14-64\Lib\site-packages\django\template\base.py", line 1000, in render
    return SafeString("".join([node.render_annotated(context) for node in self]))
                               ~~~~~~~~~~~~~~~~~~~~~^^^^^^^^^
  File "C:\Users\C4S\AppData\Local\Python\pythoncore-3.14-64\Lib\site-packages\django\template\base.py", line 961, in render_annotated
    return self.render(context)
           ~~~~~~~~~~~^^^^^^^^^
  File "C:\Users\C4S\AppData\Local\Python\pythoncore-3.14-64\Lib\site-packages\django\template\loader_tags.py", line 65, in render
    result = block.nodelist.render(context)
  File "C:\Users\C4S\AppData\Local\Python\pythoncore-3.14-64\Lib\site-packages\django\template\base.py", line 1000, in render
    return SafeString("".join([node.render_annotated(context) for node in self]))
                               ~~~~~~~~~~~~~~~~~~~~~^^^^^^^^^
  File "C:\Users\C4S\AppData\Local\Python\pythoncore-3.14-64\Lib\site-packages\django\template\base.py", line 961, in render_annotated
    return self.render(context)
           ~~~~~~~~~~~^^^^^^^^^
  File "C:\Users\C4S\AppData\Local\Python\pythoncore-3.14-64\Lib\site-packages\django\template\defaulttags.py", line 325, in render
    if match:
       ^^^^^
  File "C:\Users\C4S\AppData\Local\Python\pythoncore-3.14-64\Lib\site-packages\django\db\models\query.py", line 414, in __bool__
    self._fetch_all()
    ~~~~~~~~~~~~~~~^^
  File "C:\Users\C4S\AppData\Local\Python\pythoncore-3.14-64\Lib\site-packages\django\db\models\query.py", line 1928, in _fetch_all
    self._result_cache = list(self._iterable_class(self))
                         ~~~~^^^^^^^^^^^^^^^^^^^^^^^^^^^^
  File "C:\Users\C4S\AppData\Local\Python\pythoncore-3.14-64\Lib\site-packages\django\db\models\query.py", line 91, in __iter__
    results = compiler.execute_sql(
        chunked_fetch=self.chunked_fetch, chunk_size=self.chunk_size
    )
  File "C:\Users\C4S\AppData\Local\Python\pythoncore-3.14-64\Lib\site-packages\django\db\models\sql\compiler.py", line 1562, in execute_sql
    cursor.execute(sql, params)
    ~~~~~~~~~~~~~~^^^^^^^^^^^^^
  File "C:\Users\C4S\AppData\Local\Python\pythoncore-3.14-64\Lib\site-packages\django\db\backends\utils.py", line 122, in execute
    return super().execute(sql, params)
           ~~~~~~~~~~~~~~~^^^^^^^^^^^^^
  File "C:\Users\C4S\AppData\Local\Python\pythoncore-3.14-64\Lib\site-packages\django\db\backends\utils.py", line 79, in execute
    return self._execute_with_wrappers(
           ~~~~~~~~~~~~~~~~~~~~~~~~~~~^
        sql, params, many=False, executor=self._execute
        ^^^^^^^^^^^^^^^^^^^^^^^^^^^^^^^^^^^^^^^^^^^^^^^
    )
    ^
  File "C:\Users\C4S\AppData\Local\Python\pythoncore-3.14-64\Lib\site-packages\django\db\backends\utils.py", line 92, in _execute_with_wrappers
    return executor(sql, params, many, context)
  File "C:\Users\C4S\AppData\Local\Python\pythoncore-3.14-64\Lib\site-packages\django\db\backends\utils.py", line 100, in _execute
    with self.db.wrap_database_errors:
         ^^^^^^^^^^^^^^^^^^^^^^^^^^^^
  File "C:\Users\C4S\AppData\Local\Python\pythoncore-3.14-64\Lib\site-packages\django\db\utils.py", line 91, in __exit__
    raise dj_exc_value.with_traceback(traceback) from exc_value
  File "C:\Users\C4S\AppData\Local\Python\pythoncore-3.14-64\Lib\site-packages\django\db\backends\utils.py", line 105, in _execute
    return self.cursor.execute(sql, params)
           ~~~~~~~~~~~~~~~~~~~^^^^^^^^^^^^^
  File "C:\Users\C4S\AppData\Local\Python\pythoncore-3.14-64\Lib\site-packages\django\db\backends\mysql\base.py", line 76, in execute
    return self.cursor.execute(query, args)
           ~~~~~~~~~~~~~~~~~~~^^^^^^^^^^^^^
  File "C:\Users\C4S\AppData\Local\Python\pythoncore-3.14-64\Lib\site-packages\MySQLdb\cursors.py", line 179, in execute
    res = self._query(mogrified_query)
  File "C:\Users\C4S\AppData\Local\Python\pythoncore-3.14-64\Lib\site-packages\MySQLdb\cursors.py", line 330, in _query
    db.query(q)
    ~~~~~~~~^^^
  File "C:\Users\C4S\AppData\Local\Python\pythoncore-3.14-64\Lib\site-packages\MySQLdb\connections.py", line 286, in query
    _mysql.connection.query(self, query)
    ~~~~~~~~~~~~~~~~~~~~~~~^^^^^^^^^^^^^
django.db.utils.OperationalError: (1054, "Unknown column 'quality_reviews.created_at' in 'field list'")
"GET /dashboard/checker/ HTTP/1.1" 500 252243
"GET /dashboard/checker/ HTTP/1.1" 500 252243
Internal Server Error: /dashboard/checker/
Traceback (most recent call last):
  File "C:\Users\C4S\AppData\Local\Python\pythoncore-3.14-64\Lib\site-packages\django\db\backends\utils.py", line 105, in _execute
    return self.cursor.execute(sql, params)
           ~~~~~~~~~~~~~~~~~~~^^^^^^^^^^^^^
  File "C:\Users\C4S\AppData\Local\Python\pythoncore-3.14-64\Lib\site-packages\django\db\backends\mysql\base.py", line 76, in execute
    return self.cursor.execute(query, args)
           ~~~~~~~~~~~~~~~~~~~^^^^^^^^^^^^^
  File "C:\Users\C4S\AppData\Local\Python\pythoncore-3.14-64\Lib\site-packages\MySQLdb\cursors.py", line 179, in execute
    res = self._query(mogrified_query)
  File "C:\Users\C4S\AppData\Local\Python\pythoncore-3.14-64\Lib\site-packages\MySQLdb\cursors.py", line 330, in _query
    db.query(q)
    ~~~~~~~~^^^
  File "C:\Users\C4S\AppData\Local\Python\pythoncore-3.14-64\Lib\site-packages\MySQLdb\connections.py", line 286, in query
    _mysql.connection.query(self, query)
    ~~~~~~~~~~~~~~~~~~~~~~~^^^^^^^^^^^^^
MySQLdb.OperationalError: (1054, "Unknown column 'quality_reviews.created_at' in 'field list'")

The above exception was the direct cause of the following exception:

Traceback (most recent call last):
  File "C:\Users\C4S\AppData\Local\Python\pythoncore-3.14-64\Lib\site-packages\django\core\handlers\exception.py", line 55, in inner
    response = get_response(request)
  File "C:\Users\C4S\AppData\Local\Python\pythoncore-3.14-64\Lib\site-packages\django\core\handlers\base.py", line 197, in _get_response
    response = wrapped_callback(request, *callback_args, **callback_kwargs)
  File "C:\Users\C4S\AppData\Local\Python\pythoncore-3.14-64\Lib\site-packages\django\contrib\auth\decorators.py", line 23, in _wrapper_view
    return view_func(request, *args, **kwargs)
  File "C:\abay_repository\dashboard\views.py", line 217, in checker_dashboard
    return render(request, 'dashboard/checker_dashboard.html', context)
  File "C:\Users\C4S\AppData\Local\Python\pythoncore-3.14-64\Lib\site-packages\django\shortcuts.py", line 25, in render
    content = loader.render_to_string(template_name, context, request, using=using)
  File "C:\Users\C4S\AppData\Local\Python\pythoncore-3.14-64\Lib\site-packages\django\template\loader.py", line 62, in render_to_string
    return template.render(context, request)
           ~~~~~~~~~~~~~~~^^^^^^^^^^^^^^^^^^
  File "C:\Users\C4S\AppData\Local\Python\pythoncore-3.14-64\Lib\site-packages\django\template\backends\django.py", line 61, in render
    return self.template.render(context)
           ~~~~~~~~~~~~~~~~~~~~^^^^^^^^^
  File "C:\Users\C4S\AppData\Local\Python\pythoncore-3.14-64\Lib\site-packages\django\template\base.py", line 171, in render
    return self._render(context)
           ~~~~~~~~~~~~^^^^^^^^^
  File "C:\Users\C4S\AppData\Local\Python\pythoncore-3.14-64\Lib\site-packages\django\template\base.py", line 163, in _render
    return self.nodelist.render(context)
           ~~~~~~~~~~~~~~~~~~~~^^^^^^^^^
  File "C:\Users\C4S\AppData\Local\Python\pythoncore-3.14-64\Lib\site-packages\django\template\base.py", line 1000, in render
    return SafeString("".join([node.render_annotated(context) for node in self]))
                               ~~~~~~~~~~~~~~~~~~~~~^^^^^^^^^
  File "C:\Users\C4S\AppData\Local\Python\pythoncore-3.14-64\Lib\site-packages\django\template\base.py", line 961, in render_annotated
    return self.render(context)
           ~~~~~~~~~~~^^^^^^^^^
  File "C:\Users\C4S\AppData\Local\Python\pythoncore-3.14-64\Lib\site-packages\django\template\loader_tags.py", line 159, in render
    return compiled_parent._render(context)
           ~~~~~~~~~~~~~~~~~~~~~~~^^^^^^^^^
  File "C:\Users\C4S\AppData\Local\Python\pythoncore-3.14-64\Lib\site-packages\django\template\base.py", line 163, in _render
    return self.nodelist.render(context)
           ~~~~~~~~~~~~~~~~~~~~^^^^^^^^^
  File "C:\Users\C4S\AppData\Local\Python\pythoncore-3.14-64\Lib\site-packages\django\template\base.py", line 1000, in render
    return SafeString("".join([node.render_annotated(context) for node in self]))
                               ~~~~~~~~~~~~~~~~~~~~~^^^^^^^^^
  File "C:\Users\C4S\AppData\Local\Python\pythoncore-3.14-64\Lib\site-packages\django\template\base.py", line 961, in render_annotated
    return self.render(context)
           ~~~~~~~~~~~^^^^^^^^^
  File "C:\Users\C4S\AppData\Local\Python\pythoncore-3.14-64\Lib\site-packages\django\template\loader_tags.py", line 65, in render
    result = block.nodelist.render(context)
  File "C:\Users\C4S\AppData\Local\Python\pythoncore-3.14-64\Lib\site-packages\django\template\base.py", line 1000, in render
    return SafeString("".join([node.render_annotated(context) for node in self]))
                               ~~~~~~~~~~~~~~~~~~~~~^^^^^^^^^
  File "C:\Users\C4S\AppData\Local\Python\pythoncore-3.14-64\Lib\site-packages\django\template\base.py", line 961, in render_annotated
    return self.render(context)
           ~~~~~~~~~~~^^^^^^^^^
  File "C:\Users\C4S\AppData\Local\Python\pythoncore-3.14-64\Lib\site-packages\django\template\defaulttags.py", line 325, in render
    if match:
       ^^^^^
  File "C:\Users\C4S\AppData\Local\Python\pythoncore-3.14-64\Lib\site-packages\django\db\models\query.py", line 414, in __bool__
    self._fetch_all()
    ~~~~~~~~~~~~~~~^^
  File "C:\Users\C4S\AppData\Local\Python\pythoncore-3.14-64\Lib\site-packages\django\db\models\query.py", line 1928, in _fetch_all
    self._result_cache = list(self._iterable_class(self))
                         ~~~~^^^^^^^^^^^^^^^^^^^^^^^^^^^^
  File "C:\Users\C4S\AppData\Local\Python\pythoncore-3.14-64\Lib\site-packages\django\db\models\query.py", line 91, in __iter__
    results = compiler.execute_sql(
        chunked_fetch=self.chunked_fetch, chunk_size=self.chunk_size
    )
  File "C:\Users\C4S\AppData\Local\Python\pythoncore-3.14-64\Lib\site-packages\django\db\models\sql\compiler.py", line 1562, in execute_sql
    cursor.execute(sql, params)
    ~~~~~~~~~~~~~~^^^^^^^^^^^^^
  File "C:\Users\C4S\AppData\Local\Python\pythoncore-3.14-64\Lib\site-packages\django\db\backends\utils.py", line 122, in execute
    return super().execute(sql, params)
           ~~~~~~~~~~~~~~~^^^^^^^^^^^^^
  File "C:\Users\C4S\AppData\Local\Python\pythoncore-3.14-64\Lib\site-packages\django\db\backends\utils.py", line 79, in execute
    return self._execute_with_wrappers(
           ~~~~~~~~~~~~~~~~~~~~~~~~~~~^
        sql, params, many=False, executor=self._execute
        ^^^^^^^^^^^^^^^^^^^^^^^^^^^^^^^^^^^^^^^^^^^^^^^
    )
    ^
  File "C:\Users\C4S\AppData\Local\Python\pythoncore-3.14-64\Lib\site-packages\django\db\backends\utils.py", line 92, in _execute_with_wrappers
    return executor(sql, params, many, context)
  File "C:\Users\C4S\AppData\Local\Python\pythoncore-3.14-64\Lib\site-packages\django\db\backends\utils.py", line 100, in _execute
    with self.db.wrap_database_errors:
         ^^^^^^^^^^^^^^^^^^^^^^^^^^^^
  File "C:\Users\C4S\AppData\Local\Python\pythoncore-3.14-64\Lib\site-packages\django\db\utils.py", line 91, in __exit__
    raise dj_exc_value.with_traceback(traceback) from exc_value
  File "C:\Users\C4S\AppData\Local\Python\pythoncore-3.14-64\Lib\site-packages\django\db\backends\utils.py", line 105, in _execute
    return self.cursor.execute(sql, params)
           ~~~~~~~~~~~~~~~~~~~^^^^^^^^^^^^^
  File "C:\Users\C4S\AppData\Local\Python\pythoncore-3.14-64\Lib\site-packages\django\db\backends\mysql\base.py", line 76, in execute
    return self.cursor.execute(query, args)
           ~~~~~~~~~~~~~~~~~~~^^^^^^^^^^^^^
  File "C:\Users\C4S\AppData\Local\Python\pythoncore-3.14-64\Lib\site-packages\MySQLdb\cursors.py", line 179, in execute
    res = self._query(mogrified_query)
  File "C:\Users\C4S\AppData\Local\Python\pythoncore-3.14-64\Lib\site-packages\MySQLdb\cursors.py", line 330, in _query
    db.query(q)
    ~~~~~~~~^^^
  File "C:\Users\C4S\AppData\Local\Python\pythoncore-3.14-64\Lib\site-packages\MySQLdb\connections.py", line 286, in query
    _mysql.connection.query(self, query)
    ~~~~~~~~~~~~~~~~~~~~~~~^^^^^^^^^^^^^
django.db.utils.OperationalError: (1054, "Unknown column 'quality_reviews.created_at' in 'field list'")
Internal Server Error: /dashboard/checker/
Traceback (most recent call last):
  File "C:\Users\C4S\AppData\Local\Python\pythoncore-3.14-64\Lib\site-packages\django\db\backends\utils.py", line 105, in _execute
    return self.cursor.execute(sql, params)
           ~~~~~~~~~~~~~~~~~~~^^^^^^^^^^^^^
  File "C:\Users\C4S\AppData\Local\Python\pythoncore-3.14-64\Lib\site-packages\django\db\backends\mysql\base.py", line 76, in execute
    return self.cursor.execute(query, args)
           ~~~~~~~~~~~~~~~~~~~^^^^^^^^^^^^^
  File "C:\Users\C4S\AppData\Local\Python\pythoncore-3.14-64\Lib\site-packages\MySQLdb\cursors.py", line 179, in execute
    res = self._query(mogrified_query)
  File "C:\Users\C4S\AppData\Local\Python\pythoncore-3.14-64\Lib\site-packages\MySQLdb\cursors.py", line 330, in _query
    db.query(q)
    ~~~~~~~~^^^
  File "C:\Users\C4S\AppData\Local\Python\pythoncore-3.14-64\Lib\site-packages\MySQLdb\connections.py", line 286, in query
    _mysql.connection.query(self, query)
    ~~~~~~~~~~~~~~~~~~~~~~~^^^^^^^^^^^^^
MySQLdb.OperationalError: (1054, "Unknown column 'quality_reviews.created_at' in 'field list'")

The above exception was the direct cause of the following exception:

Traceback (most recent call last):
  File "C:\Users\C4S\AppData\Local\Python\pythoncore-3.14-64\Lib\site-packages\django\core\handlers\exception.py", line 55, in inner
    response = get_response(request)
  File "C:\Users\C4S\AppData\Local\Python\pythoncore-3.14-64\Lib\site-packages\django\core\handlers\base.py", line 197, in _get_response
    response = wrapped_callback(request, *callback_args, **callback_kwargs)
  File "C:\Users\C4S\AppData\Local\Python\pythoncore-3.14-64\Lib\site-packages\django\contrib\auth\decorators.py", line 23, in _wrapper_view
    return view_func(request, *args, **kwargs)
  File "C:\abay_repository\dashboard\views.py", line 217, in checker_dashboard
    return render(request, 'dashboard/checker_dashboard.html', context)
  File "C:\Users\C4S\AppData\Local\Python\pythoncore-3.14-64\Lib\site-packages\django\shortcuts.py", line 25, in render
    content = loader.render_to_string(template_name, context, request, using=using)
  File "C:\Users\C4S\AppData\Local\Python\pythoncore-3.14-64\Lib\site-packages\django\template\loader.py", line 62, in render_to_string
    return template.render(context, request)
           ~~~~~~~~~~~~~~~^^^^^^^^^^^^^^^^^^
  File "C:\Users\C4S\AppData\Local\Python\pythoncore-3.14-64\Lib\site-packages\django\template\backends\django.py", line 61, in render
    return self.template.render(context)
           ~~~~~~~~~~~~~~~~~~~~^^^^^^^^^
  File "C:\Users\C4S\AppData\Local\Python\pythoncore-3.14-64\Lib\site-packages\django\template\base.py", line 171, in render
    return self._render(context)
           ~~~~~~~~~~~~^^^^^^^^^
  File "C:\Users\C4S\AppData\Local\Python\pythoncore-3.14-64\Lib\site-packages\django\template\base.py", line 163, in _render
    return self.nodelist.render(context)
           ~~~~~~~~~~~~~~~~~~~~^^^^^^^^^
  File "C:\Users\C4S\AppData\Local\Python\pythoncore-3.14-64\Lib\site-packages\django\template\base.py", line 1000, in render
    return SafeString("".join([node.render_annotated(context) for node in self]))
                               ~~~~~~~~~~~~~~~~~~~~~^^^^^^^^^
  File "C:\Users\C4S\AppData\Local\Python\pythoncore-3.14-64\Lib\site-packages\django\template\base.py", line 961, in render_annotated
    return self.render(context)
           ~~~~~~~~~~~^^^^^^^^^
  File "C:\Users\C4S\AppData\Local\Python\pythoncore-3.14-64\Lib\site-packages\django\template\loader_tags.py", line 159, in render
    return compiled_parent._render(context)
           ~~~~~~~~~~~~~~~~~~~~~~~^^^^^^^^^
  File "C:\Users\C4S\AppData\Local\Python\pythoncore-3.14-64\Lib\site-packages\django\template\base.py", line 163, in _render
    return self.nodelist.render(context)
           ~~~~~~~~~~~~~~~~~~~~^^^^^^^^^
  File "C:\Users\C4S\AppData\Local\Python\pythoncore-3.14-64\Lib\site-packages\django\template\base.py", line 1000, in render
    return SafeString("".join([node.render_annotated(context) for node in self]))
                               ~~~~~~~~~~~~~~~~~~~~~^^^^^^^^^
  File "C:\Users\C4S\AppData\Local\Python\pythoncore-3.14-64\Lib\site-packages\django\template\base.py", line 961, in render_annotated
    return self.render(context)
           ~~~~~~~~~~~^^^^^^^^^
  File "C:\Users\C4S\AppData\Local\Python\pythoncore-3.14-64\Lib\site-packages\django\template\loader_tags.py", line 65, in render
    result = block.nodelist.render(context)
  File "C:\Users\C4S\AppData\Local\Python\pythoncore-3.14-64\Lib\site-packages\django\template\base.py", line 1000, in render
    return SafeString("".join([node.render_annotated(context) for node in self]))
                               ~~~~~~~~~~~~~~~~~~~~~^^^^^^^^^
  File "C:\Users\C4S\AppData\Local\Python\pythoncore-3.14-64\Lib\site-packages\django\template\base.py", line 961, in render_annotated
    return self.render(context)
           ~~~~~~~~~~~^^^^^^^^^
  File "C:\Users\C4S\AppData\Local\Python\pythoncore-3.14-64\Lib\site-packages\django\template\defaulttags.py", line 325, in render
    if match:
       ^^^^^
  File "C:\Users\C4S\AppData\Local\Python\pythoncore-3.14-64\Lib\site-packages\django\db\models\query.py", line 414, in __bool__
    self._fetch_all()
    ~~~~~~~~~~~~~~~^^
  File "C:\Users\C4S\AppData\Local\Python\pythoncore-3.14-64\Lib\site-packages\django\db\models\query.py", line 1928, in _fetch_all
    self._result_cache = list(self._iterable_class(self))
                         ~~~~^^^^^^^^^^^^^^^^^^^^^^^^^^^^
  File "C:\Users\C4S\AppData\Local\Python\pythoncore-3.14-64\Lib\site-packages\django\db\models\query.py", line 91, in __iter__
    results = compiler.execute_sql(
        chunked_fetch=self.chunked_fetch, chunk_size=self.chunk_size
    )
  File "C:\Users\C4S\AppData\Local\Python\pythoncore-3.14-64\Lib\site-packages\django\db\models\sql\compiler.py", line 1562, in execute_sql
    cursor.execute(sql, params)
    ~~~~~~~~~~~~~~^^^^^^^^^^^^^
  File "C:\Users\C4S\AppData\Local\Python\pythoncore-3.14-64\Lib\site-packages\django\db\backends\utils.py", line 122, in execute
    return super().execute(sql, params)
           ~~~~~~~~~~~~~~~^^^^^^^^^^^^^
  File "C:\Users\C4S\AppData\Local\Python\pythoncore-3.14-64\Lib\site-packages\django\db\backends\utils.py", line 79, in execute
    return self._execute_with_wrappers(
           ~~~~~~~~~~~~~~~~~~~~~~~~~~~^
        sql, params, many=False, executor=self._execute
        ^^^^^^^^^^^^^^^^^^^^^^^^^^^^^^^^^^^^^^^^^^^^^^^
    )
    ^
  File "C:\Users\C4S\AppData\Local\Python\pythoncore-3.14-64\Lib\site-packages\django\db\backends\utils.py", line 92, in _execute_with_wrappers
    return executor(sql, params, many, context)
  File "C:\Users\C4S\AppData\Local\Python\pythoncore-3.14-64\Lib\site-packages\django\db\backends\utils.py", line 100, in _execute
    with self.db.wrap_database_errors:
         ^^^^^^^^^^^^^^^^^^^^^^^^^^^^
  File "C:\Users\C4S\AppData\Local\Python\pythoncore-3.14-64\Lib\site-packages\django\db\utils.py", line 91, in __exit__
    raise dj_exc_value.with_traceback(traceback) from exc_value
  File "C:\Users\C4S\AppData\Local\Python\pythoncore-3.14-64\Lib\site-packages\django\db\backends\utils.py", line 105, in _execute
    return self.cursor.execute(sql, params)
           ~~~~~~~~~~~~~~~~~~~^^^^^^^^^^^^^
  File "C:\Users\C4S\AppData\Local\Python\pythoncore-3.14-64\Lib\site-packages\django\db\backends\mysql\base.py", line 76, in execute
    return self.cursor.execute(query, args)
           ~~~~~~~~~~~~~~~~~~~^^^^^^^^^^^^^
  File "C:\Users\C4S\AppData\Local\Python\pythoncore-3.14-64\Lib\site-packages\MySQLdb\cursors.py", line 179, in execute
    res = self._query(mogrified_query)
  File "C:\Users\C4S\AppData\Local\Python\pythoncore-3.14-64\Lib\site-packages\MySQLdb\cursors.py", line 330, in _query
    db.query(q)
    ~~~~~~~~^^^
  File "C:\Users\C4S\AppData\Local\Python\pythoncore-3.14-64\Lib\site-packages\MySQLdb\connections.py", line 286, in query
    _mysql.connection.query(self, query)
    ~~~~~~~~~~~~~~~~~~~~~~~^^^^^^^^^^^^^
django.db.utils.OperationalError: (1054, "Unknown column 'quality_reviews.created_at' in 'field list'")
"GET /dashboard/checker/ HTTP/1.1" 500 252243
"GET /dashboard/checker/ HTTP/1.1" 500 252243
Internal Server Error: /dashboard/checker/
Traceback (most recent call last):
  File "C:\Users\C4S\AppData\Local\Python\pythoncore-3.14-64\Lib\site-packages\django\db\backends\utils.py", line 105, in _execute
    return self.cursor.execute(sql, params)
           ~~~~~~~~~~~~~~~~~~~^^^^^^^^^^^^^
  File "C:\Users\C4S\AppData\Local\Python\pythoncore-3.14-64\Lib\site-packages\django\db\backends\mysql\base.py", line 76, in execute
    return self.cursor.execute(query, args)
           ~~~~~~~~~~~~~~~~~~~^^^^^^^^^^^^^
  File "C:\Users\C4S\AppData\Local\Python\pythoncore-3.14-64\Lib\site-packages\MySQLdb\cursors.py", line 179, in execute
    res = self._query(mogrified_query)
  File "C:\Users\C4S\AppData\Local\Python\pythoncore-3.14-64\Lib\site-packages\MySQLdb\cursors.py", line 330, in _query
    db.query(q)
    ~~~~~~~~^^^
  File "C:\Users\C4S\AppData\Local\Python\pythoncore-3.14-64\Lib\site-packages\MySQLdb\connections.py", line 286, in query
    _mysql.connection.query(self, query)
    ~~~~~~~~~~~~~~~~~~~~~~~^^^^^^^^^^^^^
MySQLdb.OperationalError: (1054, "Unknown column 'quality_reviews.created_at' in 'field list'")

The above exception was the direct cause of the following exception:

Traceback (most recent call last):
  File "C:\Users\C4S\AppData\Local\Python\pythoncore-3.14-64\Lib\site-packages\django\core\handlers\exception.py", line 55, in inner
    response = get_response(request)
  File "C:\Users\C4S\AppData\Local\Python\pythoncore-3.14-64\Lib\site-packages\django\core\handlers\base.py", line 197, in _get_response
    response = wrapped_callback(request, *callback_args, **callback_kwargs)
  File "C:\Users\C4S\AppData\Local\Python\pythoncore-3.14-64\Lib\site-packages\django\contrib\auth\decorators.py", line 23, in _wrapper_view
    return view_func(request, *args, **kwargs)
  File "C:\abay_repository\dashboard\views.py", line 217, in checker_dashboard
    return render(request, 'dashboard/checker_dashboard.html', context)
  File "C:\Users\C4S\AppData\Local\Python\pythoncore-3.14-64\Lib\site-packages\django\shortcuts.py", line 25, in render
    content = loader.render_to_string(template_name, context, request, using=using)
  File "C:\Users\C4S\AppData\Local\Python\pythoncore-3.14-64\Lib\site-packages\django\template\loader.py", line 62, in render_to_string
    return template.render(context, request)
           ~~~~~~~~~~~~~~~^^^^^^^^^^^^^^^^^^
  File "C:\Users\C4S\AppData\Local\Python\pythoncore-3.14-64\Lib\site-packages\django\template\backends\django.py", line 61, in render
    return self.template.render(context)
           ~~~~~~~~~~~~~~~~~~~~^^^^^^^^^
  File "C:\Users\C4S\AppData\Local\Python\pythoncore-3.14-64\Lib\site-packages\django\template\base.py", line 171, in render
    return self._render(context)
           ~~~~~~~~~~~~^^^^^^^^^
  File "C:\Users\C4S\AppData\Local\Python\pythoncore-3.14-64\Lib\site-packages\django\template\base.py", line 163, in _render
    return self.nodelist.render(context)
           ~~~~~~~~~~~~~~~~~~~~^^^^^^^^^
  File "C:\Users\C4S\AppData\Local\Python\pythoncore-3.14-64\Lib\site-packages\django\template\base.py", line 1000, in render
    return SafeString("".join([node.render_annotated(context) for node in self]))
                               ~~~~~~~~~~~~~~~~~~~~~^^^^^^^^^
  File "C:\Users\C4S\AppData\Local\Python\pythoncore-3.14-64\Lib\site-packages\django\template\base.py", line 961, in render_annotated
    return self.render(context)
           ~~~~~~~~~~~^^^^^^^^^
  File "C:\Users\C4S\AppData\Local\Python\pythoncore-3.14-64\Lib\site-packages\django\template\loader_tags.py", line 159, in render
    return compiled_parent._render(context)
           ~~~~~~~~~~~~~~~~~~~~~~~^^^^^^^^^
  File "C:\Users\C4S\AppData\Local\Python\pythoncore-3.14-64\Lib\site-packages\django\template\base.py", line 163, in _render
    return self.nodelist.render(context)
           ~~~~~~~~~~~~~~~~~~~~^^^^^^^^^
  File "C:\Users\C4S\AppData\Local\Python\pythoncore-3.14-64\Lib\site-packages\django\template\base.py", line 1000, in render
    return SafeString("".join([node.render_annotated(context) for node in self]))
                               ~~~~~~~~~~~~~~~~~~~~~^^^^^^^^^
  File "C:\Users\C4S\AppData\Local\Python\pythoncore-3.14-64\Lib\site-packages\django\template\base.py", line 961, in render_annotated
    return self.render(context)
           ~~~~~~~~~~~^^^^^^^^^
  File "C:\Users\C4S\AppData\Local\Python\pythoncore-3.14-64\Lib\site-packages\django\template\loader_tags.py", line 65, in render
    result = block.nodelist.render(context)
  File "C:\Users\C4S\AppData\Local\Python\pythoncore-3.14-64\Lib\site-packages\django\template\base.py", line 1000, in render
    return SafeString("".join([node.render_annotated(context) for node in self]))
                               ~~~~~~~~~~~~~~~~~~~~~^^^^^^^^^
  File "C:\Users\C4S\AppData\Local\Python\pythoncore-3.14-64\Lib\site-packages\django\template\base.py", line 961, in render_annotated
    return self.render(context)
           ~~~~~~~~~~~^^^^^^^^^
  File "C:\Users\C4S\AppData\Local\Python\pythoncore-3.14-64\Lib\site-packages\django\template\defaulttags.py", line 325, in render
    if match:
       ^^^^^
  File "C:\Users\C4S\AppData\Local\Python\pythoncore-3.14-64\Lib\site-packages\django\db\models\query.py", line 414, in __bool__
    self._fetch_all()
    ~~~~~~~~~~~~~~~^^
  File "C:\Users\C4S\AppData\Local\Python\pythoncore-3.14-64\Lib\site-packages\django\db\models\query.py", line 1928, in _fetch_all
    self._result_cache = list(self._iterable_class(self))
                         ~~~~^^^^^^^^^^^^^^^^^^^^^^^^^^^^
  File "C:\Users\C4S\AppData\Local\Python\pythoncore-3.14-64\Lib\site-packages\django\db\models\query.py", line 91, in __iter__
    results = compiler.execute_sql(
        chunked_fetch=self.chunked_fetch, chunk_size=self.chunk_size
    )
  File "C:\Users\C4S\AppData\Local\Python\pythoncore-3.14-64\Lib\site-packages\django\db\models\sql\compiler.py", line 1562, in execute_sql
    cursor.execute(sql, params)
    ~~~~~~~~~~~~~~^^^^^^^^^^^^^
  File "C:\Users\C4S\AppData\Local\Python\pythoncore-3.14-64\Lib\site-packages\django\db\backends\utils.py", line 122, in execute
    return super().execute(sql, params)
           ~~~~~~~~~~~~~~~^^^^^^^^^^^^^
  File "C:\Users\C4S\AppData\Local\Python\pythoncore-3.14-64\Lib\site-packages\django\db\backends\utils.py", line 79, in execute
    return self._execute_with_wrappers(
           ~~~~~~~~~~~~~~~~~~~~~~~~~~~^
        sql, params, many=False, executor=self._execute
        ^^^^^^^^^^^^^^^^^^^^^^^^^^^^^^^^^^^^^^^^^^^^^^^
    )
    ^
  File "C:\Users\C4S\AppData\Local\Python\pythoncore-3.14-64\Lib\site-packages\django\db\backends\utils.py", line 92, in _execute_with_wrappers
    return executor(sql, params, many, context)
  File "C:\Users\C4S\AppData\Local\Python\pythoncore-3.14-64\Lib\site-packages\django\db\backends\utils.py", line 100, in _execute
    with self.db.wrap_database_errors:
         ^^^^^^^^^^^^^^^^^^^^^^^^^^^^
  File "C:\Users\C4S\AppData\Local\Python\pythoncore-3.14-64\Lib\site-packages\django\db\utils.py", line 91, in __exit__
    raise dj_exc_value.with_traceback(traceback) from exc_value
  File "C:\Users\C4S\AppData\Local\Python\pythoncore-3.14-64\Lib\site-packages\django\db\backends\utils.py", line 105, in _execute
    return self.cursor.execute(sql, params)
           ~~~~~~~~~~~~~~~~~~~^^^^^^^^^^^^^
  File "C:\Users\C4S\AppData\Local\Python\pythoncore-3.14-64\Lib\site-packages\django\db\backends\mysql\base.py", line 76, in execute
    return self.cursor.execute(query, args)
           ~~~~~~~~~~~~~~~~~~~^^^^^^^^^^^^^
  File "C:\Users\C4S\AppData\Local\Python\pythoncore-3.14-64\Lib\site-packages\MySQLdb\cursors.py", line 179, in execute
    res = self._query(mogrified_query)
  File "C:\Users\C4S\AppData\Local\Python\pythoncore-3.14-64\Lib\site-packages\MySQLdb\cursors.py", line 330, in _query
    db.query(q)
    ~~~~~~~~^^^
  File "C:\Users\C4S\AppData\Local\Python\pythoncore-3.14-64\Lib\site-packages\MySQLdb\connections.py", line 286, in query
    _mysql.connection.query(self, query)
    ~~~~~~~~~~~~~~~~~~~~~~~^^^^^^^^^^^^^
django.db.utils.OperationalError: (1054, "Unknown column 'quality_reviews.created_at' in 'field list'")
Internal Server Error: /dashboard/checker/
Traceback (most recent call last):
  File "C:\Users\C4S\AppData\Local\Python\pythoncore-3.14-64\Lib\site-packages\django\db\backends\utils.py", line 105, in _execute
    return self.cursor.execute(sql, params)
           ~~~~~~~~~~~~~~~~~~~^^^^^^^^^^^^^
  File "C:\Users\C4S\AppData\Local\Python\pythoncore-3.14-64\Lib\site-packages\django\db\backends\mysql\base.py", line 76, in execute
    return self.cursor.execute(query, args)
           ~~~~~~~~~~~~~~~~~~~^^^^^^^^^^^^^
  File "C:\Users\C4S\AppData\Local\Python\pythoncore-3.14-64\Lib\site-packages\MySQLdb\cursors.py", line 179, in execute
    res = self._query(mogrified_query)
  File "C:\Users\C4S\AppData\Local\Python\pythoncore-3.14-64\Lib\site-packages\MySQLdb\cursors.py", line 330, in _query
    db.query(q)
    ~~~~~~~~^^^
  File "C:\Users\C4S\AppData\Local\Python\pythoncore-3.14-64\Lib\site-packages\MySQLdb\connections.py", line 286, in query
    _mysql.connection.query(self, query)
    ~~~~~~~~~~~~~~~~~~~~~~~^^^^^^^^^^^^^
MySQLdb.OperationalError: (1054, "Unknown column 'quality_reviews.created_at' in 'field list'")

The above exception was the direct cause of the following exception:

Traceback (most recent call last):
  File "C:\Users\C4S\AppData\Local\Python\pythoncore-3.14-64\Lib\site-packages\django\core\handlers\exception.py", line 55, in inner
    response = get_response(request)
  File "C:\Users\C4S\AppData\Local\Python\pythoncore-3.14-64\Lib\site-packages\django\core\handlers\base.py", line 197, in _get_response
    response = wrapped_callback(request, *callback_args, **callback_kwargs)
  File "C:\Users\C4S\AppData\Local\Python\pythoncore-3.14-64\Lib\site-packages\django\contrib\auth\decorators.py", line 23, in _wrapper_view
    return view_func(request, *args, **kwargs)
  File "C:\abay_repository\dashboard\views.py", line 217, in checker_dashboard
    return render(request, 'dashboard/checker_dashboard.html', context)
  File "C:\Users\C4S\AppData\Local\Python\pythoncore-3.14-64\Lib\site-packages\django\shortcuts.py", line 25, in render
    content = loader.render_to_string(template_name, context, request, using=using)
  File "C:\Users\C4S\AppData\Local\Python\pythoncore-3.14-64\Lib\site-packages\django\template\loader.py", line 62, in render_to_string
    return template.render(context, request)
           ~~~~~~~~~~~~~~~^^^^^^^^^^^^^^^^^^
  File "C:\Users\C4S\AppData\Local\Python\pythoncore-3.14-64\Lib\site-packages\django\template\backends\django.py", line 61, in render
    return self.template.render(context)
           ~~~~~~~~~~~~~~~~~~~~^^^^^^^^^
  File "C:\Users\C4S\AppData\Local\Python\pythoncore-3.14-64\Lib\site-packages\django\template\base.py", line 171, in render
    return self._render(context)
           ~~~~~~~~~~~~^^^^^^^^^
  File "C:\Users\C4S\AppData\Local\Python\pythoncore-3.14-64\Lib\site-packages\django\template\base.py", line 163, in _render
    return self.nodelist.render(context)
           ~~~~~~~~~~~~~~~~~~~~^^^^^^^^^
  File "C:\Users\C4S\AppData\Local\Python\pythoncore-3.14-64\Lib\site-packages\django\template\base.py", line 1000, in render
    return SafeString("".join([node.render_annotated(context) for node in self]))
                               ~~~~~~~~~~~~~~~~~~~~~^^^^^^^^^
  File "C:\Users\C4S\AppData\Local\Python\pythoncore-3.14-64\Lib\site-packages\django\template\base.py", line 961, in render_annotated
    return self.render(context)
           ~~~~~~~~~~~^^^^^^^^^
  File "C:\Users\C4S\AppData\Local\Python\pythoncore-3.14-64\Lib\site-packages\django\template\loader_tags.py", line 159, in render
    return compiled_parent._render(context)
           ~~~~~~~~~~~~~~~~~~~~~~~^^^^^^^^^
  File "C:\Users\C4S\AppData\Local\Python\pythoncore-3.14-64\Lib\site-packages\django\template\base.py", line 163, in _render
    return self.nodelist.render(context)
           ~~~~~~~~~~~~~~~~~~~~^^^^^^^^^
  File "C:\Users\C4S\AppData\Local\Python\pythoncore-3.14-64\Lib\site-packages\django\template\base.py", line 1000, in render
    return SafeString("".join([node.render_annotated(context) for node in self]))
                               ~~~~~~~~~~~~~~~~~~~~~^^^^^^^^^
  File "C:\Users\C4S\AppData\Local\Python\pythoncore-3.14-64\Lib\site-packages\django\template\base.py", line 961, in render_annotated
    return self.render(context)
           ~~~~~~~~~~~^^^^^^^^^
  File "C:\Users\C4S\AppData\Local\Python\pythoncore-3.14-64\Lib\site-packages\django\template\loader_tags.py", line 65, in render
    result = block.nodelist.render(context)
  File "C:\Users\C4S\AppData\Local\Python\pythoncore-3.14-64\Lib\site-packages\django\template\base.py", line 1000, in render
    return SafeString("".join([node.render_annotated(context) for node in self]))
                               ~~~~~~~~~~~~~~~~~~~~~^^^^^^^^^
  File "C:\Users\C4S\AppData\Local\Python\pythoncore-3.14-64\Lib\site-packages\django\template\base.py", line 961, in render_annotated
    return self.render(context)
           ~~~~~~~~~~~^^^^^^^^^
  File "C:\Users\C4S\AppData\Local\Python\pythoncore-3.14-64\Lib\site-packages\django\template\defaulttags.py", line 325, in render
    if match:
       ^^^^^
  File "C:\Users\C4S\AppData\Local\Python\pythoncore-3.14-64\Lib\site-packages\django\db\models\query.py", line 414, in __bool__
    self._fetch_all()
    ~~~~~~~~~~~~~~~^^
  File "C:\Users\C4S\AppData\Local\Python\pythoncore-3.14-64\Lib\site-packages\django\db\models\query.py", line 1928, in _fetch_all
    self._result_cache = list(self._iterable_class(self))
                         ~~~~^^^^^^^^^^^^^^^^^^^^^^^^^^^^
  File "C:\Users\C4S\AppData\Local\Python\pythoncore-3.14-64\Lib\site-packages\django\db\models\query.py", line 91, in __iter__
    results = compiler.execute_sql(
        chunked_fetch=self.chunked_fetch, chunk_size=self.chunk_size
    )
  File "C:\Users\C4S\AppData\Local\Python\pythoncore-3.14-64\Lib\site-packages\django\db\models\sql\compiler.py", line 1562, in execute_sql
    cursor.execute(sql, params)
    ~~~~~~~~~~~~~~^^^^^^^^^^^^^
  File "C:\Users\C4S\AppData\Local\Python\pythoncore-3.14-64\Lib\site-packages\django\db\backends\utils.py", line 122, in execute
    return super().execute(sql, params)
           ~~~~~~~~~~~~~~~^^^^^^^^^^^^^
  File "C:\Users\C4S\AppData\Local\Python\pythoncore-3.14-64\Lib\site-packages\django\db\backends\utils.py", line 79, in execute
    return self._execute_with_wrappers(
           ~~~~~~~~~~~~~~~~~~~~~~~~~~~^
        sql, params, many=False, executor=self._execute
        ^^^^^^^^^^^^^^^^^^^^^^^^^^^^^^^^^^^^^^^^^^^^^^^
    )
    ^
  File "C:\Users\C4S\AppData\Local\Python\pythoncore-3.14-64\Lib\site-packages\django\db\backends\utils.py", line 92, in _execute_with_wrappers
    return executor(sql, params, many, context)
  File "C:\Users\C4S\AppData\Local\Python\pythoncore-3.14-64\Lib\site-packages\django\db\backends\utils.py", line 100, in _execute
    with self.db.wrap_database_errors:
         ^^^^^^^^^^^^^^^^^^^^^^^^^^^^
  File "C:\Users\C4S\AppData\Local\Python\pythoncore-3.14-64\Lib\site-packages\django\db\utils.py", line 91, in __exit__
    raise dj_exc_value.with_traceback(traceback) from exc_value
  File "C:\Users\C4S\AppData\Local\Python\pythoncore-3.14-64\Lib\site-packages\django\db\backends\utils.py", line 105, in _execute
    return self.cursor.execute(sql, params)
           ~~~~~~~~~~~~~~~~~~~^^^^^^^^^^^^^
  File "C:\Users\C4S\AppData\Local\Python\pythoncore-3.14-64\Lib\site-packages\django\db\backends\mysql\base.py", line 76, in execute
    return self.cursor.execute(query, args)
           ~~~~~~~~~~~~~~~~~~~^^^^^^^^^^^^^
  File "C:\Users\C4S\AppData\Local\Python\pythoncore-3.14-64\Lib\site-packages\MySQLdb\cursors.py", line 179, in execute
    res = self._query(mogrified_query)
  File "C:\Users\C4S\AppData\Local\Python\pythoncore-3.14-64\Lib\site-packages\MySQLdb\cursors.py", line 330, in _query
    db.query(q)
    ~~~~~~~~^^^
  File "C:\Users\C4S\AppData\Local\Python\pythoncore-3.14-64\Lib\site-packages\MySQLdb\connections.py", line 286, in query
    _mysql.connection.query(self, query)
    ~~~~~~~~~~~~~~~~~~~~~~~^^^^^^^^^^^^^
django.db.utils.OperationalError: (1054, "Unknown column 'quality_reviews.created_at' in 'field list'")
"GET /dashboard/checker/ HTTP/1.1" 500 252243
"GET /dashboard/checker/ HTTP/1.1" 500 252243
Internal Server Error: /dashboard/checker/
Traceback (most recent call last):
  File "C:\Users\C4S\AppData\Local\Python\pythoncore-3.14-64\Lib\site-packages\django\db\backends\utils.py", line 105, in _execute
    return self.cursor.execute(sql, params)
           ~~~~~~~~~~~~~~~~~~~^^^^^^^^^^^^^
  File "C:\Users\C4S\AppData\Local\Python\pythoncore-3.14-64\Lib\site-packages\django\db\backends\mysql\base.py", line 76, in execute
    return self.cursor.execute(query, args)
           ~~~~~~~~~~~~~~~~~~~^^^^^^^^^^^^^
  File "C:\Users\C4S\AppData\Local\Python\pythoncore-3.14-64\Lib\site-packages\MySQLdb\cursors.py", line 179, in execute
    res = self._query(mogrified_query)
  File "C:\Users\C4S\AppData\Local\Python\pythoncore-3.14-64\Lib\site-packages\MySQLdb\cursors.py", line 330, in _query
    db.query(q)
    ~~~~~~~~^^^
  File "C:\Users\C4S\AppData\Local\Python\pythoncore-3.14-64\Lib\site-packages\MySQLdb\connections.py", line 286, in query
    _mysql.connection.query(self, query)
    ~~~~~~~~~~~~~~~~~~~~~~~^^^^^^^^^^^^^
MySQLdb.OperationalError: (1054, "Unknown column 'quality_reviews.created_at' in 'field list'")

The above exception was the direct cause of the following exception:

Traceback (most recent call last):
  File "C:\Users\C4S\AppData\Local\Python\pythoncore-3.14-64\Lib\site-packages\django\core\handlers\exception.py", line 55, in inner
    response = get_response(request)
  File "C:\Users\C4S\AppData\Local\Python\pythoncore-3.14-64\Lib\site-packages\django\core\handlers\base.py", line 197, in _get_response
    response = wrapped_callback(request, *callback_args, **callback_kwargs)
  File "C:\Users\C4S\AppData\Local\Python\pythoncore-3.14-64\Lib\site-packages\django\contrib\auth\decorators.py", line 23, in _wrapper_view
    return view_func(request, *args, **kwargs)
  File "C:\abay_repository\dashboard\views.py", line 217, in checker_dashboard
    return render(request, 'dashboard/checker_dashboard.html', context)
  File "C:\Users\C4S\AppData\Local\Python\pythoncore-3.14-64\Lib\site-packages\django\shortcuts.py", line 25, in render
    content = loader.render_to_string(template_name, context, request, using=using)
  File "C:\Users\C4S\AppData\Local\Python\pythoncore-3.14-64\Lib\site-packages\django\template\loader.py", line 62, in render_to_string
    return template.render(context, request)
           ~~~~~~~~~~~~~~~^^^^^^^^^^^^^^^^^^
  File "C:\Users\C4S\AppData\Local\Python\pythoncore-3.14-64\Lib\site-packages\django\template\backends\django.py", line 61, in render
    return self.template.render(context)
           ~~~~~~~~~~~~~~~~~~~~^^^^^^^^^
  File "C:\Users\C4S\AppData\Local\Python\pythoncore-3.14-64\Lib\site-packages\django\template\base.py", line 171, in render
    return self._render(context)
           ~~~~~~~~~~~~^^^^^^^^^
  File "C:\Users\C4S\AppData\Local\Python\pythoncore-3.14-64\Lib\site-packages\django\template\base.py", line 163, in _render
    return self.nodelist.render(context)
           ~~~~~~~~~~~~~~~~~~~~^^^^^^^^^
  File "C:\Users\C4S\AppData\Local\Python\pythoncore-3.14-64\Lib\site-packages\django\template\base.py", line 1000, in render
    return SafeString("".join([node.render_annotated(context) for node in self]))
                               ~~~~~~~~~~~~~~~~~~~~~^^^^^^^^^
  File "C:\Users\C4S\AppData\Local\Python\pythoncore-3.14-64\Lib\site-packages\django\template\base.py", line 961, in render_annotated
    return self.render(context)
           ~~~~~~~~~~~^^^^^^^^^
  File "C:\Users\C4S\AppData\Local\Python\pythoncore-3.14-64\Lib\site-packages\django\template\loader_tags.py", line 159, in render
    return compiled_parent._render(context)
           ~~~~~~~~~~~~~~~~~~~~~~~^^^^^^^^^
  File "C:\Users\C4S\AppData\Local\Python\pythoncore-3.14-64\Lib\site-packages\django\template\base.py", line 163, in _render
    return self.nodelist.render(context)
           ~~~~~~~~~~~~~~~~~~~~^^^^^^^^^
  File "C:\Users\C4S\AppData\Local\Python\pythoncore-3.14-64\Lib\site-packages\django\template\base.py", line 1000, in render
    return SafeString("".join([node.render_annotated(context) for node in self]))
                               ~~~~~~~~~~~~~~~~~~~~~^^^^^^^^^
  File "C:\Users\C4S\AppData\Local\Python\pythoncore-3.14-64\Lib\site-packages\django\template\base.py", line 961, in render_annotated
    return self.render(context)
           ~~~~~~~~~~~^^^^^^^^^
  File "C:\Users\C4S\AppData\Local\Python\pythoncore-3.14-64\Lib\site-packages\django\template\loader_tags.py", line 65, in render
    result = block.nodelist.render(context)
  File "C:\Users\C4S\AppData\Local\Python\pythoncore-3.14-64\Lib\site-packages\django\template\base.py", line 1000, in render
    return SafeString("".join([node.render_annotated(context) for node in self]))
                               ~~~~~~~~~~~~~~~~~~~~~^^^^^^^^^
  File "C:\Users\C4S\AppData\Local\Python\pythoncore-3.14-64\Lib\site-packages\django\template\base.py", line 961, in render_annotated
    return self.render(context)
           ~~~~~~~~~~~^^^^^^^^^
  File "C:\Users\C4S\AppData\Local\Python\pythoncore-3.14-64\Lib\site-packages\django\template\defaulttags.py", line 325, in render
    if match:
       ^^^^^
  File "C:\Users\C4S\AppData\Local\Python\pythoncore-3.14-64\Lib\site-packages\django\db\models\query.py", line 414, in __bool__
    self._fetch_all()
    ~~~~~~~~~~~~~~~^^
  File "C:\Users\C4S\AppData\Local\Python\pythoncore-3.14-64\Lib\site-packages\django\db\models\query.py", line 1928, in _fetch_all
    self._result_cache = list(self._iterable_class(self))
                         ~~~~^^^^^^^^^^^^^^^^^^^^^^^^^^^^
  File "C:\Users\C4S\AppData\Local\Python\pythoncore-3.14-64\Lib\site-packages\django\db\models\query.py", line 91, in __iter__
    results = compiler.execute_sql(
        chunked_fetch=self.chunked_fetch, chunk_size=self.chunk_size
    )
  File "C:\Users\C4S\AppData\Local\Python\pythoncore-3.14-64\Lib\site-packages\django\db\models\sql\compiler.py", line 1562, in execute_sql
    cursor.execute(sql, params)
    ~~~~~~~~~~~~~~^^^^^^^^^^^^^
  File "C:\Users\C4S\AppData\Local\Python\pythoncore-3.14-64\Lib\site-packages\django\db\backends\utils.py", line 122, in execute
    return super().execute(sql, params)
           ~~~~~~~~~~~~~~~^^^^^^^^^^^^^
  File "C:\Users\C4S\AppData\Local\Python\pythoncore-3.14-64\Lib\site-packages\django\db\backends\utils.py", line 79, in execute
    return self._execute_with_wrappers(
           ~~~~~~~~~~~~~~~~~~~~~~~~~~~^
        sql, params, many=False, executor=self._execute
        ^^^^^^^^^^^^^^^^^^^^^^^^^^^^^^^^^^^^^^^^^^^^^^^
    )
    ^
  File "C:\Users\C4S\AppData\Local\Python\pythoncore-3.14-64\Lib\site-packages\django\db\backends\utils.py", line 92, in _execute_with_wrappers
    return executor(sql, params, many, context)
  File "C:\Users\C4S\AppData\Local\Python\pythoncore-3.14-64\Lib\site-packages\django\db\backends\utils.py", line 100, in _execute
    with self.db.wrap_database_errors:
         ^^^^^^^^^^^^^^^^^^^^^^^^^^^^
  File "C:\Users\C4S\AppData\Local\Python\pythoncore-3.14-64\Lib\site-packages\django\db\utils.py", line 91, in __exit__
    raise dj_exc_value.with_traceback(traceback) from exc_value
  File "C:\Users\C4S\AppData\Local\Python\pythoncore-3.14-64\Lib\site-packages\django\db\backends\utils.py", line 105, in _execute
    return self.cursor.execute(sql, params)
           ~~~~~~~~~~~~~~~~~~~^^^^^^^^^^^^^
  File "C:\Users\C4S\AppData\Local\Python\pythoncore-3.14-64\Lib\site-packages\django\db\backends\mysql\base.py", line 76, in execute
    return self.cursor.execute(query, args)
           ~~~~~~~~~~~~~~~~~~~^^^^^^^^^^^^^
  File "C:\Users\C4S\AppData\Local\Python\pythoncore-3.14-64\Lib\site-packages\MySQLdb\cursors.py", line 179, in execute
    res = self._query(mogrified_query)
  File "C:\Users\C4S\AppData\Local\Python\pythoncore-3.14-64\Lib\site-packages\MySQLdb\cursors.py", line 330, in _query
    db.query(q)
    ~~~~~~~~^^^
  File "C:\Users\C4S\AppData\Local\Python\pythoncore-3.14-64\Lib\site-packages\MySQLdb\connections.py", line 286, in query
    _mysql.connection.query(self, query)
    ~~~~~~~~~~~~~~~~~~~~~~~^^^^^^^^^^^^^
django.db.utils.OperationalError: (1054, "Unknown column 'quality_reviews.created_at' in 'field list'")
Internal Server Error: /dashboard/checker/
Traceback (most recent call last):
  File "C:\Users\C4S\AppData\Local\Python\pythoncore-3.14-64\Lib\site-packages\django\db\backends\utils.py", line 105, in _execute
    return self.cursor.execute(sql, params)
           ~~~~~~~~~~~~~~~~~~~^^^^^^^^^^^^^
  File "C:\Users\C4S\AppData\Local\Python\pythoncore-3.14-64\Lib\site-packages\django\db\backends\mysql\base.py", line 76, in execute
    return self.cursor.execute(query, args)
           ~~~~~~~~~~~~~~~~~~~^^^^^^^^^^^^^
  File "C:\Users\C4S\AppData\Local\Python\pythoncore-3.14-64\Lib\site-packages\MySQLdb\cursors.py", line 179, in execute
    res = self._query(mogrified_query)
  File "C:\Users\C4S\AppData\Local\Python\pythoncore-3.14-64\Lib\site-packages\MySQLdb\cursors.py", line 330, in _query
    db.query(q)
    ~~~~~~~~^^^
  File "C:\Users\C4S\AppData\Local\Python\pythoncore-3.14-64\Lib\site-packages\MySQLdb\connections.py", line 286, in query
    _mysql.connection.query(self, query)
    ~~~~~~~~~~~~~~~~~~~~~~~^^^^^^^^^^^^^
MySQLdb.OperationalError: (1054, "Unknown column 'quality_reviews.created_at' in 'field list'")

The above exception was the direct cause of the following exception:

Traceback (most recent call last):
  File "C:\Users\C4S\AppData\Local\Python\pythoncore-3.14-64\Lib\site-packages\django\core\handlers\exception.py", line 55, in inner
    response = get_response(request)
  File "C:\Users\C4S\AppData\Local\Python\pythoncore-3.14-64\Lib\site-packages\django\core\handlers\base.py", line 197, in _get_response
    response = wrapped_callback(request, *callback_args, **callback_kwargs)
  File "C:\Users\C4S\AppData\Local\Python\pythoncore-3.14-64\Lib\site-packages\django\contrib\auth\decorators.py", line 23, in _wrapper_view
    return view_func(request, *args, **kwargs)
  File "C:\abay_repository\dashboard\views.py", line 217, in checker_dashboard
    return render(request, 'dashboard/checker_dashboard.html', context)
  File "C:\Users\C4S\AppData\Local\Python\pythoncore-3.14-64\Lib\site-packages\django\shortcuts.py", line 25, in render
    content = loader.render_to_string(template_name, context, request, using=using)
  File "C:\Users\C4S\AppData\Local\Python\pythoncore-3.14-64\Lib\site-packages\django\template\loader.py", line 62, in render_to_string
    return template.render(context, request)
           ~~~~~~~~~~~~~~~^^^^^^^^^^^^^^^^^^
  File "C:\Users\C4S\AppData\Local\Python\pythoncore-3.14-64\Lib\site-packages\django\template\backends\django.py", line 61, in render
    return self.template.render(context)
           ~~~~~~~~~~~~~~~~~~~~^^^^^^^^^
  File "C:\Users\C4S\AppData\Local\Python\pythoncore-3.14-64\Lib\site-packages\django\template\base.py", line 171, in render
    return self._render(context)
           ~~~~~~~~~~~~^^^^^^^^^
  File "C:\Users\C4S\AppData\Local\Python\pythoncore-3.14-64\Lib\site-packages\django\template\base.py", line 163, in _render
    return self.nodelist.render(context)
           ~~~~~~~~~~~~~~~~~~~~^^^^^^^^^
  File "C:\Users\C4S\AppData\Local\Python\pythoncore-3.14-64\Lib\site-packages\django\template\base.py", line 1000, in render
    return SafeString("".join([node.render_annotated(context) for node in self]))
                               ~~~~~~~~~~~~~~~~~~~~~^^^^^^^^^
  File "C:\Users\C4S\AppData\Local\Python\pythoncore-3.14-64\Lib\site-packages\django\template\base.py", line 961, in render_annotated
    return self.render(context)
           ~~~~~~~~~~~^^^^^^^^^
  File "C:\Users\C4S\AppData\Local\Python\pythoncore-3.14-64\Lib\site-packages\django\template\loader_tags.py", line 159, in render
    return compiled_parent._render(context)
           ~~~~~~~~~~~~~~~~~~~~~~~^^^^^^^^^
  File "C:\Users\C4S\AppData\Local\Python\pythoncore-3.14-64\Lib\site-packages\django\template\base.py", line 163, in _render
    return self.nodelist.render(context)
           ~~~~~~~~~~~~~~~~~~~~^^^^^^^^^
  File "C:\Users\C4S\AppData\Local\Python\pythoncore-3.14-64\Lib\site-packages\django\template\base.py", line 1000, in render
    return SafeString("".join([node.render_annotated(context) for node in self]))
                               ~~~~~~~~~~~~~~~~~~~~~^^^^^^^^^
  File "C:\Users\C4S\AppData\Local\Python\pythoncore-3.14-64\Lib\site-packages\django\template\base.py", line 961, in render_annotated
    return self.render(context)
           ~~~~~~~~~~~^^^^^^^^^
  File "C:\Users\C4S\AppData\Local\Python\pythoncore-3.14-64\Lib\site-packages\django\template\loader_tags.py", line 65, in render
    result = block.nodelist.render(context)
  File "C:\Users\C4S\AppData\Local\Python\pythoncore-3.14-64\Lib\site-packages\django\template\base.py", line 1000, in render
    return SafeString("".join([node.render_annotated(context) for node in self]))
                               ~~~~~~~~~~~~~~~~~~~~~^^^^^^^^^
  File "C:\Users\C4S\AppData\Local\Python\pythoncore-3.14-64\Lib\site-packages\django\template\base.py", line 961, in render_annotated
    return self.render(context)
           ~~~~~~~~~~~^^^^^^^^^
  File "C:\Users\C4S\AppData\Local\Python\pythoncore-3.14-64\Lib\site-packages\django\template\defaulttags.py", line 325, in render
    if match:
       ^^^^^
  File "C:\Users\C4S\AppData\Local\Python\pythoncore-3.14-64\Lib\site-packages\django\db\models\query.py", line 414, in __bool__
    self._fetch_all()
    ~~~~~~~~~~~~~~~^^
  File "C:\Users\C4S\AppData\Local\Python\pythoncore-3.14-64\Lib\site-packages\django\db\models\query.py", line 1928, in _fetch_all
    self._result_cache = list(self._iterable_class(self))
                         ~~~~^^^^^^^^^^^^^^^^^^^^^^^^^^^^
  File "C:\Users\C4S\AppData\Local\Python\pythoncore-3.14-64\Lib\site-packages\django\db\models\query.py", line 91, in __iter__
    results = compiler.execute_sql(
        chunked_fetch=self.chunked_fetch, chunk_size=self.chunk_size
    )
  File "C:\Users\C4S\AppData\Local\Python\pythoncore-3.14-64\Lib\site-packages\django\db\models\sql\compiler.py", line 1562, in execute_sql
    cursor.execute(sql, params)
    ~~~~~~~~~~~~~~^^^^^^^^^^^^^
  File "C:\Users\C4S\AppData\Local\Python\pythoncore-3.14-64\Lib\site-packages\django\db\backends\utils.py", line 122, in execute
    return super().execute(sql, params)
           ~~~~~~~~~~~~~~~^^^^^^^^^^^^^
  File "C:\Users\C4S\AppData\Local\Python\pythoncore-3.14-64\Lib\site-packages\django\db\backends\utils.py", line 79, in execute
    return self._execute_with_wrappers(
           ~~~~~~~~~~~~~~~~~~~~~~~~~~~^
        sql, params, many=False, executor=self._execute
        ^^^^^^^^^^^^^^^^^^^^^^^^^^^^^^^^^^^^^^^^^^^^^^^
    )
    ^
  File "C:\Users\C4S\AppData\Local\Python\pythoncore-3.14-64\Lib\site-packages\django\db\backends\utils.py", line 92, in _execute_with_wrappers
    return executor(sql, params, many, context)
  File "C:\Users\C4S\AppData\Local\Python\pythoncore-3.14-64\Lib\site-packages\django\db\backends\utils.py", line 100, in _execute
    with self.db.wrap_database_errors:
         ^^^^^^^^^^^^^^^^^^^^^^^^^^^^
  File "C:\Users\C4S\AppData\Local\Python\pythoncore-3.14-64\Lib\site-packages\django\db\utils.py", line 91, in __exit__
    raise dj_exc_value.with_traceback(traceback) from exc_value
  File "C:\Users\C4S\AppData\Local\Python\pythoncore-3.14-64\Lib\site-packages\django\db\backends\utils.py", line 105, in _execute
    return self.cursor.execute(sql, params)
           ~~~~~~~~~~~~~~~~~~~^^^^^^^^^^^^^
  File "C:\Users\C4S\AppData\Local\Python\pythoncore-3.14-64\Lib\site-packages\django\db\backends\mysql\base.py", line 76, in execute
    return self.cursor.execute(query, args)
           ~~~~~~~~~~~~~~~~~~~^^^^^^^^^^^^^
  File "C:\Users\C4S\AppData\Local\Python\pythoncore-3.14-64\Lib\site-packages\MySQLdb\cursors.py", line 179, in execute
    res = self._query(mogrified_query)
  File "C:\Users\C4S\AppData\Local\Python\pythoncore-3.14-64\Lib\site-packages\MySQLdb\cursors.py", line 330, in _query
    db.query(q)
    ~~~~~~~~^^^
  File "C:\Users\C4S\AppData\Local\Python\pythoncore-3.14-64\Lib\site-packages\MySQLdb\connections.py", line 286, in query
    _mysql.connection.query(self, query)
    ~~~~~~~~~~~~~~~~~~~~~~~^^^^^^^^^^^^^
django.db.utils.OperationalError: (1054, "Unknown column 'quality_reviews.created_at' in 'field list'")
"GET /dashboard/checker/ HTTP/1.1" 500 252243
"GET /dashboard/checker/ HTTP/1.1" 500 252243
"GET /dashboard/redirect/ HTTP/1.1" 302 0
"GET /dashboard/redirect/ HTTP/1.1" 302 0
Internal Server Error: /dashboard/checker/
Traceback (most recent call last):
  File "C:\Users\C4S\AppData\Local\Python\pythoncore-3.14-64\Lib\site-packages\django\db\backends\utils.py", line 105, in _execute
    return self.cursor.execute(sql, params)
           ~~~~~~~~~~~~~~~~~~~^^^^^^^^^^^^^
  File "C:\Users\C4S\AppData\Local\Python\pythoncore-3.14-64\Lib\site-packages\django\db\backends\mysql\base.py", line 76, in execute
    return self.cursor.execute(query, args)
           ~~~~~~~~~~~~~~~~~~~^^^^^^^^^^^^^
  File "C:\Users\C4S\AppData\Local\Python\pythoncore-3.14-64\Lib\site-packages\MySQLdb\cursors.py", line 179, in execute
    res = self._query(mogrified_query)
  File "C:\Users\C4S\AppData\Local\Python\pythoncore-3.14-64\Lib\site-packages\MySQLdb\cursors.py", line 330, in _query
    db.query(q)
    ~~~~~~~~^^^
  File "C:\Users\C4S\AppData\Local\Python\pythoncore-3.14-64\Lib\site-packages\MySQLdb\connections.py", line 286, in query
    _mysql.connection.query(self, query)
    ~~~~~~~~~~~~~~~~~~~~~~~^^^^^^^^^^^^^
MySQLdb.OperationalError: (1054, "Unknown column 'quality_reviews.created_at' in 'field list'")

The above exception was the direct cause of the following exception:

Traceback (most recent call last):
  File "C:\Users\C4S\AppData\Local\Python\pythoncore-3.14-64\Lib\site-packages\django\core\handlers\exception.py", line 55, in inner
    response = get_response(request)
  File "C:\Users\C4S\AppData\Local\Python\pythoncore-3.14-64\Lib\site-packages\django\core\handlers\base.py", line 197, in _get_response
    response = wrapped_callback(request, *callback_args, **callback_kwargs)
  File "C:\Users\C4S\AppData\Local\Python\pythoncore-3.14-64\Lib\site-packages\django\contrib\auth\decorators.py", line 23, in _wrapper_view
    return view_func(request, *args, **kwargs)
  File "C:\abay_repository\dashboard\views.py", line 217, in checker_dashboard
    return render(request, 'dashboard/checker_dashboard.html', context)
  File "C:\Users\C4S\AppData\Local\Python\pythoncore-3.14-64\Lib\site-packages\django\shortcuts.py", line 25, in render
    content = loader.render_to_string(template_name, context, request, using=using)
  File "C:\Users\C4S\AppData\Local\Python\pythoncore-3.14-64\Lib\site-packages\django\template\loader.py", line 62, in render_to_string
    return template.render(context, request)
           ~~~~~~~~~~~~~~~^^^^^^^^^^^^^^^^^^
  File "C:\Users\C4S\AppData\Local\Python\pythoncore-3.14-64\Lib\site-packages\django\template\backends\django.py", line 61, in render
    return self.template.render(context)
           ~~~~~~~~~~~~~~~~~~~~^^^^^^^^^
  File "C:\Users\C4S\AppData\Local\Python\pythoncore-3.14-64\Lib\site-packages\django\template\base.py", line 171, in render
    return self._render(context)
           ~~~~~~~~~~~~^^^^^^^^^
  File "C:\Users\C4S\AppData\Local\Python\pythoncore-3.14-64\Lib\site-packages\django\template\base.py", line 163, in _render
    return self.nodelist.render(context)
           ~~~~~~~~~~~~~~~~~~~~^^^^^^^^^
  File "C:\Users\C4S\AppData\Local\Python\pythoncore-3.14-64\Lib\site-packages\django\template\base.py", line 1000, in render
    return SafeString("".join([node.render_annotated(context) for node in self]))
                               ~~~~~~~~~~~~~~~~~~~~~^^^^^^^^^
  File "C:\Users\C4S\AppData\Local\Python\pythoncore-3.14-64\Lib\site-packages\django\template\base.py", line 961, in render_annotated
    return self.render(context)
           ~~~~~~~~~~~^^^^^^^^^
  File "C:\Users\C4S\AppData\Local\Python\pythoncore-3.14-64\Lib\site-packages\django\template\loader_tags.py", line 159, in render
    return compiled_parent._render(context)
           ~~~~~~~~~~~~~~~~~~~~~~~^^^^^^^^^
  File "C:\Users\C4S\AppData\Local\Python\pythoncore-3.14-64\Lib\site-packages\django\template\base.py", line 163, in _render
    return self.nodelist.render(context)
           ~~~~~~~~~~~~~~~~~~~~^^^^^^^^^
  File "C:\Users\C4S\AppData\Local\Python\pythoncore-3.14-64\Lib\site-packages\django\template\base.py", line 1000, in render
    return SafeString("".join([node.render_annotated(context) for node in self]))
                               ~~~~~~~~~~~~~~~~~~~~~^^^^^^^^^
  File "C:\Users\C4S\AppData\Local\Python\pythoncore-3.14-64\Lib\site-packages\django\template\base.py", line 961, in render_annotated
    return self.render(context)
           ~~~~~~~~~~~^^^^^^^^^
  File "C:\Users\C4S\AppData\Local\Python\pythoncore-3.14-64\Lib\site-packages\django\template\loader_tags.py", line 65, in render
    result = block.nodelist.render(context)
  File "C:\Users\C4S\AppData\Local\Python\pythoncore-3.14-64\Lib\site-packages\django\template\base.py", line 1000, in render
    return SafeString("".join([node.render_annotated(context) for node in self]))
                               ~~~~~~~~~~~~~~~~~~~~~^^^^^^^^^
  File "C:\Users\C4S\AppData\Local\Python\pythoncore-3.14-64\Lib\site-packages\django\template\base.py", line 961, in render_annotated
    return self.render(context)
           ~~~~~~~~~~~^^^^^^^^^
  File "C:\Users\C4S\AppData\Local\Python\pythoncore-3.14-64\Lib\site-packages\django\template\defaulttags.py", line 325, in render
    if match:
       ^^^^^
  File "C:\Users\C4S\AppData\Local\Python\pythoncore-3.14-64\Lib\site-packages\django\db\models\query.py", line 414, in __bool__
    self._fetch_all()
    ~~~~~~~~~~~~~~~^^
  File "C:\Users\C4S\AppData\Local\Python\pythoncore-3.14-64\Lib\site-packages\django\db\models\query.py", line 1928, in _fetch_all
    self._result_cache = list(self._iterable_class(self))
                         ~~~~^^^^^^^^^^^^^^^^^^^^^^^^^^^^
  File "C:\Users\C4S\AppData\Local\Python\pythoncore-3.14-64\Lib\site-packages\django\db\models\query.py", line 91, in __iter__
    results = compiler.execute_sql(
        chunked_fetch=self.chunked_fetch, chunk_size=self.chunk_size
    )
  File "C:\Users\C4S\AppData\Local\Python\pythoncore-3.14-64\Lib\site-packages\django\db\models\sql\compiler.py", line 1562, in execute_sql
    cursor.execute(sql, params)
    ~~~~~~~~~~~~~~^^^^^^^^^^^^^
  File "C:\Users\C4S\AppData\Local\Python\pythoncore-3.14-64\Lib\site-packages\django\db\backends\utils.py", line 122, in execute
    return super().execute(sql, params)
           ~~~~~~~~~~~~~~~^^^^^^^^^^^^^
  File "C:\Users\C4S\AppData\Local\Python\pythoncore-3.14-64\Lib\site-packages\django\db\backends\utils.py", line 79, in execute
    return self._execute_with_wrappers(
           ~~~~~~~~~~~~~~~~~~~~~~~~~~~^
        sql, params, many=False, executor=self._execute
        ^^^^^^^^^^^^^^^^^^^^^^^^^^^^^^^^^^^^^^^^^^^^^^^
    )
    ^
  File "C:\Users\C4S\AppData\Local\Python\pythoncore-3.14-64\Lib\site-packages\django\db\backends\utils.py", line 92, in _execute_with_wrappers
    return executor(sql, params, many, context)
  File "C:\Users\C4S\AppData\Local\Python\pythoncore-3.14-64\Lib\site-packages\django\db\backends\utils.py", line 100, in _execute
    with self.db.wrap_database_errors:
         ^^^^^^^^^^^^^^^^^^^^^^^^^^^^
  File "C:\Users\C4S\AppData\Local\Python\pythoncore-3.14-64\Lib\site-packages\django\db\utils.py", line 91, in __exit__
    raise dj_exc_value.with_traceback(traceback) from exc_value
  File "C:\Users\C4S\AppData\Local\Python\pythoncore-3.14-64\Lib\site-packages\django\db\backends\utils.py", line 105, in _execute
    return self.cursor.execute(sql, params)
           ~~~~~~~~~~~~~~~~~~~^^^^^^^^^^^^^
  File "C:\Users\C4S\AppData\Local\Python\pythoncore-3.14-64\Lib\site-packages\django\db\backends\mysql\base.py", line 76, in execute
    return self.cursor.execute(query, args)
           ~~~~~~~~~~~~~~~~~~~^^^^^^^^^^^^^
  File "C:\Users\C4S\AppData\Local\Python\pythoncore-3.14-64\Lib\site-packages\MySQLdb\cursors.py", line 179, in execute
    res = self._query(mogrified_query)
  File "C:\Users\C4S\AppData\Local\Python\pythoncore-3.14-64\Lib\site-packages\MySQLdb\cursors.py", line 330, in _query
    db.query(q)
    ~~~~~~~~^^^
  File "C:\Users\C4S\AppData\Local\Python\pythoncore-3.14-64\Lib\site-packages\MySQLdb\connections.py", line 286, in query
    _mysql.connection.query(self, query)
    ~~~~~~~~~~~~~~~~~~~~~~~^^^^^^^^^^^^^
django.db.utils.OperationalError: (1054, "Unknown column 'quality_reviews.created_at' in 'field list'")
Internal Server Error: /dashboard/checker/
Traceback (most recent call last):
  File "C:\Users\C4S\AppData\Local\Python\pythoncore-3.14-64\Lib\site-packages\django\db\backends\utils.py", line 105, in _execute
    return self.cursor.execute(sql, params)
           ~~~~~~~~~~~~~~~~~~~^^^^^^^^^^^^^
  File "C:\Users\C4S\AppData\Local\Python\pythoncore-3.14-64\Lib\site-packages\django\db\backends\mysql\base.py", line 76, in execute
    return self.cursor.execute(query, args)
           ~~~~~~~~~~~~~~~~~~~^^^^^^^^^^^^^
  File "C:\Users\C4S\AppData\Local\Python\pythoncore-3.14-64\Lib\site-packages\MySQLdb\cursors.py", line 179, in execute
    res = self._query(mogrified_query)
  File "C:\Users\C4S\AppData\Local\Python\pythoncore-3.14-64\Lib\site-packages\MySQLdb\cursors.py", line 330, in _query
    db.query(q)
    ~~~~~~~~^^^
  File "C:\Users\C4S\AppData\Local\Python\pythoncore-3.14-64\Lib\site-packages\MySQLdb\connections.py", line 286, in query
    _mysql.connection.query(self, query)
    ~~~~~~~~~~~~~~~~~~~~~~~^^^^^^^^^^^^^
MySQLdb.OperationalError: (1054, "Unknown column 'quality_reviews.created_at' in 'field list'")

The above exception was the direct cause of the following exception:

Traceback (most recent call last):
  File "C:\Users\C4S\AppData\Local\Python\pythoncore-3.14-64\Lib\site-packages\django\core\handlers\exception.py", line 55, in inner
    response = get_response(request)
  File "C:\Users\C4S\AppData\Local\Python\pythoncore-3.14-64\Lib\site-packages\django\core\handlers\base.py", line 197, in _get_response
    response = wrapped_callback(request, *callback_args, **callback_kwargs)
  File "C:\Users\C4S\AppData\Local\Python\pythoncore-3.14-64\Lib\site-packages\django\contrib\auth\decorators.py", line 23, in _wrapper_view
    return view_func(request, *args, **kwargs)
  File "C:\abay_repository\dashboard\views.py", line 217, in checker_dashboard
    return render(request, 'dashboard/checker_dashboard.html', context)
  File "C:\Users\C4S\AppData\Local\Python\pythoncore-3.14-64\Lib\site-packages\django\shortcuts.py", line 25, in render
    content = loader.render_to_string(template_name, context, request, using=using)
  File "C:\Users\C4S\AppData\Local\Python\pythoncore-3.14-64\Lib\site-packages\django\template\loader.py", line 62, in render_to_string
    return template.render(context, request)
           ~~~~~~~~~~~~~~~^^^^^^^^^^^^^^^^^^
  File "C:\Users\C4S\AppData\Local\Python\pythoncore-3.14-64\Lib\site-packages\django\template\backends\django.py", line 61, in render
    return self.template.render(context)
           ~~~~~~~~~~~~~~~~~~~~^^^^^^^^^
  File "C:\Users\C4S\AppData\Local\Python\pythoncore-3.14-64\Lib\site-packages\django\template\base.py", line 171, in render
    return self._render(context)
           ~~~~~~~~~~~~^^^^^^^^^
  File "C:\Users\C4S\AppData\Local\Python\pythoncore-3.14-64\Lib\site-packages\django\template\base.py", line 163, in _render
    return self.nodelist.render(context)
           ~~~~~~~~~~~~~~~~~~~~^^^^^^^^^
  File "C:\Users\C4S\AppData\Local\Python\pythoncore-3.14-64\Lib\site-packages\django\template\base.py", line 1000, in render
    return SafeString("".join([node.render_annotated(context) for node in self]))
                               ~~~~~~~~~~~~~~~~~~~~~^^^^^^^^^
  File "C:\Users\C4S\AppData\Local\Python\pythoncore-3.14-64\Lib\site-packages\django\template\base.py", line 961, in render_annotated
    return self.render(context)
           ~~~~~~~~~~~^^^^^^^^^
  File "C:\Users\C4S\AppData\Local\Python\pythoncore-3.14-64\Lib\site-packages\django\template\loader_tags.py", line 159, in render
    return compiled_parent._render(context)
           ~~~~~~~~~~~~~~~~~~~~~~~^^^^^^^^^
  File "C:\Users\C4S\AppData\Local\Python\pythoncore-3.14-64\Lib\site-packages\django\template\base.py", line 163, in _render
    return self.nodelist.render(context)
           ~~~~~~~~~~~~~~~~~~~~^^^^^^^^^
  File "C:\Users\C4S\AppData\Local\Python\pythoncore-3.14-64\Lib\site-packages\django\template\base.py", line 1000, in render
    return SafeString("".join([node.render_annotated(context) for node in self]))
                               ~~~~~~~~~~~~~~~~~~~~~^^^^^^^^^
  File "C:\Users\C4S\AppData\Local\Python\pythoncore-3.14-64\Lib\site-packages\django\template\base.py", line 961, in render_annotated
    return self.render(context)
           ~~~~~~~~~~~^^^^^^^^^
  File "C:\Users\C4S\AppData\Local\Python\pythoncore-3.14-64\Lib\site-packages\django\template\loader_tags.py", line 65, in render
    result = block.nodelist.render(context)
  File "C:\Users\C4S\AppData\Local\Python\pythoncore-3.14-64\Lib\site-packages\django\template\base.py", line 1000, in render
    return SafeString("".join([node.render_annotated(context) for node in self]))
                               ~~~~~~~~~~~~~~~~~~~~~^^^^^^^^^
  File "C:\Users\C4S\AppData\Local\Python\pythoncore-3.14-64\Lib\site-packages\django\template\base.py", line 961, in render_annotated
    return self.render(context)
           ~~~~~~~~~~~^^^^^^^^^
  File "C:\Users\C4S\AppData\Local\Python\pythoncore-3.14-64\Lib\site-packages\django\template\defaulttags.py", line 325, in render
    if match:
       ^^^^^
  File "C:\Users\C4S\AppData\Local\Python\pythoncore-3.14-64\Lib\site-packages\django\db\models\query.py", line 414, in __bool__
    self._fetch_all()
    ~~~~~~~~~~~~~~~^^
  File "C:\Users\C4S\AppData\Local\Python\pythoncore-3.14-64\Lib\site-packages\django\db\models\query.py", line 1928, in _fetch_all
    self._result_cache = list(self._iterable_class(self))
                         ~~~~^^^^^^^^^^^^^^^^^^^^^^^^^^^^
  File "C:\Users\C4S\AppData\Local\Python\pythoncore-3.14-64\Lib\site-packages\django\db\models\query.py", line 91, in __iter__
    results = compiler.execute_sql(
        chunked_fetch=self.chunked_fetch, chunk_size=self.chunk_size
    )
  File "C:\Users\C4S\AppData\Local\Python\pythoncore-3.14-64\Lib\site-packages\django\db\models\sql\compiler.py", line 1562, in execute_sql
    cursor.execute(sql, params)
    ~~~~~~~~~~~~~~^^^^^^^^^^^^^
  File "C:\Users\C4S\AppData\Local\Python\pythoncore-3.14-64\Lib\site-packages\django\db\backends\utils.py", line 122, in execute
    return super().execute(sql, params)
           ~~~~~~~~~~~~~~~^^^^^^^^^^^^^
  File "C:\Users\C4S\AppData\Local\Python\pythoncore-3.14-64\Lib\site-packages\django\db\backends\utils.py", line 79, in execute
    return self._execute_with_wrappers(
           ~~~~~~~~~~~~~~~~~~~~~~~~~~~^
        sql, params, many=False, executor=self._execute
        ^^^^^^^^^^^^^^^^^^^^^^^^^^^^^^^^^^^^^^^^^^^^^^^
    )
    ^
  File "C:\Users\C4S\AppData\Local\Python\pythoncore-3.14-64\Lib\site-packages\django\db\backends\utils.py", line 92, in _execute_with_wrappers
    return executor(sql, params, many, context)
  File "C:\Users\C4S\AppData\Local\Python\pythoncore-3.14-64\Lib\site-packages\django\db\backends\utils.py", line 100, in _execute
    with self.db.wrap_database_errors:
         ^^^^^^^^^^^^^^^^^^^^^^^^^^^^
  File "C:\Users\C4S\AppData\Local\Python\pythoncore-3.14-64\Lib\site-packages\django\db\utils.py", line 91, in __exit__
    raise dj_exc_value.with_traceback(traceback) from exc_value
  File "C:\Users\C4S\AppData\Local\Python\pythoncore-3.14-64\Lib\site-packages\django\db\backends\utils.py", line 105, in _execute
    return self.cursor.execute(sql, params)
           ~~~~~~~~~~~~~~~~~~~^^^^^^^^^^^^^
  File "C:\Users\C4S\AppData\Local\Python\pythoncore-3.14-64\Lib\site-packages\django\db\backends\mysql\base.py", line 76, in execute
    return self.cursor.execute(query, args)
           ~~~~~~~~~~~~~~~~~~~^^^^^^^^^^^^^
  File "C:\Users\C4S\AppData\Local\Python\pythoncore-3.14-64\Lib\site-packages\MySQLdb\cursors.py", line 179, in execute
    res = self._query(mogrified_query)
  File "C:\Users\C4S\AppData\Local\Python\pythoncore-3.14-64\Lib\site-packages\MySQLdb\cursors.py", line 330, in _query
    db.query(q)
    ~~~~~~~~^^^
  File "C:\Users\C4S\AppData\Local\Python\pythoncore-3.14-64\Lib\site-packages\MySQLdb\connections.py", line 286, in query
    _mysql.connection.query(self, query)
    ~~~~~~~~~~~~~~~~~~~~~~~^^^^^^^^^^^^^
django.db.utils.OperationalError: (1054, "Unknown column 'quality_reviews.created_at' in 'field list'")
"GET /dashboard/checker/ HTTP/1.1" 500 252106
"GET /dashboard/checker/ HTTP/1.1" 500 252106
C:\abay_repository\reviews\views.py changed, reloading.
C:\abay_repository\reviews\views.py changed, reloading.
Watching for file changes with StatReloader
Watching for file changes with StatReloader
Watching for file changes with StatReloader
Watching for file changes with StatReloader
C:\abay_repository\reviews\views.py changed, reloading.
C:\abay_repository\reviews\views.py changed, reloading.
Watching for file changes with StatReloader
Watching for file changes with StatReloader
C:\abay_repository\reviews\urls.py changed, reloading.
C:\abay_repository\reviews\urls.py changed, reloading.
Watching for file changes with StatReloader
Watching for file changes with StatReloader
"GET /accounts/login/ HTTP/1.1" 302 0
"GET /accounts/login/ HTTP/1.1" 302 0
"GET /dashboard/redirect/ HTTP/1.1" 302 0
"GET /dashboard/redirect/ HTTP/1.1" 302 0
"GET /dashboard/checker/ HTTP/1.1" 200 3593
"GET /dashboard/checker/ HTTP/1.1" 200 3593
Not Found: /favicon.ico
Not Found: /favicon.ico
"GET /favicon.ico HTTP/1.1" 404 3639
"GET /favicon.ico HTTP/1.1" 404 3639
"GET /dashboard/checker/ HTTP/1.1" 200 3593
"GET /dashboard/checker/ HTTP/1.1" 200 3593
"GET /dashboard/checker/ HTTP/1.1" 200 3593
"GET /dashboard/checker/ HTTP/1.1" 200 3593
C:\abay_repository\reviews\views.py changed, reloading.
C:\abay_repository\reviews\views.py changed, reloading.
Watching for file changes with StatReloader
Watching for file changes with StatReloader
C:\abay_repository\reviews\views.py changed, reloading.
C:\abay_repository\reviews\views.py changed, reloading.
Watching for file changes with StatReloader
Watching for file changes with StatReloader
C:\abay_repository\reviews\models.py changed, reloading.
C:\abay_repository\reviews\models.py changed, reloading.
Watching for file changes with StatReloader
Watching for file changes with StatReloader
C:\abay_repository\reviews\views.py changed, reloading.
C:\abay_repository\reviews\views.py changed, reloading.
Watching for file changes with StatReloader
Watching for file changes with StatReloader
Watching for file changes with StatReloader
Watching for file changes with StatReloader
"GET / HTTP/1.1" 200 36717
"GET / HTTP/1.1" 200 36717
Not Found: /media/covers/african_leadership.jpg
Not Found: /media/covers/african_leadership.jpg
"GET /media/covers/african_leadership.jpg HTTP/1.1" 404 3788
Not Found: /media/covers/ethiopian_cooking.jpg
"GET /media/covers/african_leadership.jpg HTTP/1.1" 404 3788
Not Found: /media/covers/ethiopian_cooking.jpg
"GET /media/covers/ethiopian_cooking.jpg HTTP/1.1" 404 3784
"GET /media/covers/ethiopian_cooking.jpg HTTP/1.1" 404 3784
Not Found: /media/covers/digital_marketing.jpg
Not Found: /media/covers/digital_marketing.jpg
Not Found: /media/covers/ethiopian_culture.jpg
Not Found: /media/covers/ethiopian_culture.jpg
"GET /media/covers/digital_marketing.jpg HTTP/1.1" 404 3784
"GET /media/covers/digital_marketing.jpg HTTP/1.1" 404 3784
"GET /media/covers/ethiopian_culture.jpg HTTP/1.1" 404 3784
"GET /media/covers/ethiopian_culture.jpg HTTP/1.1" 404 3784
Not Found: /media/covers/entrepreneurship.jpg
Not Found: /media/covers/entrepreneurship.jpg
"GET /media/covers/entrepreneurship.jpg HTTP/1.1" 404 3780
"GET /media/covers/entrepreneurship.jpg HTTP/1.1" 404 3780
Not Found: /media/covers/modern_fiction.jpg
Not Found: /media/covers/modern_fiction.jpg
"GET /media/covers/modern_fiction.jpg HTTP/1.1" 404 3772
"GET /media/covers/modern_fiction.jpg HTTP/1.1" 404 3772
Not Found: /media/covers/amharic_poetry.jpg
Not Found: /media/covers/amharic_poetry.jpg
"GET /media/covers/amharic_poetry.jpg HTTP/1.1" 404 3772
"GET /media/covers/amharic_poetry.jpg HTTP/1.1" 404 3772
Not Found: /media/covers/ethiopia_history.jpg
Not Found: /media/covers/ethiopia_history.jpg
"GET /media/covers/ethiopia_history.jpg HTTP/1.1" 404 3780
"GET /media/covers/ethiopia_history.jpg HTTP/1.1" 404 3780
"GET /dashboard/redirect/ HTTP/1.1" 302 0
"GET /dashboard/redirect/ HTTP/1.1" 302 0
Internal Server Error: /dashboard/checker/
Traceback (most recent call last):
  File "C:\Users\C4S\AppData\Local\Python\pythoncore-3.14-64\Lib\site-packages\django\template\base.py", line 502, in parse
    compile_func = self.tags[command]
                   ~~~~~~~~~^^^^^^^^^
KeyError: 'else'

During handling of the above exception, another exception occurred:

Traceback (most recent call last):
  File "C:\Users\C4S\AppData\Local\Python\pythoncore-3.14-64\Lib\site-packages\django\core\handlers\exception.py", line 55, in inner
    response = get_response(request)
  File "C:\Users\C4S\AppData\Local\Python\pythoncore-3.14-64\Lib\site-packages\django\core\handlers\base.py", line 197, in _get_response
    response = wrapped_callback(request, *callback_args, **callback_kwargs)
  File "C:\Users\C4S\AppData\Local\Python\pythoncore-3.14-64\Lib\site-packages\django\contrib\auth\decorators.py", line 23, in _wrapper_view
    return view_func(request, *args, **kwargs)
  File "C:\abay_repository\dashboard\views.py", line 347, in checker_dashboard
    return render(request, 'dashboard/checker_dashboard.html', context)
  File "C:\Users\C4S\AppData\Local\Python\pythoncore-3.14-64\Lib\site-packages\django\shortcuts.py", line 25, in render
    content = loader.render_to_string(template_name, context, request, using=using)
  File "C:\Users\C4S\AppData\Local\Python\pythoncore-3.14-64\Lib\site-packages\django\template\loader.py", line 61, in render_to_string
    template = get_template(template_name, using=using)
  File "C:\Users\C4S\AppData\Local\Python\pythoncore-3.14-64\Lib\site-packages\django\template\loader.py", line 15, in get_template
    return engine.get_template(template_name)
           ~~~~~~~~~~~~~~~~~~~^^^^^^^^^^^^^^^
  File "C:\Users\C4S\AppData\Local\Python\pythoncore-3.14-64\Lib\site-packages\django\template\backends\django.py", line 33, in get_template
    return Template(self.engine.get_template(template_name), self)
                    ~~~~~~~~~~~~~~~~~~~~~~~~^^^^^^^^^^^^^^^
  File "C:\Users\C4S\AppData\Local\Python\pythoncore-3.14-64\Lib\site-packages\django\template\engine.py", line 177, in get_template
    template, origin = self.find_template(template_name)
                       ~~~~~~~~~~~~~~~~~~^^^^^^^^^^^^^^^
  File "C:\Users\C4S\AppData\Local\Python\pythoncore-3.14-64\Lib\site-packages\django\template\engine.py", line 159, in find_template
    template = loader.get_template(name, skip=skip)
  File "C:\Users\C4S\AppData\Local\Python\pythoncore-3.14-64\Lib\site-packages\django\template\loaders\cached.py", line 57, in get_template
    template = super().get_template(template_name, skip)
  File "C:\Users\C4S\AppData\Local\Python\pythoncore-3.14-64\Lib\site-packages\django\template\loaders\base.py", line 28, in get_template
    return Template(
        contents,
    ...<2 lines>...
        self.engine,
    )
  File "C:\Users\C4S\AppData\Local\Python\pythoncore-3.14-64\Lib\site-packages\django\template\base.py", line 154, in __init__
    self.nodelist = self.compile_nodelist()
                    ~~~~~~~~~~~~~~~~~~~~~^^
  File "C:\Users\C4S\AppData\Local\Python\pythoncore-3.14-64\Lib\site-packages\django\template\base.py", line 196, in compile_nodelist
    return parser.parse()
           ~~~~~~~~~~~~^^
  File "C:\Users\C4S\AppData\Local\Python\pythoncore-3.14-64\Lib\site-packages\django\template\base.py", line 510, in parse
    raise self.error(token, e)
  File "C:\Users\C4S\AppData\Local\Python\pythoncore-3.14-64\Lib\site-packages\django\template\base.py", line 508, in parse
    compiled_result = compile_func(self, token)
  File "C:\Users\C4S\AppData\Local\Python\pythoncore-3.14-64\Lib\site-packages\django\template\loader_tags.py", line 295, in do_extends
    nodelist = parser.parse()
  File "C:\Users\C4S\AppData\Local\Python\pythoncore-3.14-64\Lib\site-packages\django\template\base.py", line 510, in parse
    raise self.error(token, e)
  File "C:\Users\C4S\AppData\Local\Python\pythoncore-3.14-64\Lib\site-packages\django\template\base.py", line 508, in parse
    compiled_result = compile_func(self, token)
  File "C:\Users\C4S\AppData\Local\Python\pythoncore-3.14-64\Lib\site-packages\django\template\loader_tags.py", line 234, in do_block
    nodelist = parser.parse(("endblock",))
  File "C:\Users\C4S\AppData\Local\Python\pythoncore-3.14-64\Lib\site-packages\django\template\base.py", line 510, in parse
    raise self.error(token, e)
  File "C:\Users\C4S\AppData\Local\Python\pythoncore-3.14-64\Lib\site-packages\django\template\base.py", line 508, in parse
    compiled_result = compile_func(self, token)
  File "C:\Users\C4S\AppData\Local\Python\pythoncore-3.14-64\Lib\site-packages\django\template\defaulttags.py", line 961, in do_if
    nodelist = parser.parse(("elif", "else", "endif"))
  File "C:\Users\C4S\AppData\Local\Python\pythoncore-3.14-64\Lib\site-packages\django\template\base.py", line 510, in parse
    raise self.error(token, e)
  File "C:\Users\C4S\AppData\Local\Python\pythoncore-3.14-64\Lib\site-packages\django\template\base.py", line 508, in parse
    compiled_result = compile_func(self, token)
  File "C:\Users\C4S\AppData\Local\Python\pythoncore-3.14-64\Lib\site-packages\django\template\defaulttags.py", line 861, in do_for
    nodelist_loop = parser.parse(
        (
    ...<2 lines>...
        )
    )
  File "C:\Users\C4S\AppData\Local\Python\pythoncore-3.14-64\Lib\site-packages\django\template\base.py", line 504, in parse
    self.invalid_block_tag(token, command, parse_until)
    ~~~~~~~~~~~~~~~~~~~~~~^^^^^^^^^^^^^^^^^^^^^^^^^^^^^
  File "C:\Users\C4S\AppData\Local\Python\pythoncore-3.14-64\Lib\site-packages\django\template\base.py", line 555, in invalid_block_tag
    raise self.error(
    ...<8 lines>...
    )
django.template.exceptions.TemplateSyntaxError: Invalid block tag on line 584: 'else', expected 'empty' or 'endfor'. Did you forget to register or load this tag?
Internal Server Error: /dashboard/checker/
Traceback (most recent call last):
  File "C:\Users\C4S\AppData\Local\Python\pythoncore-3.14-64\Lib\site-packages\django\template\base.py", line 502, in parse
    compile_func = self.tags[command]
                   ~~~~~~~~~^^^^^^^^^
KeyError: 'else'

During handling of the above exception, another exception occurred:

Traceback (most recent call last):
  File "C:\Users\C4S\AppData\Local\Python\pythoncore-3.14-64\Lib\site-packages\django\core\handlers\exception.py", line 55, in inner
    response = get_response(request)
  File "C:\Users\C4S\AppData\Local\Python\pythoncore-3.14-64\Lib\site-packages\django\core\handlers\base.py", line 197, in _get_response
    response = wrapped_callback(request, *callback_args, **callback_kwargs)
  File "C:\Users\C4S\AppData\Local\Python\pythoncore-3.14-64\Lib\site-packages\django\contrib\auth\decorators.py", line 23, in _wrapper_view
    return view_func(request, *args, **kwargs)
  File "C:\abay_repository\dashboard\views.py", line 347, in checker_dashboard
    return render(request, 'dashboard/checker_dashboard.html', context)
  File "C:\Users\C4S\AppData\Local\Python\pythoncore-3.14-64\Lib\site-packages\django\shortcuts.py", line 25, in render
    content = loader.render_to_string(template_name, context, request, using=using)
  File "C:\Users\C4S\AppData\Local\Python\pythoncore-3.14-64\Lib\site-packages\django\template\loader.py", line 61, in render_to_string
    template = get_template(template_name, using=using)
  File "C:\Users\C4S\AppData\Local\Python\pythoncore-3.14-64\Lib\site-packages\django\template\loader.py", line 15, in get_template
    return engine.get_template(template_name)
           ~~~~~~~~~~~~~~~~~~~^^^^^^^^^^^^^^^
  File "C:\Users\C4S\AppData\Local\Python\pythoncore-3.14-64\Lib\site-packages\django\template\backends\django.py", line 33, in get_template
    return Template(self.engine.get_template(template_name), self)
                    ~~~~~~~~~~~~~~~~~~~~~~~~^^^^^^^^^^^^^^^
  File "C:\Users\C4S\AppData\Local\Python\pythoncore-3.14-64\Lib\site-packages\django\template\engine.py", line 177, in get_template
    template, origin = self.find_template(template_name)
                       ~~~~~~~~~~~~~~~~~~^^^^^^^^^^^^^^^
  File "C:\Users\C4S\AppData\Local\Python\pythoncore-3.14-64\Lib\site-packages\django\template\engine.py", line 159, in find_template
    template = loader.get_template(name, skip=skip)
  File "C:\Users\C4S\AppData\Local\Python\pythoncore-3.14-64\Lib\site-packages\django\template\loaders\cached.py", line 57, in get_template
    template = super().get_template(template_name, skip)
  File "C:\Users\C4S\AppData\Local\Python\pythoncore-3.14-64\Lib\site-packages\django\template\loaders\base.py", line 28, in get_template
    return Template(
        contents,
    ...<2 lines>...
        self.engine,
    )
  File "C:\Users\C4S\AppData\Local\Python\pythoncore-3.14-64\Lib\site-packages\django\template\base.py", line 154, in __init__
    self.nodelist = self.compile_nodelist()
                    ~~~~~~~~~~~~~~~~~~~~~^^
  File "C:\Users\C4S\AppData\Local\Python\pythoncore-3.14-64\Lib\site-packages\django\template\base.py", line 196, in compile_nodelist
    return parser.parse()
           ~~~~~~~~~~~~^^
  File "C:\Users\C4S\AppData\Local\Python\pythoncore-3.14-64\Lib\site-packages\django\template\base.py", line 510, in parse
    raise self.error(token, e)
  File "C:\Users\C4S\AppData\Local\Python\pythoncore-3.14-64\Lib\site-packages\django\template\base.py", line 508, in parse
    compiled_result = compile_func(self, token)
  File "C:\Users\C4S\AppData\Local\Python\pythoncore-3.14-64\Lib\site-packages\django\template\loader_tags.py", line 295, in do_extends
    nodelist = parser.parse()
  File "C:\Users\C4S\AppData\Local\Python\pythoncore-3.14-64\Lib\site-packages\django\template\base.py", line 510, in parse
    raise self.error(token, e)
  File "C:\Users\C4S\AppData\Local\Python\pythoncore-3.14-64\Lib\site-packages\django\template\base.py", line 508, in parse
    compiled_result = compile_func(self, token)
  File "C:\Users\C4S\AppData\Local\Python\pythoncore-3.14-64\Lib\site-packages\django\template\loader_tags.py", line 234, in do_block
    nodelist = parser.parse(("endblock",))
  File "C:\Users\C4S\AppData\Local\Python\pythoncore-3.14-64\Lib\site-packages\django\template\base.py", line 510, in parse
    raise self.error(token, e)
  File "C:\Users\C4S\AppData\Local\Python\pythoncore-3.14-64\Lib\site-packages\django\template\base.py", line 508, in parse
    compiled_result = compile_func(self, token)
  File "C:\Users\C4S\AppData\Local\Python\pythoncore-3.14-64\Lib\site-packages\django\template\defaulttags.py", line 961, in do_if
    nodelist = parser.parse(("elif", "else", "endif"))
  File "C:\Users\C4S\AppData\Local\Python\pythoncore-3.14-64\Lib\site-packages\django\template\base.py", line 510, in parse
    raise self.error(token, e)
  File "C:\Users\C4S\AppData\Local\Python\pythoncore-3.14-64\Lib\site-packages\django\template\base.py", line 508, in parse
    compiled_result = compile_func(self, token)
  File "C:\Users\C4S\AppData\Local\Python\pythoncore-3.14-64\Lib\site-packages\django\template\defaulttags.py", line 861, in do_for
    nodelist_loop = parser.parse(
        (
    ...<2 lines>...
        )
    )
  File "C:\Users\C4S\AppData\Local\Python\pythoncore-3.14-64\Lib\site-packages\django\template\base.py", line 504, in parse
    self.invalid_block_tag(token, command, parse_until)
    ~~~~~~~~~~~~~~~~~~~~~~^^^^^^^^^^^^^^^^^^^^^^^^^^^^^
  File "C:\Users\C4S\AppData\Local\Python\pythoncore-3.14-64\Lib\site-packages\django\template\base.py", line 555, in invalid_block_tag
    raise self.error(
    ...<8 lines>...
    )
django.template.exceptions.TemplateSyntaxError: Invalid block tag on line 584: 'else', expected 'empty' or 'endfor'. Did you forget to register or load this tag?
"GET /dashboard/checker/ HTTP/1.1" 500 251443
"GET /dashboard/checker/ HTTP/1.1" 500 251443
Internal Server Error: /dashboard/checker/
Traceback (most recent call last):
  File "C:\Users\C4S\AppData\Local\Python\pythoncore-3.14-64\Lib\site-packages\django\template\base.py", line 502, in parse
    compile_func = self.tags[command]
                   ~~~~~~~~~^^^^^^^^^
KeyError: 'else'

During handling of the above exception, another exception occurred:

Traceback (most recent call last):
  File "C:\Users\C4S\AppData\Local\Python\pythoncore-3.14-64\Lib\site-packages\django\core\handlers\exception.py", line 55, in inner
    response = get_response(request)
  File "C:\Users\C4S\AppData\Local\Python\pythoncore-3.14-64\Lib\site-packages\django\core\handlers\base.py", line 197, in _get_response
    response = wrapped_callback(request, *callback_args, **callback_kwargs)
  File "C:\Users\C4S\AppData\Local\Python\pythoncore-3.14-64\Lib\site-packages\django\contrib\auth\decorators.py", line 23, in _wrapper_view
    return view_func(request, *args, **kwargs)
  File "C:\abay_repository\dashboard\views.py", line 347, in checker_dashboard
    return render(request, 'dashboard/checker_dashboard.html', context)
  File "C:\Users\C4S\AppData\Local\Python\pythoncore-3.14-64\Lib\site-packages\django\shortcuts.py", line 25, in render
    content = loader.render_to_string(template_name, context, request, using=using)
  File "C:\Users\C4S\AppData\Local\Python\pythoncore-3.14-64\Lib\site-packages\django\template\loader.py", line 61, in render_to_string
    template = get_template(template_name, using=using)
  File "C:\Users\C4S\AppData\Local\Python\pythoncore-3.14-64\Lib\site-packages\django\template\loader.py", line 15, in get_template
    return engine.get_template(template_name)
           ~~~~~~~~~~~~~~~~~~~^^^^^^^^^^^^^^^
  File "C:\Users\C4S\AppData\Local\Python\pythoncore-3.14-64\Lib\site-packages\django\template\backends\django.py", line 33, in get_template
    return Template(self.engine.get_template(template_name), self)
                    ~~~~~~~~~~~~~~~~~~~~~~~~^^^^^^^^^^^^^^^
  File "C:\Users\C4S\AppData\Local\Python\pythoncore-3.14-64\Lib\site-packages\django\template\engine.py", line 177, in get_template
    template, origin = self.find_template(template_name)
                       ~~~~~~~~~~~~~~~~~~^^^^^^^^^^^^^^^
  File "C:\Users\C4S\AppData\Local\Python\pythoncore-3.14-64\Lib\site-packages\django\template\engine.py", line 159, in find_template
    template = loader.get_template(name, skip=skip)
  File "C:\Users\C4S\AppData\Local\Python\pythoncore-3.14-64\Lib\site-packages\django\template\loaders\cached.py", line 57, in get_template
    template = super().get_template(template_name, skip)
  File "C:\Users\C4S\AppData\Local\Python\pythoncore-3.14-64\Lib\site-packages\django\template\loaders\base.py", line 28, in get_template
    return Template(
        contents,
    ...<2 lines>...
        self.engine,
    )
  File "C:\Users\C4S\AppData\Local\Python\pythoncore-3.14-64\Lib\site-packages\django\template\base.py", line 154, in __init__
    self.nodelist = self.compile_nodelist()
                    ~~~~~~~~~~~~~~~~~~~~~^^
  File "C:\Users\C4S\AppData\Local\Python\pythoncore-3.14-64\Lib\site-packages\django\template\base.py", line 196, in compile_nodelist
    return parser.parse()
           ~~~~~~~~~~~~^^
  File "C:\Users\C4S\AppData\Local\Python\pythoncore-3.14-64\Lib\site-packages\django\template\base.py", line 510, in parse
    raise self.error(token, e)
  File "C:\Users\C4S\AppData\Local\Python\pythoncore-3.14-64\Lib\site-packages\django\template\base.py", line 508, in parse
    compiled_result = compile_func(self, token)
  File "C:\Users\C4S\AppData\Local\Python\pythoncore-3.14-64\Lib\site-packages\django\template\loader_tags.py", line 295, in do_extends
    nodelist = parser.parse()
  File "C:\Users\C4S\AppData\Local\Python\pythoncore-3.14-64\Lib\site-packages\django\template\base.py", line 510, in parse
    raise self.error(token, e)
  File "C:\Users\C4S\AppData\Local\Python\pythoncore-3.14-64\Lib\site-packages\django\template\base.py", line 508, in parse
    compiled_result = compile_func(self, token)
  File "C:\Users\C4S\AppData\Local\Python\pythoncore-3.14-64\Lib\site-packages\django\template\loader_tags.py", line 234, in do_block
    nodelist = parser.parse(("endblock",))
  File "C:\Users\C4S\AppData\Local\Python\pythoncore-3.14-64\Lib\site-packages\django\template\base.py", line 510, in parse
    raise self.error(token, e)
  File "C:\Users\C4S\AppData\Local\Python\pythoncore-3.14-64\Lib\site-packages\django\template\base.py", line 508, in parse
    compiled_result = compile_func(self, token)
  File "C:\Users\C4S\AppData\Local\Python\pythoncore-3.14-64\Lib\site-packages\django\template\defaulttags.py", line 961, in do_if
    nodelist = parser.parse(("elif", "else", "endif"))
  File "C:\Users\C4S\AppData\Local\Python\pythoncore-3.14-64\Lib\site-packages\django\template\base.py", line 510, in parse
    raise self.error(token, e)
  File "C:\Users\C4S\AppData\Local\Python\pythoncore-3.14-64\Lib\site-packages\django\template\base.py", line 508, in parse
    compiled_result = compile_func(self, token)
  File "C:\Users\C4S\AppData\Local\Python\pythoncore-3.14-64\Lib\site-packages\django\template\defaulttags.py", line 861, in do_for
    nodelist_loop = parser.parse(
        (
    ...<2 lines>...
        )
    )
  File "C:\Users\C4S\AppData\Local\Python\pythoncore-3.14-64\Lib\site-packages\django\template\base.py", line 504, in parse
    self.invalid_block_tag(token, command, parse_until)
    ~~~~~~~~~~~~~~~~~~~~~~^^^^^^^^^^^^^^^^^^^^^^^^^^^^^
  File "C:\Users\C4S\AppData\Local\Python\pythoncore-3.14-64\Lib\site-packages\django\template\base.py", line 555, in invalid_block_tag
    raise self.error(
    ...<8 lines>...
    )
django.template.exceptions.TemplateSyntaxError: Invalid block tag on line 580: 'else', expected 'empty' or 'endfor'. Did you forget to register or load this tag?
Internal Server Error: /dashboard/checker/
Traceback (most recent call last):
  File "C:\Users\C4S\AppData\Local\Python\pythoncore-3.14-64\Lib\site-packages\django\template\base.py", line 502, in parse
    compile_func = self.tags[command]
                   ~~~~~~~~~^^^^^^^^^
KeyError: 'else'

During handling of the above exception, another exception occurred:

Traceback (most recent call last):
  File "C:\Users\C4S\AppData\Local\Python\pythoncore-3.14-64\Lib\site-packages\django\core\handlers\exception.py", line 55, in inner
    response = get_response(request)
  File "C:\Users\C4S\AppData\Local\Python\pythoncore-3.14-64\Lib\site-packages\django\core\handlers\base.py", line 197, in _get_response
    response = wrapped_callback(request, *callback_args, **callback_kwargs)
  File "C:\Users\C4S\AppData\Local\Python\pythoncore-3.14-64\Lib\site-packages\django\contrib\auth\decorators.py", line 23, in _wrapper_view
    return view_func(request, *args, **kwargs)
  File "C:\abay_repository\dashboard\views.py", line 347, in checker_dashboard
    return render(request, 'dashboard/checker_dashboard.html', context)
  File "C:\Users\C4S\AppData\Local\Python\pythoncore-3.14-64\Lib\site-packages\django\shortcuts.py", line 25, in render
    content = loader.render_to_string(template_name, context, request, using=using)
  File "C:\Users\C4S\AppData\Local\Python\pythoncore-3.14-64\Lib\site-packages\django\template\loader.py", line 61, in render_to_string
    template = get_template(template_name, using=using)
  File "C:\Users\C4S\AppData\Local\Python\pythoncore-3.14-64\Lib\site-packages\django\template\loader.py", line 15, in get_template
    return engine.get_template(template_name)
           ~~~~~~~~~~~~~~~~~~~^^^^^^^^^^^^^^^
  File "C:\Users\C4S\AppData\Local\Python\pythoncore-3.14-64\Lib\site-packages\django\template\backends\django.py", line 33, in get_template
    return Template(self.engine.get_template(template_name), self)
                    ~~~~~~~~~~~~~~~~~~~~~~~~^^^^^^^^^^^^^^^
  File "C:\Users\C4S\AppData\Local\Python\pythoncore-3.14-64\Lib\site-packages\django\template\engine.py", line 177, in get_template
    template, origin = self.find_template(template_name)
                       ~~~~~~~~~~~~~~~~~~^^^^^^^^^^^^^^^
  File "C:\Users\C4S\AppData\Local\Python\pythoncore-3.14-64\Lib\site-packages\django\template\engine.py", line 159, in find_template
    template = loader.get_template(name, skip=skip)
  File "C:\Users\C4S\AppData\Local\Python\pythoncore-3.14-64\Lib\site-packages\django\template\loaders\cached.py", line 57, in get_template
    template = super().get_template(template_name, skip)
  File "C:\Users\C4S\AppData\Local\Python\pythoncore-3.14-64\Lib\site-packages\django\template\loaders\base.py", line 28, in get_template
    return Template(
        contents,
    ...<2 lines>...
        self.engine,
    )
  File "C:\Users\C4S\AppData\Local\Python\pythoncore-3.14-64\Lib\site-packages\django\template\base.py", line 154, in __init__
    self.nodelist = self.compile_nodelist()
                    ~~~~~~~~~~~~~~~~~~~~~^^
  File "C:\Users\C4S\AppData\Local\Python\pythoncore-3.14-64\Lib\site-packages\django\template\base.py", line 196, in compile_nodelist
    return parser.parse()
           ~~~~~~~~~~~~^^
  File "C:\Users\C4S\AppData\Local\Python\pythoncore-3.14-64\Lib\site-packages\django\template\base.py", line 510, in parse
    raise self.error(token, e)
  File "C:\Users\C4S\AppData\Local\Python\pythoncore-3.14-64\Lib\site-packages\django\template\base.py", line 508, in parse
    compiled_result = compile_func(self, token)
  File "C:\Users\C4S\AppData\Local\Python\pythoncore-3.14-64\Lib\site-packages\django\template\loader_tags.py", line 295, in do_extends
    nodelist = parser.parse()
  File "C:\Users\C4S\AppData\Local\Python\pythoncore-3.14-64\Lib\site-packages\django\template\base.py", line 510, in parse
    raise self.error(token, e)
  File "C:\Users\C4S\AppData\Local\Python\pythoncore-3.14-64\Lib\site-packages\django\template\base.py", line 508, in parse
    compiled_result = compile_func(self, token)
  File "C:\Users\C4S\AppData\Local\Python\pythoncore-3.14-64\Lib\site-packages\django\template\loader_tags.py", line 234, in do_block
    nodelist = parser.parse(("endblock",))
  File "C:\Users\C4S\AppData\Local\Python\pythoncore-3.14-64\Lib\site-packages\django\template\base.py", line 510, in parse
    raise self.error(token, e)
  File "C:\Users\C4S\AppData\Local\Python\pythoncore-3.14-64\Lib\site-packages\django\template\base.py", line 508, in parse
    compiled_result = compile_func(self, token)
  File "C:\Users\C4S\AppData\Local\Python\pythoncore-3.14-64\Lib\site-packages\django\template\defaulttags.py", line 961, in do_if
    nodelist = parser.parse(("elif", "else", "endif"))
  File "C:\Users\C4S\AppData\Local\Python\pythoncore-3.14-64\Lib\site-packages\django\template\base.py", line 510, in parse
    raise self.error(token, e)
  File "C:\Users\C4S\AppData\Local\Python\pythoncore-3.14-64\Lib\site-packages\django\template\base.py", line 508, in parse
    compiled_result = compile_func(self, token)
  File "C:\Users\C4S\AppData\Local\Python\pythoncore-3.14-64\Lib\site-packages\django\template\defaulttags.py", line 861, in do_for
    nodelist_loop = parser.parse(
        (
    ...<2 lines>...
        )
    )
  File "C:\Users\C4S\AppData\Local\Python\pythoncore-3.14-64\Lib\site-packages\django\template\base.py", line 504, in parse
    self.invalid_block_tag(token, command, parse_until)
    ~~~~~~~~~~~~~~~~~~~~~~^^^^^^^^^^^^^^^^^^^^^^^^^^^^^
  File "C:\Users\C4S\AppData\Local\Python\pythoncore-3.14-64\Lib\site-packages\django\template\base.py", line 555, in invalid_block_tag
    raise self.error(
    ...<8 lines>...
    )
django.template.exceptions.TemplateSyntaxError: Invalid block tag on line 580: 'else', expected 'empty' or 'endfor'. Did you forget to register or load this tag?
"GET /dashboard/checker/ HTTP/1.1" 500 251748
"GET /dashboard/checker/ HTTP/1.1" 500 251748
Internal Server Error: /dashboard/checker/
Traceback (most recent call last):
  File "C:\Users\C4S\AppData\Local\Python\pythoncore-3.14-64\Lib\site-packages\django\template\base.py", line 502, in parse
    compile_func = self.tags[command]
                   ~~~~~~~~~^^^^^^^^^
KeyError: 'else'

During handling of the above exception, another exception occurred:

Traceback (most recent call last):
  File "C:\Users\C4S\AppData\Local\Python\pythoncore-3.14-64\Lib\site-packages\django\core\handlers\exception.py", line 55, in inner
    response = get_response(request)
  File "C:\Users\C4S\AppData\Local\Python\pythoncore-3.14-64\Lib\site-packages\django\core\handlers\base.py", line 197, in _get_response
    response = wrapped_callback(request, *callback_args, **callback_kwargs)
  File "C:\Users\C4S\AppData\Local\Python\pythoncore-3.14-64\Lib\site-packages\django\contrib\auth\decorators.py", line 23, in _wrapper_view
    return view_func(request, *args, **kwargs)
  File "C:\abay_repository\dashboard\views.py", line 347, in checker_dashboard
    return render(request, 'dashboard/checker_dashboard.html', context)
  File "C:\Users\C4S\AppData\Local\Python\pythoncore-3.14-64\Lib\site-packages\django\shortcuts.py", line 25, in render
    content = loader.render_to_string(template_name, context, request, using=using)
  File "C:\Users\C4S\AppData\Local\Python\pythoncore-3.14-64\Lib\site-packages\django\template\loader.py", line 61, in render_to_string
    template = get_template(template_name, using=using)
  File "C:\Users\C4S\AppData\Local\Python\pythoncore-3.14-64\Lib\site-packages\django\template\loader.py", line 15, in get_template
    return engine.get_template(template_name)
           ~~~~~~~~~~~~~~~~~~~^^^^^^^^^^^^^^^
  File "C:\Users\C4S\AppData\Local\Python\pythoncore-3.14-64\Lib\site-packages\django\template\backends\django.py", line 33, in get_template
    return Template(self.engine.get_template(template_name), self)
                    ~~~~~~~~~~~~~~~~~~~~~~~~^^^^^^^^^^^^^^^
  File "C:\Users\C4S\AppData\Local\Python\pythoncore-3.14-64\Lib\site-packages\django\template\engine.py", line 177, in get_template
    template, origin = self.find_template(template_name)
                       ~~~~~~~~~~~~~~~~~~^^^^^^^^^^^^^^^
  File "C:\Users\C4S\AppData\Local\Python\pythoncore-3.14-64\Lib\site-packages\django\template\engine.py", line 159, in find_template
    template = loader.get_template(name, skip=skip)
  File "C:\Users\C4S\AppData\Local\Python\pythoncore-3.14-64\Lib\site-packages\django\template\loaders\cached.py", line 57, in get_template
    template = super().get_template(template_name, skip)
  File "C:\Users\C4S\AppData\Local\Python\pythoncore-3.14-64\Lib\site-packages\django\template\loaders\base.py", line 28, in get_template
    return Template(
        contents,
    ...<2 lines>...
        self.engine,
    )
  File "C:\Users\C4S\AppData\Local\Python\pythoncore-3.14-64\Lib\site-packages\django\template\base.py", line 154, in __init__
    self.nodelist = self.compile_nodelist()
                    ~~~~~~~~~~~~~~~~~~~~~^^
  File "C:\Users\C4S\AppData\Local\Python\pythoncore-3.14-64\Lib\site-packages\django\template\base.py", line 196, in compile_nodelist
    return parser.parse()
           ~~~~~~~~~~~~^^
  File "C:\Users\C4S\AppData\Local\Python\pythoncore-3.14-64\Lib\site-packages\django\template\base.py", line 510, in parse
    raise self.error(token, e)
  File "C:\Users\C4S\AppData\Local\Python\pythoncore-3.14-64\Lib\site-packages\django\template\base.py", line 508, in parse
    compiled_result = compile_func(self, token)
  File "C:\Users\C4S\AppData\Local\Python\pythoncore-3.14-64\Lib\site-packages\django\template\loader_tags.py", line 295, in do_extends
    nodelist = parser.parse()
  File "C:\Users\C4S\AppData\Local\Python\pythoncore-3.14-64\Lib\site-packages\django\template\base.py", line 510, in parse
    raise self.error(token, e)
  File "C:\Users\C4S\AppData\Local\Python\pythoncore-3.14-64\Lib\site-packages\django\template\base.py", line 508, in parse
    compiled_result = compile_func(self, token)
  File "C:\Users\C4S\AppData\Local\Python\pythoncore-3.14-64\Lib\site-packages\django\template\loader_tags.py", line 234, in do_block
    nodelist = parser.parse(("endblock",))
  File "C:\Users\C4S\AppData\Local\Python\pythoncore-3.14-64\Lib\site-packages\django\template\base.py", line 510, in parse
    raise self.error(token, e)
  File "C:\Users\C4S\AppData\Local\Python\pythoncore-3.14-64\Lib\site-packages\django\template\base.py", line 508, in parse
    compiled_result = compile_func(self, token)
  File "C:\Users\C4S\AppData\Local\Python\pythoncore-3.14-64\Lib\site-packages\django\template\defaulttags.py", line 961, in do_if
    nodelist = parser.parse(("elif", "else", "endif"))
  File "C:\Users\C4S\AppData\Local\Python\pythoncore-3.14-64\Lib\site-packages\django\template\base.py", line 510, in parse
    raise self.error(token, e)
  File "C:\Users\C4S\AppData\Local\Python\pythoncore-3.14-64\Lib\site-packages\django\template\base.py", line 508, in parse
    compiled_result = compile_func(self, token)
  File "C:\Users\C4S\AppData\Local\Python\pythoncore-3.14-64\Lib\site-packages\django\template\defaulttags.py", line 861, in do_for
    nodelist_loop = parser.parse(
        (
    ...<2 lines>...
        )
    )
  File "C:\Users\C4S\AppData\Local\Python\pythoncore-3.14-64\Lib\site-packages\django\template\base.py", line 504, in parse
    self.invalid_block_tag(token, command, parse_until)
    ~~~~~~~~~~~~~~~~~~~~~~^^^^^^^^^^^^^^^^^^^^^^^^^^^^^
  File "C:\Users\C4S\AppData\Local\Python\pythoncore-3.14-64\Lib\site-packages\django\template\base.py", line 555, in invalid_block_tag
    raise self.error(
    ...<8 lines>...
    )
django.template.exceptions.TemplateSyntaxError: Invalid block tag on line 580: 'else', expected 'empty' or 'endfor'. Did you forget to register or load this tag?
Internal Server Error: /dashboard/checker/
Traceback (most recent call last):
  File "C:\Users\C4S\AppData\Local\Python\pythoncore-3.14-64\Lib\site-packages\django\template\base.py", line 502, in parse
    compile_func = self.tags[command]
                   ~~~~~~~~~^^^^^^^^^
KeyError: 'else'

During handling of the above exception, another exception occurred:

Traceback (most recent call last):
  File "C:\Users\C4S\AppData\Local\Python\pythoncore-3.14-64\Lib\site-packages\django\core\handlers\exception.py", line 55, in inner
    response = get_response(request)
  File "C:\Users\C4S\AppData\Local\Python\pythoncore-3.14-64\Lib\site-packages\django\core\handlers\base.py", line 197, in _get_response
    response = wrapped_callback(request, *callback_args, **callback_kwargs)
  File "C:\Users\C4S\AppData\Local\Python\pythoncore-3.14-64\Lib\site-packages\django\contrib\auth\decorators.py", line 23, in _wrapper_view
    return view_func(request, *args, **kwargs)
  File "C:\abay_repository\dashboard\views.py", line 347, in checker_dashboard
    return render(request, 'dashboard/checker_dashboard.html', context)
  File "C:\Users\C4S\AppData\Local\Python\pythoncore-3.14-64\Lib\site-packages\django\shortcuts.py", line 25, in render
    content = loader.render_to_string(template_name, context, request, using=using)
  File "C:\Users\C4S\AppData\Local\Python\pythoncore-3.14-64\Lib\site-packages\django\template\loader.py", line 61, in render_to_string
    template = get_template(template_name, using=using)
  File "C:\Users\C4S\AppData\Local\Python\pythoncore-3.14-64\Lib\site-packages\django\template\loader.py", line 15, in get_template
    return engine.get_template(template_name)
           ~~~~~~~~~~~~~~~~~~~^^^^^^^^^^^^^^^
  File "C:\Users\C4S\AppData\Local\Python\pythoncore-3.14-64\Lib\site-packages\django\template\backends\django.py", line 33, in get_template
    return Template(self.engine.get_template(template_name), self)
                    ~~~~~~~~~~~~~~~~~~~~~~~~^^^^^^^^^^^^^^^
  File "C:\Users\C4S\AppData\Local\Python\pythoncore-3.14-64\Lib\site-packages\django\template\engine.py", line 177, in get_template
    template, origin = self.find_template(template_name)
                       ~~~~~~~~~~~~~~~~~~^^^^^^^^^^^^^^^
  File "C:\Users\C4S\AppData\Local\Python\pythoncore-3.14-64\Lib\site-packages\django\template\engine.py", line 159, in find_template
    template = loader.get_template(name, skip=skip)
  File "C:\Users\C4S\AppData\Local\Python\pythoncore-3.14-64\Lib\site-packages\django\template\loaders\cached.py", line 57, in get_template
    template = super().get_template(template_name, skip)
  File "C:\Users\C4S\AppData\Local\Python\pythoncore-3.14-64\Lib\site-packages\django\template\loaders\base.py", line 28, in get_template
    return Template(
        contents,
    ...<2 lines>...
        self.engine,
    )
  File "C:\Users\C4S\AppData\Local\Python\pythoncore-3.14-64\Lib\site-packages\django\template\base.py", line 154, in __init__
    self.nodelist = self.compile_nodelist()
                    ~~~~~~~~~~~~~~~~~~~~~^^
  File "C:\Users\C4S\AppData\Local\Python\pythoncore-3.14-64\Lib\site-packages\django\template\base.py", line 196, in compile_nodelist
    return parser.parse()
           ~~~~~~~~~~~~^^
  File "C:\Users\C4S\AppData\Local\Python\pythoncore-3.14-64\Lib\site-packages\django\template\base.py", line 510, in parse
    raise self.error(token, e)
  File "C:\Users\C4S\AppData\Local\Python\pythoncore-3.14-64\Lib\site-packages\django\template\base.py", line 508, in parse
    compiled_result = compile_func(self, token)
  File "C:\Users\C4S\AppData\Local\Python\pythoncore-3.14-64\Lib\site-packages\django\template\loader_tags.py", line 295, in do_extends
    nodelist = parser.parse()
  File "C:\Users\C4S\AppData\Local\Python\pythoncore-3.14-64\Lib\site-packages\django\template\base.py", line 510, in parse
    raise self.error(token, e)
  File "C:\Users\C4S\AppData\Local\Python\pythoncore-3.14-64\Lib\site-packages\django\template\base.py", line 508, in parse
    compiled_result = compile_func(self, token)
  File "C:\Users\C4S\AppData\Local\Python\pythoncore-3.14-64\Lib\site-packages\django\template\loader_tags.py", line 234, in do_block
    nodelist = parser.parse(("endblock",))
  File "C:\Users\C4S\AppData\Local\Python\pythoncore-3.14-64\Lib\site-packages\django\template\base.py", line 510, in parse
    raise self.error(token, e)
  File "C:\Users\C4S\AppData\Local\Python\pythoncore-3.14-64\Lib\site-packages\django\template\base.py", line 508, in parse
    compiled_result = compile_func(self, token)
  File "C:\Users\C4S\AppData\Local\Python\pythoncore-3.14-64\Lib\site-packages\django\template\defaulttags.py", line 961, in do_if
    nodelist = parser.parse(("elif", "else", "endif"))
  File "C:\Users\C4S\AppData\Local\Python\pythoncore-3.14-64\Lib\site-packages\django\template\base.py", line 510, in parse
    raise self.error(token, e)
  File "C:\Users\C4S\AppData\Local\Python\pythoncore-3.14-64\Lib\site-packages\django\template\base.py", line 508, in parse
    compiled_result = compile_func(self, token)
  File "C:\Users\C4S\AppData\Local\Python\pythoncore-3.14-64\Lib\site-packages\django\template\defaulttags.py", line 861, in do_for
    nodelist_loop = parser.parse(
        (
    ...<2 lines>...
        )
    )
  File "C:\Users\C4S\AppData\Local\Python\pythoncore-3.14-64\Lib\site-packages\django\template\base.py", line 504, in parse
    self.invalid_block_tag(token, command, parse_until)
    ~~~~~~~~~~~~~~~~~~~~~~^^^^^^^^^^^^^^^^^^^^^^^^^^^^^
  File "C:\Users\C4S\AppData\Local\Python\pythoncore-3.14-64\Lib\site-packages\django\template\base.py", line 555, in invalid_block_tag
    raise self.error(
    ...<8 lines>...
    )
django.template.exceptions.TemplateSyntaxError: Invalid block tag on line 580: 'else', expected 'empty' or 'endfor'. Did you forget to register or load this tag?
"GET /dashboard/checker/ HTTP/1.1" 500 251748
"GET /dashboard/checker/ HTTP/1.1" 500 251748
Internal Server Error: /dashboard/checker/
Traceback (most recent call last):
  File "C:\Users\C4S\AppData\Local\Python\pythoncore-3.14-64\Lib\site-packages\django\template\base.py", line 502, in parse
    compile_func = self.tags[command]
                   ~~~~~~~~~^^^^^^^^^
KeyError: 'else'

During handling of the above exception, another exception occurred:

Traceback (most recent call last):
  File "C:\Users\C4S\AppData\Local\Python\pythoncore-3.14-64\Lib\site-packages\django\core\handlers\exception.py", line 55, in inner
    response = get_response(request)
  File "C:\Users\C4S\AppData\Local\Python\pythoncore-3.14-64\Lib\site-packages\django\core\handlers\base.py", line 197, in _get_response
    response = wrapped_callback(request, *callback_args, **callback_kwargs)
  File "C:\Users\C4S\AppData\Local\Python\pythoncore-3.14-64\Lib\site-packages\django\contrib\auth\decorators.py", line 23, in _wrapper_view
    return view_func(request, *args, **kwargs)
  File "C:\abay_repository\dashboard\views.py", line 347, in checker_dashboard
    return render(request, 'dashboard/checker_dashboard.html', context)
  File "C:\Users\C4S\AppData\Local\Python\pythoncore-3.14-64\Lib\site-packages\django\shortcuts.py", line 25, in render
    content = loader.render_to_string(template_name, context, request, using=using)
  File "C:\Users\C4S\AppData\Local\Python\pythoncore-3.14-64\Lib\site-packages\django\template\loader.py", line 61, in render_to_string
    template = get_template(template_name, using=using)
  File "C:\Users\C4S\AppData\Local\Python\pythoncore-3.14-64\Lib\site-packages\django\template\loader.py", line 15, in get_template
    return engine.get_template(template_name)
           ~~~~~~~~~~~~~~~~~~~^^^^^^^^^^^^^^^
  File "C:\Users\C4S\AppData\Local\Python\pythoncore-3.14-64\Lib\site-packages\django\template\backends\django.py", line 33, in get_template
    return Template(self.engine.get_template(template_name), self)
                    ~~~~~~~~~~~~~~~~~~~~~~~~^^^^^^^^^^^^^^^
  File "C:\Users\C4S\AppData\Local\Python\pythoncore-3.14-64\Lib\site-packages\django\template\engine.py", line 177, in get_template
    template, origin = self.find_template(template_name)
                       ~~~~~~~~~~~~~~~~~~^^^^^^^^^^^^^^^
  File "C:\Users\C4S\AppData\Local\Python\pythoncore-3.14-64\Lib\site-packages\django\template\engine.py", line 159, in find_template
    template = loader.get_template(name, skip=skip)
  File "C:\Users\C4S\AppData\Local\Python\pythoncore-3.14-64\Lib\site-packages\django\template\loaders\cached.py", line 57, in get_template
    template = super().get_template(template_name, skip)
  File "C:\Users\C4S\AppData\Local\Python\pythoncore-3.14-64\Lib\site-packages\django\template\loaders\base.py", line 28, in get_template
    return Template(
        contents,
    ...<2 lines>...
        self.engine,
    )
  File "C:\Users\C4S\AppData\Local\Python\pythoncore-3.14-64\Lib\site-packages\django\template\base.py", line 154, in __init__
    self.nodelist = self.compile_nodelist()
                    ~~~~~~~~~~~~~~~~~~~~~^^
  File "C:\Users\C4S\AppData\Local\Python\pythoncore-3.14-64\Lib\site-packages\django\template\base.py", line 196, in compile_nodelist
    return parser.parse()
           ~~~~~~~~~~~~^^
  File "C:\Users\C4S\AppData\Local\Python\pythoncore-3.14-64\Lib\site-packages\django\template\base.py", line 510, in parse
    raise self.error(token, e)
  File "C:\Users\C4S\AppData\Local\Python\pythoncore-3.14-64\Lib\site-packages\django\template\base.py", line 508, in parse
    compiled_result = compile_func(self, token)
  File "C:\Users\C4S\AppData\Local\Python\pythoncore-3.14-64\Lib\site-packages\django\template\loader_tags.py", line 295, in do_extends
    nodelist = parser.parse()
  File "C:\Users\C4S\AppData\Local\Python\pythoncore-3.14-64\Lib\site-packages\django\template\base.py", line 510, in parse
    raise self.error(token, e)
  File "C:\Users\C4S\AppData\Local\Python\pythoncore-3.14-64\Lib\site-packages\django\template\base.py", line 508, in parse
    compiled_result = compile_func(self, token)
  File "C:\Users\C4S\AppData\Local\Python\pythoncore-3.14-64\Lib\site-packages\django\template\loader_tags.py", line 234, in do_block
    nodelist = parser.parse(("endblock",))
  File "C:\Users\C4S\AppData\Local\Python\pythoncore-3.14-64\Lib\site-packages\django\template\base.py", line 510, in parse
    raise self.error(token, e)
  File "C:\Users\C4S\AppData\Local\Python\pythoncore-3.14-64\Lib\site-packages\django\template\base.py", line 508, in parse
    compiled_result = compile_func(self, token)
  File "C:\Users\C4S\AppData\Local\Python\pythoncore-3.14-64\Lib\site-packages\django\template\defaulttags.py", line 961, in do_if
    nodelist = parser.parse(("elif", "else", "endif"))
  File "C:\Users\C4S\AppData\Local\Python\pythoncore-3.14-64\Lib\site-packages\django\template\base.py", line 510, in parse
    raise self.error(token, e)
  File "C:\Users\C4S\AppData\Local\Python\pythoncore-3.14-64\Lib\site-packages\django\template\base.py", line 508, in parse
    compiled_result = compile_func(self, token)
  File "C:\Users\C4S\AppData\Local\Python\pythoncore-3.14-64\Lib\site-packages\django\template\defaulttags.py", line 861, in do_for
    nodelist_loop = parser.parse(
        (
    ...<2 lines>...
        )
    )
  File "C:\Users\C4S\AppData\Local\Python\pythoncore-3.14-64\Lib\site-packages\django\template\base.py", line 504, in parse
    self.invalid_block_tag(token, command, parse_until)
    ~~~~~~~~~~~~~~~~~~~~~~^^^^^^^^^^^^^^^^^^^^^^^^^^^^^
  File "C:\Users\C4S\AppData\Local\Python\pythoncore-3.14-64\Lib\site-packages\django\template\base.py", line 555, in invalid_block_tag
    raise self.error(
    ...<8 lines>...
    )
django.template.exceptions.TemplateSyntaxError: Invalid block tag on line 580: 'else', expected 'empty' or 'endfor'. Did you forget to register or load this tag?
Internal Server Error: /dashboard/checker/
Traceback (most recent call last):
  File "C:\Users\C4S\AppData\Local\Python\pythoncore-3.14-64\Lib\site-packages\django\template\base.py", line 502, in parse
    compile_func = self.tags[command]
                   ~~~~~~~~~^^^^^^^^^
KeyError: 'else'

During handling of the above exception, another exception occurred:

Traceback (most recent call last):
  File "C:\Users\C4S\AppData\Local\Python\pythoncore-3.14-64\Lib\site-packages\django\core\handlers\exception.py", line 55, in inner
    response = get_response(request)
  File "C:\Users\C4S\AppData\Local\Python\pythoncore-3.14-64\Lib\site-packages\django\core\handlers\base.py", line 197, in _get_response
    response = wrapped_callback(request, *callback_args, **callback_kwargs)
  File "C:\Users\C4S\AppData\Local\Python\pythoncore-3.14-64\Lib\site-packages\django\contrib\auth\decorators.py", line 23, in _wrapper_view
    return view_func(request, *args, **kwargs)
  File "C:\abay_repository\dashboard\views.py", line 347, in checker_dashboard
    return render(request, 'dashboard/checker_dashboard.html', context)
  File "C:\Users\C4S\AppData\Local\Python\pythoncore-3.14-64\Lib\site-packages\django\shortcuts.py", line 25, in render
    content = loader.render_to_string(template_name, context, request, using=using)
  File "C:\Users\C4S\AppData\Local\Python\pythoncore-3.14-64\Lib\site-packages\django\template\loader.py", line 61, in render_to_string
    template = get_template(template_name, using=using)
  File "C:\Users\C4S\AppData\Local\Python\pythoncore-3.14-64\Lib\site-packages\django\template\loader.py", line 15, in get_template
    return engine.get_template(template_name)
           ~~~~~~~~~~~~~~~~~~~^^^^^^^^^^^^^^^
  File "C:\Users\C4S\AppData\Local\Python\pythoncore-3.14-64\Lib\site-packages\django\template\backends\django.py", line 33, in get_template
    return Template(self.engine.get_template(template_name), self)
                    ~~~~~~~~~~~~~~~~~~~~~~~~^^^^^^^^^^^^^^^
  File "C:\Users\C4S\AppData\Local\Python\pythoncore-3.14-64\Lib\site-packages\django\template\engine.py", line 177, in get_template
    template, origin = self.find_template(template_name)
                       ~~~~~~~~~~~~~~~~~~^^^^^^^^^^^^^^^
  File "C:\Users\C4S\AppData\Local\Python\pythoncore-3.14-64\Lib\site-packages\django\template\engine.py", line 159, in find_template
    template = loader.get_template(name, skip=skip)
  File "C:\Users\C4S\AppData\Local\Python\pythoncore-3.14-64\Lib\site-packages\django\template\loaders\cached.py", line 57, in get_template
    template = super().get_template(template_name, skip)
  File "C:\Users\C4S\AppData\Local\Python\pythoncore-3.14-64\Lib\site-packages\django\template\loaders\base.py", line 28, in get_template
    return Template(
        contents,
    ...<2 lines>...
        self.engine,
    )
  File "C:\Users\C4S\AppData\Local\Python\pythoncore-3.14-64\Lib\site-packages\django\template\base.py", line 154, in __init__
    self.nodelist = self.compile_nodelist()
                    ~~~~~~~~~~~~~~~~~~~~~^^
  File "C:\Users\C4S\AppData\Local\Python\pythoncore-3.14-64\Lib\site-packages\django\template\base.py", line 196, in compile_nodelist
    return parser.parse()
           ~~~~~~~~~~~~^^
  File "C:\Users\C4S\AppData\Local\Python\pythoncore-3.14-64\Lib\site-packages\django\template\base.py", line 510, in parse
    raise self.error(token, e)
  File "C:\Users\C4S\AppData\Local\Python\pythoncore-3.14-64\Lib\site-packages\django\template\base.py", line 508, in parse
    compiled_result = compile_func(self, token)
  File "C:\Users\C4S\AppData\Local\Python\pythoncore-3.14-64\Lib\site-packages\django\template\loader_tags.py", line 295, in do_extends
    nodelist = parser.parse()
  File "C:\Users\C4S\AppData\Local\Python\pythoncore-3.14-64\Lib\site-packages\django\template\base.py", line 510, in parse
    raise self.error(token, e)
  File "C:\Users\C4S\AppData\Local\Python\pythoncore-3.14-64\Lib\site-packages\django\template\base.py", line 508, in parse
    compiled_result = compile_func(self, token)
  File "C:\Users\C4S\AppData\Local\Python\pythoncore-3.14-64\Lib\site-packages\django\template\loader_tags.py", line 234, in do_block
    nodelist = parser.parse(("endblock",))
  File "C:\Users\C4S\AppData\Local\Python\pythoncore-3.14-64\Lib\site-packages\django\template\base.py", line 510, in parse
    raise self.error(token, e)
  File "C:\Users\C4S\AppData\Local\Python\pythoncore-3.14-64\Lib\site-packages\django\template\base.py", line 508, in parse
    compiled_result = compile_func(self, token)
  File "C:\Users\C4S\AppData\Local\Python\pythoncore-3.14-64\Lib\site-packages\django\template\defaulttags.py", line 961, in do_if
    nodelist = parser.parse(("elif", "else", "endif"))
  File "C:\Users\C4S\AppData\Local\Python\pythoncore-3.14-64\Lib\site-packages\django\template\base.py", line 510, in parse
    raise self.error(token, e)
  File "C:\Users\C4S\AppData\Local\Python\pythoncore-3.14-64\Lib\site-packages\django\template\base.py", line 508, in parse
    compiled_result = compile_func(self, token)
  File "C:\Users\C4S\AppData\Local\Python\pythoncore-3.14-64\Lib\site-packages\django\template\defaulttags.py", line 861, in do_for
    nodelist_loop = parser.parse(
        (
    ...<2 lines>...
        )
    )
  File "C:\Users\C4S\AppData\Local\Python\pythoncore-3.14-64\Lib\site-packages\django\template\base.py", line 504, in parse
    self.invalid_block_tag(token, command, parse_until)
    ~~~~~~~~~~~~~~~~~~~~~~^^^^^^^^^^^^^^^^^^^^^^^^^^^^^
  File "C:\Users\C4S\AppData\Local\Python\pythoncore-3.14-64\Lib\site-packages\django\template\base.py", line 555, in invalid_block_tag
    raise self.error(
    ...<8 lines>...
    )
django.template.exceptions.TemplateSyntaxError: Invalid block tag on line 580: 'else', expected 'empty' or 'endfor'. Did you forget to register or load this tag?
"GET /dashboard/checker/ HTTP/1.1" 500 251748
"GET /dashboard/checker/ HTTP/1.1" 500 251748
Internal Server Error: /dashboard/checker/
Traceback (most recent call last):
  File "C:\Users\C4S\AppData\Local\Python\pythoncore-3.14-64\Lib\site-packages\django\template\base.py", line 502, in parse
    compile_func = self.tags[command]
                   ~~~~~~~~~^^^^^^^^^
KeyError: 'else'

During handling of the above exception, another exception occurred:

Traceback (most recent call last):
  File "C:\Users\C4S\AppData\Local\Python\pythoncore-3.14-64\Lib\site-packages\django\core\handlers\exception.py", line 55, in inner
    response = get_response(request)
  File "C:\Users\C4S\AppData\Local\Python\pythoncore-3.14-64\Lib\site-packages\django\core\handlers\base.py", line 197, in _get_response
    response = wrapped_callback(request, *callback_args, **callback_kwargs)
  File "C:\Users\C4S\AppData\Local\Python\pythoncore-3.14-64\Lib\site-packages\django\contrib\auth\decorators.py", line 23, in _wrapper_view
    return view_func(request, *args, **kwargs)
  File "C:\abay_repository\dashboard\views.py", line 347, in checker_dashboard
    return render(request, 'dashboard/checker_dashboard.html', context)
  File "C:\Users\C4S\AppData\Local\Python\pythoncore-3.14-64\Lib\site-packages\django\shortcuts.py", line 25, in render
    content = loader.render_to_string(template_name, context, request, using=using)
  File "C:\Users\C4S\AppData\Local\Python\pythoncore-3.14-64\Lib\site-packages\django\template\loader.py", line 61, in render_to_string
    template = get_template(template_name, using=using)
  File "C:\Users\C4S\AppData\Local\Python\pythoncore-3.14-64\Lib\site-packages\django\template\loader.py", line 15, in get_template
    return engine.get_template(template_name)
           ~~~~~~~~~~~~~~~~~~~^^^^^^^^^^^^^^^
  File "C:\Users\C4S\AppData\Local\Python\pythoncore-3.14-64\Lib\site-packages\django\template\backends\django.py", line 33, in get_template
    return Template(self.engine.get_template(template_name), self)
                    ~~~~~~~~~~~~~~~~~~~~~~~~^^^^^^^^^^^^^^^
  File "C:\Users\C4S\AppData\Local\Python\pythoncore-3.14-64\Lib\site-packages\django\template\engine.py", line 177, in get_template
    template, origin = self.find_template(template_name)
                       ~~~~~~~~~~~~~~~~~~^^^^^^^^^^^^^^^
  File "C:\Users\C4S\AppData\Local\Python\pythoncore-3.14-64\Lib\site-packages\django\template\engine.py", line 159, in find_template
    template = loader.get_template(name, skip=skip)
  File "C:\Users\C4S\AppData\Local\Python\pythoncore-3.14-64\Lib\site-packages\django\template\loaders\cached.py", line 57, in get_template
    template = super().get_template(template_name, skip)
  File "C:\Users\C4S\AppData\Local\Python\pythoncore-3.14-64\Lib\site-packages\django\template\loaders\base.py", line 28, in get_template
    return Template(
        contents,
    ...<2 lines>...
        self.engine,
    )
  File "C:\Users\C4S\AppData\Local\Python\pythoncore-3.14-64\Lib\site-packages\django\template\base.py", line 154, in __init__
    self.nodelist = self.compile_nodelist()
                    ~~~~~~~~~~~~~~~~~~~~~^^
  File "C:\Users\C4S\AppData\Local\Python\pythoncore-3.14-64\Lib\site-packages\django\template\base.py", line 196, in compile_nodelist
    return parser.parse()
           ~~~~~~~~~~~~^^
  File "C:\Users\C4S\AppData\Local\Python\pythoncore-3.14-64\Lib\site-packages\django\template\base.py", line 510, in parse
    raise self.error(token, e)
  File "C:\Users\C4S\AppData\Local\Python\pythoncore-3.14-64\Lib\site-packages\django\template\base.py", line 508, in parse
    compiled_result = compile_func(self, token)
  File "C:\Users\C4S\AppData\Local\Python\pythoncore-3.14-64\Lib\site-packages\django\template\loader_tags.py", line 295, in do_extends
    nodelist = parser.parse()
  File "C:\Users\C4S\AppData\Local\Python\pythoncore-3.14-64\Lib\site-packages\django\template\base.py", line 510, in parse
    raise self.error(token, e)
  File "C:\Users\C4S\AppData\Local\Python\pythoncore-3.14-64\Lib\site-packages\django\template\base.py", line 508, in parse
    compiled_result = compile_func(self, token)
  File "C:\Users\C4S\AppData\Local\Python\pythoncore-3.14-64\Lib\site-packages\django\template\loader_tags.py", line 234, in do_block
    nodelist = parser.parse(("endblock",))
  File "C:\Users\C4S\AppData\Local\Python\pythoncore-3.14-64\Lib\site-packages\django\template\base.py", line 510, in parse
    raise self.error(token, e)
  File "C:\Users\C4S\AppData\Local\Python\pythoncore-3.14-64\Lib\site-packages\django\template\base.py", line 508, in parse
    compiled_result = compile_func(self, token)
  File "C:\Users\C4S\AppData\Local\Python\pythoncore-3.14-64\Lib\site-packages\django\template\defaulttags.py", line 961, in do_if
    nodelist = parser.parse(("elif", "else", "endif"))
  File "C:\Users\C4S\AppData\Local\Python\pythoncore-3.14-64\Lib\site-packages\django\template\base.py", line 510, in parse
    raise self.error(token, e)
  File "C:\Users\C4S\AppData\Local\Python\pythoncore-3.14-64\Lib\site-packages\django\template\base.py", line 508, in parse
    compiled_result = compile_func(self, token)
  File "C:\Users\C4S\AppData\Local\Python\pythoncore-3.14-64\Lib\site-packages\django\template\defaulttags.py", line 861, in do_for
    nodelist_loop = parser.parse(
        (
    ...<2 lines>...
        )
    )
  File "C:\Users\C4S\AppData\Local\Python\pythoncore-3.14-64\Lib\site-packages\django\template\base.py", line 504, in parse
    self.invalid_block_tag(token, command, parse_until)
    ~~~~~~~~~~~~~~~~~~~~~~^^^^^^^^^^^^^^^^^^^^^^^^^^^^^
  File "C:\Users\C4S\AppData\Local\Python\pythoncore-3.14-64\Lib\site-packages\django\template\base.py", line 555, in invalid_block_tag
    raise self.error(
    ...<8 lines>...
    )
django.template.exceptions.TemplateSyntaxError: Invalid block tag on line 580: 'else', expected 'empty' or 'endfor'. Did you forget to register or load this tag?
Internal Server Error: /dashboard/checker/
Traceback (most recent call last):
  File "C:\Users\C4S\AppData\Local\Python\pythoncore-3.14-64\Lib\site-packages\django\template\base.py", line 502, in parse
    compile_func = self.tags[command]
                   ~~~~~~~~~^^^^^^^^^
KeyError: 'else'

During handling of the above exception, another exception occurred:

Traceback (most recent call last):
  File "C:\Users\C4S\AppData\Local\Python\pythoncore-3.14-64\Lib\site-packages\django\core\handlers\exception.py", line 55, in inner
    response = get_response(request)
  File "C:\Users\C4S\AppData\Local\Python\pythoncore-3.14-64\Lib\site-packages\django\core\handlers\base.py", line 197, in _get_response
    response = wrapped_callback(request, *callback_args, **callback_kwargs)
  File "C:\Users\C4S\AppData\Local\Python\pythoncore-3.14-64\Lib\site-packages\django\contrib\auth\decorators.py", line 23, in _wrapper_view
    return view_func(request, *args, **kwargs)
  File "C:\abay_repository\dashboard\views.py", line 347, in checker_dashboard
    return render(request, 'dashboard/checker_dashboard.html', context)
  File "C:\Users\C4S\AppData\Local\Python\pythoncore-3.14-64\Lib\site-packages\django\shortcuts.py", line 25, in render
    content = loader.render_to_string(template_name, context, request, using=using)
  File "C:\Users\C4S\AppData\Local\Python\pythoncore-3.14-64\Lib\site-packages\django\template\loader.py", line 61, in render_to_string
    template = get_template(template_name, using=using)
  File "C:\Users\C4S\AppData\Local\Python\pythoncore-3.14-64\Lib\site-packages\django\template\loader.py", line 15, in get_template
    return engine.get_template(template_name)
           ~~~~~~~~~~~~~~~~~~~^^^^^^^^^^^^^^^
  File "C:\Users\C4S\AppData\Local\Python\pythoncore-3.14-64\Lib\site-packages\django\template\backends\django.py", line 33, in get_template
    return Template(self.engine.get_template(template_name), self)
                    ~~~~~~~~~~~~~~~~~~~~~~~~^^^^^^^^^^^^^^^
  File "C:\Users\C4S\AppData\Local\Python\pythoncore-3.14-64\Lib\site-packages\django\template\engine.py", line 177, in get_template
    template, origin = self.find_template(template_name)
                       ~~~~~~~~~~~~~~~~~~^^^^^^^^^^^^^^^
  File "C:\Users\C4S\AppData\Local\Python\pythoncore-3.14-64\Lib\site-packages\django\template\engine.py", line 159, in find_template
    template = loader.get_template(name, skip=skip)
  File "C:\Users\C4S\AppData\Local\Python\pythoncore-3.14-64\Lib\site-packages\django\template\loaders\cached.py", line 57, in get_template
    template = super().get_template(template_name, skip)
  File "C:\Users\C4S\AppData\Local\Python\pythoncore-3.14-64\Lib\site-packages\django\template\loaders\base.py", line 28, in get_template
    return Template(
        contents,
    ...<2 lines>...
        self.engine,
    )
  File "C:\Users\C4S\AppData\Local\Python\pythoncore-3.14-64\Lib\site-packages\django\template\base.py", line 154, in __init__
    self.nodelist = self.compile_nodelist()
                    ~~~~~~~~~~~~~~~~~~~~~^^
  File "C:\Users\C4S\AppData\Local\Python\pythoncore-3.14-64\Lib\site-packages\django\template\base.py", line 196, in compile_nodelist
    return parser.parse()
           ~~~~~~~~~~~~^^
  File "C:\Users\C4S\AppData\Local\Python\pythoncore-3.14-64\Lib\site-packages\django\template\base.py", line 510, in parse
    raise self.error(token, e)
  File "C:\Users\C4S\AppData\Local\Python\pythoncore-3.14-64\Lib\site-packages\django\template\base.py", line 508, in parse
    compiled_result = compile_func(self, token)
  File "C:\Users\C4S\AppData\Local\Python\pythoncore-3.14-64\Lib\site-packages\django\template\loader_tags.py", line 295, in do_extends
    nodelist = parser.parse()
  File "C:\Users\C4S\AppData\Local\Python\pythoncore-3.14-64\Lib\site-packages\django\template\base.py", line 510, in parse
    raise self.error(token, e)
  File "C:\Users\C4S\AppData\Local\Python\pythoncore-3.14-64\Lib\site-packages\django\template\base.py", line 508, in parse
    compiled_result = compile_func(self, token)
  File "C:\Users\C4S\AppData\Local\Python\pythoncore-3.14-64\Lib\site-packages\django\template\loader_tags.py", line 234, in do_block
    nodelist = parser.parse(("endblock",))
  File "C:\Users\C4S\AppData\Local\Python\pythoncore-3.14-64\Lib\site-packages\django\template\base.py", line 510, in parse
    raise self.error(token, e)
  File "C:\Users\C4S\AppData\Local\Python\pythoncore-3.14-64\Lib\site-packages\django\template\base.py", line 508, in parse
    compiled_result = compile_func(self, token)
  File "C:\Users\C4S\AppData\Local\Python\pythoncore-3.14-64\Lib\site-packages\django\template\defaulttags.py", line 961, in do_if
    nodelist = parser.parse(("elif", "else", "endif"))
  File "C:\Users\C4S\AppData\Local\Python\pythoncore-3.14-64\Lib\site-packages\django\template\base.py", line 510, in parse
    raise self.error(token, e)
  File "C:\Users\C4S\AppData\Local\Python\pythoncore-3.14-64\Lib\site-packages\django\template\base.py", line 508, in parse
    compiled_result = compile_func(self, token)
  File "C:\Users\C4S\AppData\Local\Python\pythoncore-3.14-64\Lib\site-packages\django\template\defaulttags.py", line 861, in do_for
    nodelist_loop = parser.parse(
        (
    ...<2 lines>...
        )
    )
  File "C:\Users\C4S\AppData\Local\Python\pythoncore-3.14-64\Lib\site-packages\django\template\base.py", line 504, in parse
    self.invalid_block_tag(token, command, parse_until)
    ~~~~~~~~~~~~~~~~~~~~~~^^^^^^^^^^^^^^^^^^^^^^^^^^^^^
  File "C:\Users\C4S\AppData\Local\Python\pythoncore-3.14-64\Lib\site-packages\django\template\base.py", line 555, in invalid_block_tag
    raise self.error(
    ...<8 lines>...
    )
django.template.exceptions.TemplateSyntaxError: Invalid block tag on line 580: 'else', expected 'empty' or 'endfor'. Did you forget to register or load this tag?
"GET /dashboard/checker/ HTTP/1.1" 500 251748
"GET /dashboard/checker/ HTTP/1.1" 500 251748
"GET /accounts/logout/ HTTP/1.1" 302 0
"GET /accounts/logout/ HTTP/1.1" 302 0
"GET / HTTP/1.1" 200 36914
"GET / HTTP/1.1" 200 36914
Not Found: /media/covers/african_leadership.jpg
Not Found: /media/covers/ethiopian_cooking.jpg
Not Found: /media/covers/african_leadership.jpg
Not Found: /media/covers/ethiopian_cooking.jpg
"GET /media/covers/african_leadership.jpg HTTP/1.1" 404 3788
"GET /media/covers/ethiopian_cooking.jpg HTTP/1.1" 404 3784
"GET /media/covers/african_leadership.jpg HTTP/1.1" 404 3788
"GET /media/covers/ethiopian_cooking.jpg HTTP/1.1" 404 3784
Not Found: /media/covers/digital_marketing.jpg
Not Found: /media/covers/ethiopian_culture.jpg
Not Found: /media/covers/digital_marketing.jpg
Not Found: /media/covers/ethiopian_culture.jpg
"GET /media/covers/digital_marketing.jpg HTTP/1.1" 404 3784
"GET /media/covers/ethiopian_culture.jpg HTTP/1.1" 404 3784
"GET /media/covers/digital_marketing.jpg HTTP/1.1" 404 3784
"GET /media/covers/ethiopian_culture.jpg HTTP/1.1" 404 3784
Not Found: /media/covers/modern_fiction.jpg
Not Found: /media/covers/entrepreneurship.jpg
Not Found: /media/covers/entrepreneurship.jpg
Not Found: /media/covers/modern_fiction.jpg
"GET /media/covers/entrepreneurship.jpg HTTP/1.1" 404 3780
"GET /media/covers/modern_fiction.jpg HTTP/1.1" 404 3772
"GET /media/covers/entrepreneurship.jpg HTTP/1.1" 404 3780
"GET /media/covers/modern_fiction.jpg HTTP/1.1" 404 3772
Not Found: /media/covers/ethiopia_history.jpg
Not Found: /media/covers/amharic_poetry.jpg
Not Found: /media/covers/ethiopia_history.jpg
Not Found: /media/covers/amharic_poetry.jpg
"GET /media/covers/ethiopia_history.jpg HTTP/1.1" 404 3780
"GET /media/covers/amharic_poetry.jpg HTTP/1.1" 404 3772
"GET /media/covers/ethiopia_history.jpg HTTP/1.1" 404 3780
"GET /media/covers/amharic_poetry.jpg HTTP/1.1" 404 3772
"GET /accounts/login/ HTTP/1.1" 200 17640
"GET /accounts/login/ HTTP/1.1" 200 17640
"POST /accounts/login/ HTTP/1.1" 200 17984
"POST /accounts/login/ HTTP/1.1" 200 17984
"POST /accounts/login/ HTTP/1.1" 302 0
"POST /accounts/login/ HTTP/1.1" 302 0
"GET /dashboard/maker/ HTTP/1.1" 200 26772
"GET /dashboard/maker/ HTTP/1.1" 200 26772
"GET /dashboard/maker/ HTTP/1.1" 200 26443
"GET /dashboard/maker/ HTTP/1.1" 200 26443
"POST /reviews/submit-maker/ HTTP/1.1" 302 0
"POST /reviews/submit-maker/ HTTP/1.1" 302 0
"GET /dashboard/maker/ HTTP/1.1" 200 21799
"GET /dashboard/maker/ HTTP/1.1" 200 21799
Internal Server Error: /books/11/
Traceback (most recent call last):
  File "C:\Users\C4S\AppData\Local\Python\pythoncore-3.14-64\Lib\site-packages\django\core\handlers\exception.py", line 55, in inner
    response = get_response(request)
  File "C:\Users\C4S\AppData\Local\Python\pythoncore-3.14-64\Lib\site-packages\django\core\handlers\base.py", line 197, in _get_response
    response = wrapped_callback(request, *callback_args, **callback_kwargs)
  File "C:\Users\C4S\AppData\Local\Python\pythoncore-3.14-64\Lib\site-packages\django\contrib\auth\decorators.py", line 23, in _wrapper_view
    return view_func(request, *args, **kwargs)
  File "C:\abay_repository\books\views.py", line 93, in book_detail
    return render(request, 'books/detail.html', context)
  File "C:\Users\C4S\AppData\Local\Python\pythoncore-3.14-64\Lib\site-packages\django\shortcuts.py", line 25, in render
    content = loader.render_to_string(template_name, context, request, using=using)
  File "C:\Users\C4S\AppData\Local\Python\pythoncore-3.14-64\Lib\site-packages\django\template\loader.py", line 61, in render_to_string
    template = get_template(template_name, using=using)
  File "C:\Users\C4S\AppData\Local\Python\pythoncore-3.14-64\Lib\site-packages\django\template\loader.py", line 19, in get_template
    raise TemplateDoesNotExist(template_name, chain=chain)
django.template.exceptions.TemplateDoesNotExist: books/detail.html
Internal Server Error: /books/11/
Traceback (most recent call last):
  File "C:\Users\C4S\AppData\Local\Python\pythoncore-3.14-64\Lib\site-packages\django\core\handlers\exception.py", line 55, in inner
    response = get_response(request)
  File "C:\Users\C4S\AppData\Local\Python\pythoncore-3.14-64\Lib\site-packages\django\core\handlers\base.py", line 197, in _get_response
    response = wrapped_callback(request, *callback_args, **callback_kwargs)
  File "C:\Users\C4S\AppData\Local\Python\pythoncore-3.14-64\Lib\site-packages\django\contrib\auth\decorators.py", line 23, in _wrapper_view
    return view_func(request, *args, **kwargs)
  File "C:\abay_repository\books\views.py", line 93, in book_detail
    return render(request, 'books/detail.html', context)
  File "C:\Users\C4S\AppData\Local\Python\pythoncore-3.14-64\Lib\site-packages\django\shortcuts.py", line 25, in render
    content = loader.render_to_string(template_name, context, request, using=using)
  File "C:\Users\C4S\AppData\Local\Python\pythoncore-3.14-64\Lib\site-packages\django\template\loader.py", line 61, in render_to_string
    template = get_template(template_name, using=using)
  File "C:\Users\C4S\AppData\Local\Python\pythoncore-3.14-64\Lib\site-packages\django\template\loader.py", line 19, in get_template
    raise TemplateDoesNotExist(template_name, chain=chain)
django.template.exceptions.TemplateDoesNotExist: books/detail.html
"GET /books/11/ HTTP/1.1" 500 89462
"GET /books/11/ HTTP/1.1" 500 89462
"GET /accounts/logout/ HTTP/1.1" 302 0
"GET /accounts/logout/ HTTP/1.1" 302 0
"GET / HTTP/1.1" 200 36937
"GET / HTTP/1.1" 200 36937
Not Found: /media/covers/african_leadership.jpg
Not Found: /media/covers/children_stories.jpg
Not Found: /media/covers/african_leadership.jpg
Not Found: /media/covers/children_stories.jpg
"GET /media/covers/african_leadership.jpg HTTP/1.1" 404 3788
"GET /media/covers/african_leadership.jpg HTTP/1.1" 404 3788
"GET /media/covers/children_stories.jpg HTTP/1.1" 404 3780
"GET /media/covers/children_stories.jpg HTTP/1.1" 404 3780
Not Found: /media/covers/digital_marketing.jpg
Not Found: /media/covers/digital_marketing.jpg
Not Found: /media/covers/ethiopian_cooking.jpg
Not Found: /media/covers/ethiopian_cooking.jpg
"GET /media/covers/digital_marketing.jpg HTTP/1.1" 404 3784
"GET /media/covers/digital_marketing.jpg HTTP/1.1" 404 3784
"GET /media/covers/ethiopian_cooking.jpg HTTP/1.1" 404 3784
"GET /media/covers/ethiopian_cooking.jpg HTTP/1.1" 404 3784
Not Found: /media/covers/ethiopian_culture.jpg
Not Found: /media/covers/entrepreneurship.jpg
Not Found: /media/covers/ethiopian_culture.jpg
Not Found: /media/covers/entrepreneurship.jpg
"GET /media/covers/entrepreneurship.jpg HTTP/1.1" 404 3780
"GET /media/covers/ethiopian_culture.jpg HTTP/1.1" 404 3784
"GET /media/covers/entrepreneurship.jpg HTTP/1.1" 404 3780
"GET /media/covers/ethiopian_culture.jpg HTTP/1.1" 404 3784
Not Found: /media/covers/amharic_poetry.jpg
Not Found: /media/covers/modern_fiction.jpg
Not Found: /media/covers/amharic_poetry.jpg
Not Found: /media/covers/modern_fiction.jpg
"GET /media/covers/amharic_poetry.jpg HTTP/1.1" 404 3772
"GET /media/covers/modern_fiction.jpg HTTP/1.1" 404 3772
"GET /media/covers/amharic_poetry.jpg HTTP/1.1" 404 3772
"GET /media/covers/modern_fiction.jpg HTTP/1.1" 404 3772
"GET /books/ HTTP/1.1" 200 45381
"GET /books/ HTTP/1.1" 200 45381
Not Found: /media/covers/ethiopian_cooking.jpg
Not Found: /media/covers/children_stories.jpg
Not Found: /media/covers/african_leadership.jpg
Not Found: /media/covers/ethiopian_cooking.jpg
Not Found: /media/covers/entrepreneurship.jpg
Not Found: /media/covers/children_stories.jpg
Not Found: /media/covers/digital_marketing.jpg
Not Found: /media/covers/african_leadership.jpg
Not Found: /media/covers/ethiopian_culture.jpg
Not Found: /media/covers/entrepreneurship.jpg
"GET /media/covers/ethiopian_cooking.jpg HTTP/1.1" 404 3784
Not Found: /media/covers/digital_marketing.jpg
"GET /media/covers/children_stories.jpg HTTP/1.1" 404 3780
"GET /media/covers/children_stories.jpg HTTP/1.1" 404 3780
"GET /media/covers/entrepreneurship.jpg HTTP/1.1" 404 3780
"GET /media/covers/ethiopian_cooking.jpg HTTP/1.1" 404 3784
Not Found: /media/covers/ethiopian_culture.jpg
"GET /media/covers/african_leadership.jpg HTTP/1.1" 404 3788
"GET /media/covers/digital_marketing.jpg HTTP/1.1" 404 3784
"GET /media/covers/entrepreneurship.jpg HTTP/1.1" 404 3780
"GET /media/covers/african_leadership.jpg HTTP/1.1" 404 3788
"GET /media/covers/digital_marketing.jpg HTTP/1.1" 404 3784
"GET /media/covers/ethiopian_culture.jpg HTTP/1.1" 404 3784
"GET /media/covers/ethiopian_culture.jpg HTTP/1.1" 404 3784
Not Found: /media/covers/amharic_poetry.jpg
Not Found: /media/covers/amharic_poetry.jpg
Not Found: /media/covers/modern_fiction.jpg
Not Found: /media/covers/modern_fiction.jpg
Not Found: /media/covers/ethiopia_history.jpg
"GET /media/covers/amharic_poetry.jpg HTTP/1.1" 404 3772
Not Found: /media/covers/python_beginners.jpg
"GET /media/covers/modern_fiction.jpg HTTP/1.1" 404 3772
Not Found: /media/covers/ethiopia_history.jpg
"GET /media/covers/amharic_poetry.jpg HTTP/1.1" 404 3772
Not Found: /media/covers/web_dev.jpg
Not Found: /media/covers/python_beginners.jpg
Not Found: /media/covers/web_dev.jpg
"GET /media/covers/modern_fiction.jpg HTTP/1.1" 404 3772
"GET /media/covers/ethiopia_history.jpg HTTP/1.1" 404 3780
"GET /media/covers/ethiopia_history.jpg HTTP/1.1" 404 3780
"GET /media/covers/python_beginners.jpg HTTP/1.1" 404 3780
"GET /media/covers/python_beginners.jpg HTTP/1.1" 404 3780
"GET /media/covers/web_dev.jpg HTTP/1.1" 404 3744
"GET /media/covers/web_dev.jpg HTTP/1.1" 404 3744
"GET /books/10/ HTTP/1.1" 302 0
"GET /books/10/ HTTP/1.1" 302 0
"GET /accounts/login/?next=/books/10/ HTTP/1.1" 200 17640
"GET /accounts/login/?next=/books/10/ HTTP/1.1" 200 17640
"POST /accounts/login/?next=/books/10/ HTTP/1.1" 302 0
"POST /accounts/login/?next=/books/10/ HTTP/1.1" 302 0
"GET /dashboard/maker/ HTTP/1.1" 200 21740
"GET /dashboard/maker/ HTTP/1.1" 200 21740
"GET / HTTP/1.1" 200 36738
"GET / HTTP/1.1" 200 36738
Not Found: /media/covers/children_stories.jpg
Not Found: /media/covers/children_stories.jpg
Not Found: /media/covers/digital_marketing.jpg
Not Found: /media/covers/ethiopian_culture.jpg
"GET /media/covers/children_stories.jpg HTTP/1.1" 404 3780
Not Found: /media/covers/ethiopian_culture.jpg
Not Found: /media/covers/digital_marketing.jpg
Not Found: /media/covers/african_leadership.jpg
Not Found: /media/covers/african_leadership.jpg
"GET /media/covers/digital_marketing.jpg HTTP/1.1" 404 3784
"GET /media/covers/children_stories.jpg HTTP/1.1" 404 3780
Not Found: /media/covers/ethiopian_cooking.jpg
"GET /media/covers/ethiopian_culture.jpg HTTP/1.1" 404 3784
"GET /media/covers/digital_marketing.jpg HTTP/1.1" 404 3784
Not Found: /media/covers/entrepreneurship.jpg
"GET /media/covers/african_leadership.jpg HTTP/1.1" 404 3788
Not Found: /media/covers/ethiopian_cooking.jpg
"GET /media/covers/ethiopian_culture.jpg HTTP/1.1" 404 3784
Not Found: /media/covers/entrepreneurship.jpg
"GET /media/covers/african_leadership.jpg HTTP/1.1" 404 3788
"GET /media/covers/ethiopian_cooking.jpg HTTP/1.1" 404 3784
"GET /media/covers/entrepreneurship.jpg HTTP/1.1" 404 3780
"GET /media/covers/ethiopian_cooking.jpg HTTP/1.1" 404 3784
"GET /media/covers/entrepreneurship.jpg HTTP/1.1" 404 3780
Not Found: /media/covers/modern_fiction.jpg
Not Found: /media/covers/modern_fiction.jpg
"GET /media/covers/modern_fiction.jpg HTTP/1.1" 404 3772
"GET /media/covers/modern_fiction.jpg HTTP/1.1" 404 3772
Not Found: /media/covers/amharic_poetry.jpg
Not Found: /media/covers/amharic_poetry.jpg
"GET /media/covers/amharic_poetry.jpg HTTP/1.1" 404 3772
"GET /media/covers/amharic_poetry.jpg HTTP/1.1" 404 3772
Watching for file changes with StatReloader
Watching for file changes with StatReloader
Watching for file changes with StatReloader
Watching for file changes with StatReloader
Watching for file changes with StatReloader
Watching for file changes with StatReloader
Watching for file changes with StatReloader
Watching for file changes with StatReloader
Watching for file changes with StatReloader
Watching for file changes with StatReloader
Internal Server Error: /
Traceback (most recent call last):
  File "C:\abay_repository\venv\Lib\site-packages\django\db\backends\utils.py", line 105, in _execute
    return self.cursor.execute(sql, params)
           ~~~~~~~~~~~~~~~~~~~^^^^^^^^^^^^^
  File "C:\abay_repository\venv\Lib\site-packages\django\db\backends\sqlite3\base.py", line 329, in execute
    return super().execute(query, params)
           ~~~~~~~~~~~~~~~^^^^^^^^^^^^^^^
sqlite3.OperationalError: no such table: books

The above exception was the direct cause of the following exception:

Traceback (most recent call last):
  File "C:\abay_repository\venv\Lib\site-packages\django\core\handlers\exception.py", line 55, in inner
    response = get_response(request)
  File "C:\abay_repository\venv\Lib\site-packages\django\core\handlers\base.py", line 197, in _get_response
    response = wrapped_callback(request, *callback_args, **callback_kwargs)
  File "C:\abay_repository\config\views.py", line 10, in home_view
    total_books = Book.objects.filter(status='published').count()
  File "C:\abay_repository\venv\Lib\site-packages\django\db\models\query.py", line 620, in count
    return self.query.get_count(using=self.db)
           ~~~~~~~~~~~~~~~~~~~~^^^^^^^^^^^^^^^
  File "C:\abay_repository\venv\Lib\site-packages\django\db\models\sql\query.py", line 629, in get_count
    return obj.get_aggregation(using, {"__count": Count("*")})["__count"]
           ~~~~~~~~~~~~~~~~~~~^^^^^^^^^^^^^^^^^^^^^^^^^^^^^^^^
  File "C:\abay_repository\venv\Lib\site-packages\django\db\models\sql\query.py", line 615, in get_aggregation
    result = compiler.execute_sql(SINGLE)
  File "C:\abay_repository\venv\Lib\site-packages\django\db\models\sql\compiler.py", line 1562, in execute_sql
    cursor.execute(sql, params)
    ~~~~~~~~~~~~~~^^^^^^^^^^^^^
  File "C:\abay_repository\venv\Lib\site-packages\django\db\backends\utils.py", line 122, in execute
    return super().execute(sql, params)
           ~~~~~~~~~~~~~~~^^^^^^^^^^^^^
  File "C:\abay_repository\venv\Lib\site-packages\django\db\backends\utils.py", line 79, in execute
    return self._execute_with_wrappers(
           ~~~~~~~~~~~~~~~~~~~~~~~~~~~^
        sql, params, many=False, executor=self._execute
        ^^^^^^^^^^^^^^^^^^^^^^^^^^^^^^^^^^^^^^^^^^^^^^^
    )
    ^
  File "C:\abay_repository\venv\Lib\site-packages\django\db\backends\utils.py", line 92, in _execute_with_wrappers
    return executor(sql, params, many, context)
  File "C:\abay_repository\venv\Lib\site-packages\django\db\backends\utils.py", line 100, in _execute
    with self.db.wrap_database_errors:
         ^^^^^^^^^^^^^^^^^^^^^^^^^^^^
  File "C:\abay_repository\venv\Lib\site-packages\django\db\utils.py", line 91, in __exit__
    raise dj_exc_value.with_traceback(traceback) from exc_value
  File "C:\abay_repository\venv\Lib\site-packages\django\db\backends\utils.py", line 105, in _execute
    return self.cursor.execute(sql, params)
           ~~~~~~~~~~~~~~~~~~~^^^^^^^^^^^^^
  File "C:\abay_repository\venv\Lib\site-packages\django\db\backends\sqlite3\base.py", line 329, in execute
    return super().execute(query, params)
           ~~~~~~~~~~~~~~~^^^^^^^^^^^^^^^
django.db.utils.OperationalError: no such table: books
Internal Server Error: /
Traceback (most recent call last):
  File "C:\abay_repository\venv\Lib\site-packages\django\db\backends\utils.py", line 105, in _execute
    return self.cursor.execute(sql, params)
           ~~~~~~~~~~~~~~~~~~~^^^^^^^^^^^^^
  File "C:\abay_repository\venv\Lib\site-packages\django\db\backends\sqlite3\base.py", line 329, in execute
    return super().execute(query, params)
           ~~~~~~~~~~~~~~~^^^^^^^^^^^^^^^
sqlite3.OperationalError: no such table: books

The above exception was the direct cause of the following exception:

Traceback (most recent call last):
  File "C:\abay_repository\venv\Lib\site-packages\django\core\handlers\exception.py", line 55, in inner
    response = get_response(request)
  File "C:\abay_repository\venv\Lib\site-packages\django\core\handlers\base.py", line 197, in _get_response
    response = wrapped_callback(request, *callback_args, **callback_kwargs)
  File "C:\abay_repository\config\views.py", line 10, in home_view
    total_books = Book.objects.filter(status='published').count()
  File "C:\abay_repository\venv\Lib\site-packages\django\db\models\query.py", line 620, in count
    return self.query.get_count(using=self.db)
           ~~~~~~~~~~~~~~~~~~~~^^^^^^^^^^^^^^^
  File "C:\abay_repository\venv\Lib\site-packages\django\db\models\sql\query.py", line 629, in get_count
    return obj.get_aggregation(using, {"__count": Count("*")})["__count"]
           ~~~~~~~~~~~~~~~~~~~^^^^^^^^^^^^^^^^^^^^^^^^^^^^^^^^
  File "C:\abay_repository\venv\Lib\site-packages\django\db\models\sql\query.py", line 615, in get_aggregation
    result = compiler.execute_sql(SINGLE)
  File "C:\abay_repository\venv\Lib\site-packages\django\db\models\sql\compiler.py", line 1562, in execute_sql
    cursor.execute(sql, params)
    ~~~~~~~~~~~~~~^^^^^^^^^^^^^
  File "C:\abay_repository\venv\Lib\site-packages\django\db\backends\utils.py", line 122, in execute
    return super().execute(sql, params)
           ~~~~~~~~~~~~~~~^^^^^^^^^^^^^
  File "C:\abay_repository\venv\Lib\site-packages\django\db\backends\utils.py", line 79, in execute
    return self._execute_with_wrappers(
           ~~~~~~~~~~~~~~~~~~~~~~~~~~~^
        sql, params, many=False, executor=self._execute
        ^^^^^^^^^^^^^^^^^^^^^^^^^^^^^^^^^^^^^^^^^^^^^^^
    )
    ^
  File "C:\abay_repository\venv\Lib\site-packages\django\db\backends\utils.py", line 92, in _execute_with_wrappers
    return executor(sql, params, many, context)
  File "C:\abay_repository\venv\Lib\site-packages\django\db\backends\utils.py", line 100, in _execute
    with self.db.wrap_database_errors:
         ^^^^^^^^^^^^^^^^^^^^^^^^^^^^
  File "C:\abay_repository\venv\Lib\site-packages\django\db\utils.py", line 91, in __exit__
    raise dj_exc_value.with_traceback(traceback) from exc_value
  File "C:\abay_repository\venv\Lib\site-packages\django\db\backends\utils.py", line 105, in _execute
    return self.cursor.execute(sql, params)
           ~~~~~~~~~~~~~~~~~~~^^^^^^^^^^^^^
  File "C:\abay_repository\venv\Lib\site-packages\django\db\backends\sqlite3\base.py", line 329, in execute
    return super().execute(query, params)
           ~~~~~~~~~~~~~~~^^^^^^^^^^^^^^^
django.db.utils.OperationalError: no such table: books
"GET / HTTP/1.1" 500 131220
"GET / HTTP/1.1" 500 131220
Not Found: /favicon.ico
Not Found: /favicon.ico
"GET /favicon.ico HTTP/1.1" 404 3639
"GET /favicon.ico HTTP/1.1" 404 3639
"GET /dashboard/maker/ HTTP/1.1" 302 0
"GET /dashboard/maker/ HTTP/1.1" 302 0
"GET /accounts/login/?next=/dashboard/maker/ HTTP/1.1" 200 17640
"GET /accounts/login/?next=/dashboard/maker/ HTTP/1.1" 200 17640
"POST /accounts/login/?next=/dashboard/maker/ HTTP/1.1" 200 17993
"POST /accounts/login/?next=/dashboard/maker/ HTTP/1.1" 200 17993
Watching for file changes with StatReloader
Watching for file changes with StatReloader
Internal Server Error: /
Traceback (most recent call last):
  File "C:\abay_repository\venv\Lib\site-packages\django\db\backends\utils.py", line 105, in _execute
    return self.cursor.execute(sql, params)
           ~~~~~~~~~~~~~~~~~~~^^^^^^^^^^^^^
  File "C:\abay_repository\venv\Lib\site-packages\django\db\backends\sqlite3\base.py", line 329, in execute
    return super().execute(query, params)
           ~~~~~~~~~~~~~~~^^^^^^^^^^^^^^^
sqlite3.OperationalError: no such table: books

The above exception was the direct cause of the following exception:

Traceback (most recent call last):
  File "C:\abay_repository\venv\Lib\site-packages\django\core\handlers\exception.py", line 55, in inner
    response = get_response(request)
  File "C:\abay_repository\venv\Lib\site-packages\django\core\handlers\base.py", line 197, in _get_response
    response = wrapped_callback(request, *callback_args, **callback_kwargs)
  File "C:\abay_repository\config\views.py", line 10, in home_view
    total_books = Book.objects.filter(status='published').count()
  File "C:\abay_repository\venv\Lib\site-packages\django\db\models\query.py", line 620, in count
    return self.query.get_count(using=self.db)
           ~~~~~~~~~~~~~~~~~~~~^^^^^^^^^^^^^^^
  File "C:\abay_repository\venv\Lib\site-packages\django\db\models\sql\query.py", line 629, in get_count
    return obj.get_aggregation(using, {"__count": Count("*")})["__count"]
           ~~~~~~~~~~~~~~~~~~~^^^^^^^^^^^^^^^^^^^^^^^^^^^^^^^^
  File "C:\abay_repository\venv\Lib\site-packages\django\db\models\sql\query.py", line 615, in get_aggregation
    result = compiler.execute_sql(SINGLE)
  File "C:\abay_repository\venv\Lib\site-packages\django\db\models\sql\compiler.py", line 1562, in execute_sql
    cursor.execute(sql, params)
    ~~~~~~~~~~~~~~^^^^^^^^^^^^^
  File "C:\abay_repository\venv\Lib\site-packages\django\db\backends\utils.py", line 122, in execute
    return super().execute(sql, params)
           ~~~~~~~~~~~~~~~^^^^^^^^^^^^^
  File "C:\abay_repository\venv\Lib\site-packages\django\db\backends\utils.py", line 79, in execute
    return self._execute_with_wrappers(
           ~~~~~~~~~~~~~~~~~~~~~~~~~~~^
        sql, params, many=False, executor=self._execute
        ^^^^^^^^^^^^^^^^^^^^^^^^^^^^^^^^^^^^^^^^^^^^^^^
    )
    ^
  File "C:\abay_repository\venv\Lib\site-packages\django\db\backends\utils.py", line 92, in _execute_with_wrappers
    return executor(sql, params, many, context)
  File "C:\abay_repository\venv\Lib\site-packages\django\db\backends\utils.py", line 100, in _execute
    with self.db.wrap_database_errors:
         ^^^^^^^^^^^^^^^^^^^^^^^^^^^^
  File "C:\abay_repository\venv\Lib\site-packages\django\db\utils.py", line 91, in __exit__
    raise dj_exc_value.with_traceback(traceback) from exc_value
  File "C:\abay_repository\venv\Lib\site-packages\django\db\backends\utils.py", line 105, in _execute
    return self.cursor.execute(sql, params)
           ~~~~~~~~~~~~~~~~~~~^^^^^^^^^^^^^
  File "C:\abay_repository\venv\Lib\site-packages\django\db\backends\sqlite3\base.py", line 329, in execute
    return super().execute(query, params)
           ~~~~~~~~~~~~~~~^^^^^^^^^^^^^^^
django.db.utils.OperationalError: no such table: books
Internal Server Error: /
Traceback (most recent call last):
  File "C:\abay_repository\venv\Lib\site-packages\django\db\backends\utils.py", line 105, in _execute
    return self.cursor.execute(sql, params)
           ~~~~~~~~~~~~~~~~~~~^^^^^^^^^^^^^
  File "C:\abay_repository\venv\Lib\site-packages\django\db\backends\sqlite3\base.py", line 329, in execute
    return super().execute(query, params)
           ~~~~~~~~~~~~~~~^^^^^^^^^^^^^^^
sqlite3.OperationalError: no such table: books

The above exception was the direct cause of the following exception:

Traceback (most recent call last):
  File "C:\abay_repository\venv\Lib\site-packages\django\core\handlers\exception.py", line 55, in inner
    response = get_response(request)
  File "C:\abay_repository\venv\Lib\site-packages\django\core\handlers\base.py", line 197, in _get_response
    response = wrapped_callback(request, *callback_args, **callback_kwargs)
  File "C:\abay_repository\config\views.py", line 10, in home_view
    total_books = Book.objects.filter(status='published').count()
  File "C:\abay_repository\venv\Lib\site-packages\django\db\models\query.py", line 620, in count
    return self.query.get_count(using=self.db)
           ~~~~~~~~~~~~~~~~~~~~^^^^^^^^^^^^^^^
  File "C:\abay_repository\venv\Lib\site-packages\django\db\models\sql\query.py", line 629, in get_count
    return obj.get_aggregation(using, {"__count": Count("*")})["__count"]
           ~~~~~~~~~~~~~~~~~~~^^^^^^^^^^^^^^^^^^^^^^^^^^^^^^^^
  File "C:\abay_repository\venv\Lib\site-packages\django\db\models\sql\query.py", line 615, in get_aggregation
    result = compiler.execute_sql(SINGLE)
  File "C:\abay_repository\venv\Lib\site-packages\django\db\models\sql\compiler.py", line 1562, in execute_sql
    cursor.execute(sql, params)
    ~~~~~~~~~~~~~~^^^^^^^^^^^^^
  File "C:\abay_repository\venv\Lib\site-packages\django\db\backends\utils.py", line 122, in execute
    return super().execute(sql, params)
           ~~~~~~~~~~~~~~~^^^^^^^^^^^^^
  File "C:\abay_repository\venv\Lib\site-packages\django\db\backends\utils.py", line 79, in execute
    return self._execute_with_wrappers(
           ~~~~~~~~~~~~~~~~~~~~~~~~~~~^
        sql, params, many=False, executor=self._execute
        ^^^^^^^^^^^^^^^^^^^^^^^^^^^^^^^^^^^^^^^^^^^^^^^
    )
    ^
  File "C:\abay_repository\venv\Lib\site-packages\django\db\backends\utils.py", line 92, in _execute_with_wrappers
    return executor(sql, params, many, context)
  File "C:\abay_repository\venv\Lib\site-packages\django\db\backends\utils.py", line 100, in _execute
    with self.db.wrap_database_errors:
         ^^^^^^^^^^^^^^^^^^^^^^^^^^^^
  File "C:\abay_repository\venv\Lib\site-packages\django\db\utils.py", line 91, in __exit__
    raise dj_exc_value.with_traceback(traceback) from exc_value
  File "C:\abay_repository\venv\Lib\site-packages\django\db\backends\utils.py", line 105, in _execute
    return self.cursor.execute(sql, params)
           ~~~~~~~~~~~~~~~~~~~^^^^^^^^^^^^^
  File "C:\abay_repository\venv\Lib\site-packages\django\db\backends\sqlite3\base.py", line 329, in execute
    return super().execute(query, params)
           ~~~~~~~~~~~~~~~^^^^^^^^^^^^^^^
django.db.utils.OperationalError: no such table: books
"GET / HTTP/1.1" 500 131071
"GET / HTTP/1.1" 500 131071
Watching for file changes with StatReloader
Watching for file changes with StatReloader
Internal Server Error: /
Traceback (most recent call last):
  File "C:\abay_repository\venv\Lib\site-packages\django\db\backends\utils.py", line 105, in _execute
    return self.cursor.execute(sql, params)
           ~~~~~~~~~~~~~~~~~~~^^^^^^^^^^^^^
  File "C:\abay_repository\venv\Lib\site-packages\django\db\backends\sqlite3\base.py", line 329, in execute
    return super().execute(query, params)
           ~~~~~~~~~~~~~~~^^^^^^^^^^^^^^^
sqlite3.OperationalError: no such table: books

The above exception was the direct cause of the following exception:

Traceback (most recent call last):
  File "C:\abay_repository\venv\Lib\site-packages\django\core\handlers\exception.py", line 55, in inner
    response = get_response(request)
  File "C:\abay_repository\venv\Lib\site-packages\django\core\handlers\base.py", line 197, in _get_response
    response = wrapped_callback(request, *callback_args, **callback_kwargs)
  File "C:\abay_repository\config\views.py", line 10, in home_view
    total_books = Book.objects.filter(status='published').count()
  File "C:\abay_repository\venv\Lib\site-packages\django\db\models\query.py", line 620, in count
    return self.query.get_count(using=self.db)
           ~~~~~~~~~~~~~~~~~~~~^^^^^^^^^^^^^^^
  File "C:\abay_repository\venv\Lib\site-packages\django\db\models\sql\query.py", line 629, in get_count
    return obj.get_aggregation(using, {"__count": Count("*")})["__count"]
           ~~~~~~~~~~~~~~~~~~~^^^^^^^^^^^^^^^^^^^^^^^^^^^^^^^^
  File "C:\abay_repository\venv\Lib\site-packages\django\db\models\sql\query.py", line 615, in get_aggregation
    result = compiler.execute_sql(SINGLE)
  File "C:\abay_repository\venv\Lib\site-packages\django\db\models\sql\compiler.py", line 1562, in execute_sql
    cursor.execute(sql, params)
    ~~~~~~~~~~~~~~^^^^^^^^^^^^^
  File "C:\abay_repository\venv\Lib\site-packages\django\db\backends\utils.py", line 122, in execute
    return super().execute(sql, params)
           ~~~~~~~~~~~~~~~^^^^^^^^^^^^^
  File "C:\abay_repository\venv\Lib\site-packages\django\db\backends\utils.py", line 79, in execute
    return self._execute_with_wrappers(
           ~~~~~~~~~~~~~~~~~~~~~~~~~~~^
        sql, params, many=False, executor=self._execute
        ^^^^^^^^^^^^^^^^^^^^^^^^^^^^^^^^^^^^^^^^^^^^^^^
    )
    ^
  File "C:\abay_repository\venv\Lib\site-packages\django\db\backends\utils.py", line 92, in _execute_with_wrappers
    return executor(sql, params, many, context)
  File "C:\abay_repository\venv\Lib\site-packages\django\db\backends\utils.py", line 100, in _execute
    with self.db.wrap_database_errors:
         ^^^^^^^^^^^^^^^^^^^^^^^^^^^^
  File "C:\abay_repository\venv\Lib\site-packages\django\db\utils.py", line 91, in __exit__
    raise dj_exc_value.with_traceback(traceback) from exc_value
  File "C:\abay_repository\venv\Lib\site-packages\django\db\backends\utils.py", line 105, in _execute
    return self.cursor.execute(sql, params)
           ~~~~~~~~~~~~~~~~~~~^^^^^^^^^^^^^
  File "C:\abay_repository\venv\Lib\site-packages\django\db\backends\sqlite3\base.py", line 329, in execute
    return super().execute(query, params)
           ~~~~~~~~~~~~~~~^^^^^^^^^^^^^^^
django.db.utils.OperationalError: no such table: books
Internal Server Error: /
Traceback (most recent call last):
  File "C:\abay_repository\venv\Lib\site-packages\django\db\backends\utils.py", line 105, in _execute
    return self.cursor.execute(sql, params)
           ~~~~~~~~~~~~~~~~~~~^^^^^^^^^^^^^
  File "C:\abay_repository\venv\Lib\site-packages\django\db\backends\sqlite3\base.py", line 329, in execute
    return super().execute(query, params)
           ~~~~~~~~~~~~~~~^^^^^^^^^^^^^^^
sqlite3.OperationalError: no such table: books

The above exception was the direct cause of the following exception:

Traceback (most recent call last):
  File "C:\abay_repository\venv\Lib\site-packages\django\core\handlers\exception.py", line 55, in inner
    response = get_response(request)
  File "C:\abay_repository\venv\Lib\site-packages\django\core\handlers\base.py", line 197, in _get_response
    response = wrapped_callback(request, *callback_args, **callback_kwargs)
  File "C:\abay_repository\config\views.py", line 10, in home_view
    total_books = Book.objects.filter(status='published').count()
  File "C:\abay_repository\venv\Lib\site-packages\django\db\models\query.py", line 620, in count
    return self.query.get_count(using=self.db)
           ~~~~~~~~~~~~~~~~~~~~^^^^^^^^^^^^^^^
  File "C:\abay_repository\venv\Lib\site-packages\django\db\models\sql\query.py", line 629, in get_count
    return obj.get_aggregation(using, {"__count": Count("*")})["__count"]
           ~~~~~~~~~~~~~~~~~~~^^^^^^^^^^^^^^^^^^^^^^^^^^^^^^^^
  File "C:\abay_repository\venv\Lib\site-packages\django\db\models\sql\query.py", line 615, in get_aggregation
    result = compiler.execute_sql(SINGLE)
  File "C:\abay_repository\venv\Lib\site-packages\django\db\models\sql\compiler.py", line 1562, in execute_sql
    cursor.execute(sql, params)
    ~~~~~~~~~~~~~~^^^^^^^^^^^^^
  File "C:\abay_repository\venv\Lib\site-packages\django\db\backends\utils.py", line 122, in execute
    return super().execute(sql, params)
           ~~~~~~~~~~~~~~~^^^^^^^^^^^^^
  File "C:\abay_repository\venv\Lib\site-packages\django\db\backends\utils.py", line 79, in execute
    return self._execute_with_wrappers(
           ~~~~~~~~~~~~~~~~~~~~~~~~~~~^
        sql, params, many=False, executor=self._execute
        ^^^^^^^^^^^^^^^^^^^^^^^^^^^^^^^^^^^^^^^^^^^^^^^
    )
    ^
  File "C:\abay_repository\venv\Lib\site-packages\django\db\backends\utils.py", line 92, in _execute_with_wrappers
    return executor(sql, params, many, context)
  File "C:\abay_repository\venv\Lib\site-packages\django\db\backends\utils.py", line 100, in _execute
    with self.db.wrap_database_errors:
         ^^^^^^^^^^^^^^^^^^^^^^^^^^^^
  File "C:\abay_repository\venv\Lib\site-packages\django\db\utils.py", line 91, in __exit__
    raise dj_exc_value.with_traceback(traceback) from exc_value
  File "C:\abay_repository\venv\Lib\site-packages\django\db\backends\utils.py", line 105, in _execute
    return self.cursor.execute(sql, params)
           ~~~~~~~~~~~~~~~~~~~^^^^^^^^^^^^^
  File "C:\abay_repository\venv\Lib\site-packages\django\db\backends\sqlite3\base.py", line 329, in execute
    return super().execute(query, params)
           ~~~~~~~~~~~~~~~^^^^^^^^^^^^^^^
django.db.utils.OperationalError: no such table: books
"GET / HTTP/1.1" 500 131071
"GET / HTTP/1.1" 500 131071
Watching for file changes with StatReloader
Watching for file changes with StatReloader
Internal Server Error: /
Traceback (most recent call last):
  File "C:\abay_repository\venv\Lib\site-packages\django\db\backends\utils.py", line 105, in _execute
    return self.cursor.execute(sql, params)
           ~~~~~~~~~~~~~~~~~~~^^^^^^^^^^^^^
  File "C:\abay_repository\venv\Lib\site-packages\django\db\backends\sqlite3\base.py", line 329, in execute
    return super().execute(query, params)
           ~~~~~~~~~~~~~~~^^^^^^^^^^^^^^^
sqlite3.OperationalError: no such table: books

The above exception was the direct cause of the following exception:

Traceback (most recent call last):
  File "C:\abay_repository\venv\Lib\site-packages\django\core\handlers\exception.py", line 55, in inner
    response = get_response(request)
  File "C:\abay_repository\venv\Lib\site-packages\django\core\handlers\base.py", line 197, in _get_response
    response = wrapped_callback(request, *callback_args, **callback_kwargs)
  File "C:\abay_repository\config\views.py", line 10, in home_view
    total_books = Book.objects.filter(status='published').count()
  File "C:\abay_repository\venv\Lib\site-packages\django\db\models\query.py", line 620, in count
    return self.query.get_count(using=self.db)
           ~~~~~~~~~~~~~~~~~~~~^^^^^^^^^^^^^^^
  File "C:\abay_repository\venv\Lib\site-packages\django\db\models\sql\query.py", line 629, in get_count
    return obj.get_aggregation(using, {"__count": Count("*")})["__count"]
           ~~~~~~~~~~~~~~~~~~~^^^^^^^^^^^^^^^^^^^^^^^^^^^^^^^^
  File "C:\abay_repository\venv\Lib\site-packages\django\db\models\sql\query.py", line 615, in get_aggregation
    result = compiler.execute_sql(SINGLE)
  File "C:\abay_repository\venv\Lib\site-packages\django\db\models\sql\compiler.py", line 1562, in execute_sql
    cursor.execute(sql, params)
    ~~~~~~~~~~~~~~^^^^^^^^^^^^^
  File "C:\abay_repository\venv\Lib\site-packages\django\db\backends\utils.py", line 122, in execute
    return super().execute(sql, params)
           ~~~~~~~~~~~~~~~^^^^^^^^^^^^^
  File "C:\abay_repository\venv\Lib\site-packages\django\db\backends\utils.py", line 79, in execute
    return self._execute_with_wrappers(
           ~~~~~~~~~~~~~~~~~~~~~~~~~~~^
        sql, params, many=False, executor=self._execute
        ^^^^^^^^^^^^^^^^^^^^^^^^^^^^^^^^^^^^^^^^^^^^^^^
    )
    ^
  File "C:\abay_repository\venv\Lib\site-packages\django\db\backends\utils.py", line 92, in _execute_with_wrappers
    return executor(sql, params, many, context)
  File "C:\abay_repository\venv\Lib\site-packages\django\db\backends\utils.py", line 100, in _execute
    with self.db.wrap_database_errors:
         ^^^^^^^^^^^^^^^^^^^^^^^^^^^^
  File "C:\abay_repository\venv\Lib\site-packages\django\db\utils.py", line 91, in __exit__
    raise dj_exc_value.with_traceback(traceback) from exc_value
  File "C:\abay_repository\venv\Lib\site-packages\django\db\backends\utils.py", line 105, in _execute
    return self.cursor.execute(sql, params)
           ~~~~~~~~~~~~~~~~~~~^^^^^^^^^^^^^
  File "C:\abay_repository\venv\Lib\site-packages\django\db\backends\sqlite3\base.py", line 329, in execute
    return super().execute(query, params)
           ~~~~~~~~~~~~~~~^^^^^^^^^^^^^^^
django.db.utils.OperationalError: no such table: books
Internal Server Error: /
Traceback (most recent call last):
  File "C:\abay_repository\venv\Lib\site-packages\django\db\backends\utils.py", line 105, in _execute
    return self.cursor.execute(sql, params)
           ~~~~~~~~~~~~~~~~~~~^^^^^^^^^^^^^
  File "C:\abay_repository\venv\Lib\site-packages\django\db\backends\sqlite3\base.py", line 329, in execute
    return super().execute(query, params)
           ~~~~~~~~~~~~~~~^^^^^^^^^^^^^^^
sqlite3.OperationalError: no such table: books

The above exception was the direct cause of the following exception:

Traceback (most recent call last):
  File "C:\abay_repository\venv\Lib\site-packages\django\core\handlers\exception.py", line 55, in inner
    response = get_response(request)
  File "C:\abay_repository\venv\Lib\site-packages\django\core\handlers\base.py", line 197, in _get_response
    response = wrapped_callback(request, *callback_args, **callback_kwargs)
  File "C:\abay_repository\config\views.py", line 10, in home_view
    total_books = Book.objects.filter(status='published').count()
  File "C:\abay_repository\venv\Lib\site-packages\django\db\models\query.py", line 620, in count
    return self.query.get_count(using=self.db)
           ~~~~~~~~~~~~~~~~~~~~^^^^^^^^^^^^^^^
  File "C:\abay_repository\venv\Lib\site-packages\django\db\models\sql\query.py", line 629, in get_count
    return obj.get_aggregation(using, {"__count": Count("*")})["__count"]
           ~~~~~~~~~~~~~~~~~~~^^^^^^^^^^^^^^^^^^^^^^^^^^^^^^^^
  File "C:\abay_repository\venv\Lib\site-packages\django\db\models\sql\query.py", line 615, in get_aggregation
    result = compiler.execute_sql(SINGLE)
  File "C:\abay_repository\venv\Lib\site-packages\django\db\models\sql\compiler.py", line 1562, in execute_sql
    cursor.execute(sql, params)
    ~~~~~~~~~~~~~~^^^^^^^^^^^^^
  File "C:\abay_repository\venv\Lib\site-packages\django\db\backends\utils.py", line 122, in execute
    return super().execute(sql, params)
           ~~~~~~~~~~~~~~~^^^^^^^^^^^^^
  File "C:\abay_repository\venv\Lib\site-packages\django\db\backends\utils.py", line 79, in execute
    return self._execute_with_wrappers(
           ~~~~~~~~~~~~~~~~~~~~~~~~~~~^
        sql, params, many=False, executor=self._execute
        ^^^^^^^^^^^^^^^^^^^^^^^^^^^^^^^^^^^^^^^^^^^^^^^
    )
    ^
  File "C:\abay_repository\venv\Lib\site-packages\django\db\backends\utils.py", line 92, in _execute_with_wrappers
    return executor(sql, params, many, context)
  File "C:\abay_repository\venv\Lib\site-packages\django\db\backends\utils.py", line 100, in _execute
    with self.db.wrap_database_errors:
         ^^^^^^^^^^^^^^^^^^^^^^^^^^^^
  File "C:\abay_repository\venv\Lib\site-packages\django\db\utils.py", line 91, in __exit__
    raise dj_exc_value.with_traceback(traceback) from exc_value
  File "C:\abay_repository\venv\Lib\site-packages\django\db\backends\utils.py", line 105, in _execute
    return self.cursor.execute(sql, params)
           ~~~~~~~~~~~~~~~~~~~^^^^^^^^^^^^^
  File "C:\abay_repository\venv\Lib\site-packages\django\db\backends\sqlite3\base.py", line 329, in execute
    return super().execute(query, params)
           ~~~~~~~~~~~~~~~^^^^^^^^^^^^^^^
django.db.utils.OperationalError: no such table: books
"GET / HTTP/1.1" 500 131071
"GET / HTTP/1.1" 500 131071
Internal Server Error: /
Traceback (most recent call last):
  File "C:\abay_repository\venv\Lib\site-packages\django\db\backends\utils.py", line 105, in _execute
    return self.cursor.execute(sql, params)
           ~~~~~~~~~~~~~~~~~~~^^^^^^^^^^^^^
  File "C:\abay_repository\venv\Lib\site-packages\django\db\backends\sqlite3\base.py", line 329, in execute
    return super().execute(query, params)
           ~~~~~~~~~~~~~~~^^^^^^^^^^^^^^^
sqlite3.OperationalError: no such table: books

The above exception was the direct cause of the following exception:

Traceback (most recent call last):
  File "C:\abay_repository\venv\Lib\site-packages\django\core\handlers\exception.py", line 55, in inner
    response = get_response(request)
  File "C:\abay_repository\venv\Lib\site-packages\django\core\handlers\base.py", line 197, in _get_response
    response = wrapped_callback(request, *callback_args, **callback_kwargs)
  File "C:\abay_repository\config\views.py", line 10, in home_view
    total_books = Book.objects.filter(status='published').count()
  File "C:\abay_repository\venv\Lib\site-packages\django\db\models\query.py", line 620, in count
    return self.query.get_count(using=self.db)
           ~~~~~~~~~~~~~~~~~~~~^^^^^^^^^^^^^^^
  File "C:\abay_repository\venv\Lib\site-packages\django\db\models\sql\query.py", line 629, in get_count
    return obj.get_aggregation(using, {"__count": Count("*")})["__count"]
           ~~~~~~~~~~~~~~~~~~~^^^^^^^^^^^^^^^^^^^^^^^^^^^^^^^^
  File "C:\abay_repository\venv\Lib\site-packages\django\db\models\sql\query.py", line 615, in get_aggregation
    result = compiler.execute_sql(SINGLE)
  File "C:\abay_repository\venv\Lib\site-packages\django\db\models\sql\compiler.py", line 1562, in execute_sql
    cursor.execute(sql, params)
    ~~~~~~~~~~~~~~^^^^^^^^^^^^^
  File "C:\abay_repository\venv\Lib\site-packages\django\db\backends\utils.py", line 122, in execute
    return super().execute(sql, params)
           ~~~~~~~~~~~~~~~^^^^^^^^^^^^^
  File "C:\abay_repository\venv\Lib\site-packages\django\db\backends\utils.py", line 79, in execute
    return self._execute_with_wrappers(
           ~~~~~~~~~~~~~~~~~~~~~~~~~~~^
        sql, params, many=False, executor=self._execute
        ^^^^^^^^^^^^^^^^^^^^^^^^^^^^^^^^^^^^^^^^^^^^^^^
    )
    ^
  File "C:\abay_repository\venv\Lib\site-packages\django\db\backends\utils.py", line 92, in _execute_with_wrappers
    return executor(sql, params, many, context)
  File "C:\abay_repository\venv\Lib\site-packages\django\db\backends\utils.py", line 100, in _execute
    with self.db.wrap_database_errors:
         ^^^^^^^^^^^^^^^^^^^^^^^^^^^^
  File "C:\abay_repository\venv\Lib\site-packages\django\db\utils.py", line 91, in __exit__
    raise dj_exc_value.with_traceback(traceback) from exc_value
  File "C:\abay_repository\venv\Lib\site-packages\django\db\backends\utils.py", line 105, in _execute
    return self.cursor.execute(sql, params)
           ~~~~~~~~~~~~~~~~~~~^^^^^^^^^^^^^
  File "C:\abay_repository\venv\Lib\site-packages\django\db\backends\sqlite3\base.py", line 329, in execute
    return super().execute(query, params)
           ~~~~~~~~~~~~~~~^^^^^^^^^^^^^^^
django.db.utils.OperationalError: no such table: books
Internal Server Error: /
Traceback (most recent call last):
  File "C:\abay_repository\venv\Lib\site-packages\django\db\backends\utils.py", line 105, in _execute
    return self.cursor.execute(sql, params)
           ~~~~~~~~~~~~~~~~~~~^^^^^^^^^^^^^
  File "C:\abay_repository\venv\Lib\site-packages\django\db\backends\sqlite3\base.py", line 329, in execute
    return super().execute(query, params)
           ~~~~~~~~~~~~~~~^^^^^^^^^^^^^^^
sqlite3.OperationalError: no such table: books

The above exception was the direct cause of the following exception:

Traceback (most recent call last):
  File "C:\abay_repository\venv\Lib\site-packages\django\core\handlers\exception.py", line 55, in inner
    response = get_response(request)
  File "C:\abay_repository\venv\Lib\site-packages\django\core\handlers\base.py", line 197, in _get_response
    response = wrapped_callback(request, *callback_args, **callback_kwargs)
  File "C:\abay_repository\config\views.py", line 10, in home_view
    total_books = Book.objects.filter(status='published').count()
  File "C:\abay_repository\venv\Lib\site-packages\django\db\models\query.py", line 620, in count
    return self.query.get_count(using=self.db)
           ~~~~~~~~~~~~~~~~~~~~^^^^^^^^^^^^^^^
  File "C:\abay_repository\venv\Lib\site-packages\django\db\models\sql\query.py", line 629, in get_count
    return obj.get_aggregation(using, {"__count": Count("*")})["__count"]
           ~~~~~~~~~~~~~~~~~~~^^^^^^^^^^^^^^^^^^^^^^^^^^^^^^^^
  File "C:\abay_repository\venv\Lib\site-packages\django\db\models\sql\query.py", line 615, in get_aggregation
    result = compiler.execute_sql(SINGLE)
  File "C:\abay_repository\venv\Lib\site-packages\django\db\models\sql\compiler.py", line 1562, in execute_sql
    cursor.execute(sql, params)
    ~~~~~~~~~~~~~~^^^^^^^^^^^^^
  File "C:\abay_repository\venv\Lib\site-packages\django\db\backends\utils.py", line 122, in execute
    return super().execute(sql, params)
           ~~~~~~~~~~~~~~~^^^^^^^^^^^^^
  File "C:\abay_repository\venv\Lib\site-packages\django\db\backends\utils.py", line 79, in execute
    return self._execute_with_wrappers(
           ~~~~~~~~~~~~~~~~~~~~~~~~~~~^
        sql, params, many=False, executor=self._execute
        ^^^^^^^^^^^^^^^^^^^^^^^^^^^^^^^^^^^^^^^^^^^^^^^
    )
    ^
  File "C:\abay_repository\venv\Lib\site-packages\django\db\backends\utils.py", line 92, in _execute_with_wrappers
    return executor(sql, params, many, context)
  File "C:\abay_repository\venv\Lib\site-packages\django\db\backends\utils.py", line 100, in _execute
    with self.db.wrap_database_errors:
         ^^^^^^^^^^^^^^^^^^^^^^^^^^^^
  File "C:\abay_repository\venv\Lib\site-packages\django\db\utils.py", line 91, in __exit__
    raise dj_exc_value.with_traceback(traceback) from exc_value
  File "C:\abay_repository\venv\Lib\site-packages\django\db\backends\utils.py", line 105, in _execute
    return self.cursor.execute(sql, params)
           ~~~~~~~~~~~~~~~~~~~^^^^^^^^^^^^^
  File "C:\abay_repository\venv\Lib\site-packages\django\db\backends\sqlite3\base.py", line 329, in execute
    return super().execute(query, params)
           ~~~~~~~~~~~~~~~^^^^^^^^^^^^^^^
django.db.utils.OperationalError: no such table: books
"GET / HTTP/1.1" 500 130784
"GET / HTTP/1.1" 500 130784
Internal Server Error: /
Traceback (most recent call last):
  File "C:\abay_repository\venv\Lib\site-packages\django\db\backends\utils.py", line 105, in _execute
    return self.cursor.execute(sql, params)
           ~~~~~~~~~~~~~~~~~~~^^^^^^^^^^^^^
  File "C:\abay_repository\venv\Lib\site-packages\django\db\backends\sqlite3\base.py", line 329, in execute
    return super().execute(query, params)
           ~~~~~~~~~~~~~~~^^^^^^^^^^^^^^^
sqlite3.OperationalError: no such table: books

The above exception was the direct cause of the following exception:

Traceback (most recent call last):
  File "C:\abay_repository\venv\Lib\site-packages\django\core\handlers\exception.py", line 55, in inner
    response = get_response(request)
  File "C:\abay_repository\venv\Lib\site-packages\django\core\handlers\base.py", line 197, in _get_response
    response = wrapped_callback(request, *callback_args, **callback_kwargs)
  File "C:\abay_repository\config\views.py", line 10, in home_view
    total_books = Book.objects.filter(status='published').count()
  File "C:\abay_repository\venv\Lib\site-packages\django\db\models\query.py", line 620, in count
    return self.query.get_count(using=self.db)
           ~~~~~~~~~~~~~~~~~~~~^^^^^^^^^^^^^^^
  File "C:\abay_repository\venv\Lib\site-packages\django\db\models\sql\query.py", line 629, in get_count
    return obj.get_aggregation(using, {"__count": Count("*")})["__count"]
           ~~~~~~~~~~~~~~~~~~~^^^^^^^^^^^^^^^^^^^^^^^^^^^^^^^^
  File "C:\abay_repository\venv\Lib\site-packages\django\db\models\sql\query.py", line 615, in get_aggregation
    result = compiler.execute_sql(SINGLE)
  File "C:\abay_repository\venv\Lib\site-packages\django\db\models\sql\compiler.py", line 1562, in execute_sql
    cursor.execute(sql, params)
    ~~~~~~~~~~~~~~^^^^^^^^^^^^^
  File "C:\abay_repository\venv\Lib\site-packages\django\db\backends\utils.py", line 122, in execute
    return super().execute(sql, params)
           ~~~~~~~~~~~~~~~^^^^^^^^^^^^^
  File "C:\abay_repository\venv\Lib\site-packages\django\db\backends\utils.py", line 79, in execute
    return self._execute_with_wrappers(
           ~~~~~~~~~~~~~~~~~~~~~~~~~~~^
        sql, params, many=False, executor=self._execute
        ^^^^^^^^^^^^^^^^^^^^^^^^^^^^^^^^^^^^^^^^^^^^^^^
    )
    ^
  File "C:\abay_repository\venv\Lib\site-packages\django\db\backends\utils.py", line 92, in _execute_with_wrappers
    return executor(sql, params, many, context)
  File "C:\abay_repository\venv\Lib\site-packages\django\db\backends\utils.py", line 100, in _execute
    with self.db.wrap_database_errors:
         ^^^^^^^^^^^^^^^^^^^^^^^^^^^^
  File "C:\abay_repository\venv\Lib\site-packages\django\db\utils.py", line 91, in __exit__
    raise dj_exc_value.with_traceback(traceback) from exc_value
  File "C:\abay_repository\venv\Lib\site-packages\django\db\backends\utils.py", line 105, in _execute
    return self.cursor.execute(sql, params)
           ~~~~~~~~~~~~~~~~~~~^^^^^^^^^^^^^
  File "C:\abay_repository\venv\Lib\site-packages\django\db\backends\sqlite3\base.py", line 329, in execute
    return super().execute(query, params)
           ~~~~~~~~~~~~~~~^^^^^^^^^^^^^^^
django.db.utils.OperationalError: no such table: books
Internal Server Error: /
Traceback (most recent call last):
  File "C:\abay_repository\venv\Lib\site-packages\django\db\backends\utils.py", line 105, in _execute
    return self.cursor.execute(sql, params)
           ~~~~~~~~~~~~~~~~~~~^^^^^^^^^^^^^
  File "C:\abay_repository\venv\Lib\site-packages\django\db\backends\sqlite3\base.py", line 329, in execute
    return super().execute(query, params)
           ~~~~~~~~~~~~~~~^^^^^^^^^^^^^^^
sqlite3.OperationalError: no such table: books

The above exception was the direct cause of the following exception:

Traceback (most recent call last):
  File "C:\abay_repository\venv\Lib\site-packages\django\core\handlers\exception.py", line 55, in inner
    response = get_response(request)
  File "C:\abay_repository\venv\Lib\site-packages\django\core\handlers\base.py", line 197, in _get_response
    response = wrapped_callback(request, *callback_args, **callback_kwargs)
  File "C:\abay_repository\config\views.py", line 10, in home_view
    total_books = Book.objects.filter(status='published').count()
  File "C:\abay_repository\venv\Lib\site-packages\django\db\models\query.py", line 620, in count
    return self.query.get_count(using=self.db)
           ~~~~~~~~~~~~~~~~~~~~^^^^^^^^^^^^^^^
  File "C:\abay_repository\venv\Lib\site-packages\django\db\models\sql\query.py", line 629, in get_count
    return obj.get_aggregation(using, {"__count": Count("*")})["__count"]
           ~~~~~~~~~~~~~~~~~~~^^^^^^^^^^^^^^^^^^^^^^^^^^^^^^^^
  File "C:\abay_repository\venv\Lib\site-packages\django\db\models\sql\query.py", line 615, in get_aggregation
    result = compiler.execute_sql(SINGLE)
  File "C:\abay_repository\venv\Lib\site-packages\django\db\models\sql\compiler.py", line 1562, in execute_sql
    cursor.execute(sql, params)
    ~~~~~~~~~~~~~~^^^^^^^^^^^^^
  File "C:\abay_repository\venv\Lib\site-packages\django\db\backends\utils.py", line 122, in execute
    return super().execute(sql, params)
           ~~~~~~~~~~~~~~~^^^^^^^^^^^^^
  File "C:\abay_repository\venv\Lib\site-packages\django\db\backends\utils.py", line 79, in execute
    return self._execute_with_wrappers(
           ~~~~~~~~~~~~~~~~~~~~~~~~~~~^
        sql, params, many=False, executor=self._execute
        ^^^^^^^^^^^^^^^^^^^^^^^^^^^^^^^^^^^^^^^^^^^^^^^
    )
    ^
  File "C:\abay_repository\venv\Lib\site-packages\django\db\backends\utils.py", line 92, in _execute_with_wrappers
    return executor(sql, params, many, context)
  File "C:\abay_repository\venv\Lib\site-packages\django\db\backends\utils.py", line 100, in _execute
    with self.db.wrap_database_errors:
         ^^^^^^^^^^^^^^^^^^^^^^^^^^^^
  File "C:\abay_repository\venv\Lib\site-packages\django\db\utils.py", line 91, in __exit__
    raise dj_exc_value.with_traceback(traceback) from exc_value
  File "C:\abay_repository\venv\Lib\site-packages\django\db\backends\utils.py", line 105, in _execute
    return self.cursor.execute(sql, params)
           ~~~~~~~~~~~~~~~~~~~^^^^^^^^^^^^^
  File "C:\abay_repository\venv\Lib\site-packages\django\db\backends\sqlite3\base.py", line 329, in execute
    return super().execute(query, params)
           ~~~~~~~~~~~~~~~^^^^^^^^^^^^^^^
django.db.utils.OperationalError: no such table: books
"GET / HTTP/1.1" 500 130784
"GET / HTTP/1.1" 500 130784
Internal Server Error: /
Traceback (most recent call last):
  File "C:\abay_repository\venv\Lib\site-packages\django\db\backends\utils.py", line 105, in _execute
    return self.cursor.execute(sql, params)
           ~~~~~~~~~~~~~~~~~~~^^^^^^^^^^^^^
  File "C:\abay_repository\venv\Lib\site-packages\django\db\backends\sqlite3\base.py", line 329, in execute
    return super().execute(query, params)
           ~~~~~~~~~~~~~~~^^^^^^^^^^^^^^^
sqlite3.OperationalError: no such table: books

The above exception was the direct cause of the following exception:

Traceback (most recent call last):
  File "C:\abay_repository\venv\Lib\site-packages\django\core\handlers\exception.py", line 55, in inner
    response = get_response(request)
  File "C:\abay_repository\venv\Lib\site-packages\django\core\handlers\base.py", line 197, in _get_response
    response = wrapped_callback(request, *callback_args, **callback_kwargs)
  File "C:\abay_repository\config\views.py", line 10, in home_view
    total_books = Book.objects.filter(status='published').count()
  File "C:\abay_repository\venv\Lib\site-packages\django\db\models\query.py", line 620, in count
    return self.query.get_count(using=self.db)
           ~~~~~~~~~~~~~~~~~~~~^^^^^^^^^^^^^^^
  File "C:\abay_repository\venv\Lib\site-packages\django\db\models\sql\query.py", line 629, in get_count
    return obj.get_aggregation(using, {"__count": Count("*")})["__count"]
           ~~~~~~~~~~~~~~~~~~~^^^^^^^^^^^^^^^^^^^^^^^^^^^^^^^^
  File "C:\abay_repository\venv\Lib\site-packages\django\db\models\sql\query.py", line 615, in get_aggregation
    result = compiler.execute_sql(SINGLE)
  File "C:\abay_repository\venv\Lib\site-packages\django\db\models\sql\compiler.py", line 1562, in execute_sql
    cursor.execute(sql, params)
    ~~~~~~~~~~~~~~^^^^^^^^^^^^^
  File "C:\abay_repository\venv\Lib\site-packages\django\db\backends\utils.py", line 122, in execute
    return super().execute(sql, params)
           ~~~~~~~~~~~~~~~^^^^^^^^^^^^^
  File "C:\abay_repository\venv\Lib\site-packages\django\db\backends\utils.py", line 79, in execute
    return self._execute_with_wrappers(
           ~~~~~~~~~~~~~~~~~~~~~~~~~~~^
        sql, params, many=False, executor=self._execute
        ^^^^^^^^^^^^^^^^^^^^^^^^^^^^^^^^^^^^^^^^^^^^^^^
    )
    ^
  File "C:\abay_repository\venv\Lib\site-packages\django\db\backends\utils.py", line 92, in _execute_with_wrappers
    return executor(sql, params, many, context)
  File "C:\abay_repository\venv\Lib\site-packages\django\db\backends\utils.py", line 100, in _execute
    with self.db.wrap_database_errors:
         ^^^^^^^^^^^^^^^^^^^^^^^^^^^^
  File "C:\abay_repository\venv\Lib\site-packages\django\db\utils.py", line 91, in __exit__
    raise dj_exc_value.with_traceback(traceback) from exc_value
  File "C:\abay_repository\venv\Lib\site-packages\django\db\backends\utils.py", line 105, in _execute
    return self.cursor.execute(sql, params)
           ~~~~~~~~~~~~~~~~~~~^^^^^^^^^^^^^
  File "C:\abay_repository\venv\Lib\site-packages\django\db\backends\sqlite3\base.py", line 329, in execute
    return super().execute(query, params)
           ~~~~~~~~~~~~~~~^^^^^^^^^^^^^^^
django.db.utils.OperationalError: no such table: books
Internal Server Error: /
Traceback (most recent call last):
  File "C:\abay_repository\venv\Lib\site-packages\django\db\backends\utils.py", line 105, in _execute
    return self.cursor.execute(sql, params)
           ~~~~~~~~~~~~~~~~~~~^^^^^^^^^^^^^
  File "C:\abay_repository\venv\Lib\site-packages\django\db\backends\sqlite3\base.py", line 329, in execute
    return super().execute(query, params)
           ~~~~~~~~~~~~~~~^^^^^^^^^^^^^^^
sqlite3.OperationalError: no such table: books

The above exception was the direct cause of the following exception:

Traceback (most recent call last):
  File "C:\abay_repository\venv\Lib\site-packages\django\core\handlers\exception.py", line 55, in inner
    response = get_response(request)
  File "C:\abay_repository\venv\Lib\site-packages\django\core\handlers\base.py", line 197, in _get_response
    response = wrapped_callback(request, *callback_args, **callback_kwargs)
  File "C:\abay_repository\config\views.py", line 10, in home_view
    total_books = Book.objects.filter(status='published').count()
  File "C:\abay_repository\venv\Lib\site-packages\django\db\models\query.py", line 620, in count
    return self.query.get_count(using=self.db)
           ~~~~~~~~~~~~~~~~~~~~^^^^^^^^^^^^^^^
  File "C:\abay_repository\venv\Lib\site-packages\django\db\models\sql\query.py", line 629, in get_count
    return obj.get_aggregation(using, {"__count": Count("*")})["__count"]
           ~~~~~~~~~~~~~~~~~~~^^^^^^^^^^^^^^^^^^^^^^^^^^^^^^^^
  File "C:\abay_repository\venv\Lib\site-packages\django\db\models\sql\query.py", line 615, in get_aggregation
    result = compiler.execute_sql(SINGLE)
  File "C:\abay_repository\venv\Lib\site-packages\django\db\models\sql\compiler.py", line 1562, in execute_sql
    cursor.execute(sql, params)
    ~~~~~~~~~~~~~~^^^^^^^^^^^^^
  File "C:\abay_repository\venv\Lib\site-packages\django\db\backends\utils.py", line 122, in execute
    return super().execute(sql, params)
           ~~~~~~~~~~~~~~~^^^^^^^^^^^^^
  File "C:\abay_repository\venv\Lib\site-packages\django\db\backends\utils.py", line 79, in execute
    return self._execute_with_wrappers(
           ~~~~~~~~~~~~~~~~~~~~~~~~~~~^
        sql, params, many=False, executor=self._execute
        ^^^^^^^^^^^^^^^^^^^^^^^^^^^^^^^^^^^^^^^^^^^^^^^
    )
    ^
  File "C:\abay_repository\venv\Lib\site-packages\django\db\backends\utils.py", line 92, in _execute_with_wrappers
    return executor(sql, params, many, context)
  File "C:\abay_repository\venv\Lib\site-packages\django\db\backends\utils.py", line 100, in _execute
    with self.db.wrap_database_errors:
         ^^^^^^^^^^^^^^^^^^^^^^^^^^^^
  File "C:\abay_repository\venv\Lib\site-packages\django\db\utils.py", line 91, in __exit__
    raise dj_exc_value.with_traceback(traceback) from exc_value
  File "C:\abay_repository\venv\Lib\site-packages\django\db\backends\utils.py", line 105, in _execute
    return self.cursor.execute(sql, params)
           ~~~~~~~~~~~~~~~~~~~^^^^^^^^^^^^^
  File "C:\abay_repository\venv\Lib\site-packages\django\db\backends\sqlite3\base.py", line 329, in execute
    return super().execute(query, params)
           ~~~~~~~~~~~~~~~^^^^^^^^^^^^^^^
django.db.utils.OperationalError: no such table: books
"GET / HTTP/1.1" 500 130973
"GET / HTTP/1.1" 500 130973
C:\abay_repository\books\models.py changed, reloading.
C:\abay_repository\books\models.py changed, reloading.
Watching for file changes with StatReloader
Watching for file changes with StatReloader
C:\abay_repository\books\models.py changed, reloading.
C:\abay_repository\books\models.py changed, reloading.
Watching for file changes with StatReloader
Watching for file changes with StatReloader
"GET /accounts/register/author/ HTTP/1.1" 200 45961
"GET /accounts/register/author/ HTTP/1.1" 200 45961
Internal Server Error: /
Traceback (most recent call last):
  File "C:\abay_repository\venv\Lib\site-packages\django\db\backends\utils.py", line 105, in _execute
    return self.cursor.execute(sql, params)
           ~~~~~~~~~~~~~~~~~~~^^^^^^^^^^^^^
  File "C:\abay_repository\venv\Lib\site-packages\django\db\backends\sqlite3\base.py", line 329, in execute
    return super().execute(query, params)
           ~~~~~~~~~~~~~~~^^^^^^^^^^^^^^^
sqlite3.OperationalError: no such table: books

The above exception was the direct cause of the following exception:

Traceback (most recent call last):
  File "C:\abay_repository\venv\Lib\site-packages\django\core\handlers\exception.py", line 55, in inner
    response = get_response(request)
  File "C:\abay_repository\venv\Lib\site-packages\django\core\handlers\base.py", line 197, in _get_response
    response = wrapped_callback(request, *callback_args, **callback_kwargs)
  File "C:\abay_repository\config\views.py", line 10, in home_view
    total_books = Book.objects.filter(status='published').count()
  File "C:\abay_repository\venv\Lib\site-packages\django\db\models\query.py", line 620, in count
    return self.query.get_count(using=self.db)
           ~~~~~~~~~~~~~~~~~~~~^^^^^^^^^^^^^^^
  File "C:\abay_repository\venv\Lib\site-packages\django\db\models\sql\query.py", line 629, in get_count
    return obj.get_aggregation(using, {"__count": Count("*")})["__count"]
           ~~~~~~~~~~~~~~~~~~~^^^^^^^^^^^^^^^^^^^^^^^^^^^^^^^^
  File "C:\abay_repository\venv\Lib\site-packages\django\db\models\sql\query.py", line 615, in get_aggregation
    result = compiler.execute_sql(SINGLE)
  File "C:\abay_repository\venv\Lib\site-packages\django\db\models\sql\compiler.py", line 1562, in execute_sql
    cursor.execute(sql, params)
    ~~~~~~~~~~~~~~^^^^^^^^^^^^^
  File "C:\abay_repository\venv\Lib\site-packages\django\db\backends\utils.py", line 122, in execute
    return super().execute(sql, params)
           ~~~~~~~~~~~~~~~^^^^^^^^^^^^^
  File "C:\abay_repository\venv\Lib\site-packages\django\db\backends\utils.py", line 79, in execute
    return self._execute_with_wrappers(
           ~~~~~~~~~~~~~~~~~~~~~~~~~~~^
        sql, params, many=False, executor=self._execute
        ^^^^^^^^^^^^^^^^^^^^^^^^^^^^^^^^^^^^^^^^^^^^^^^
    )
    ^
  File "C:\abay_repository\venv\Lib\site-packages\django\db\backends\utils.py", line 92, in _execute_with_wrappers
    return executor(sql, params, many, context)
  File "C:\abay_repository\venv\Lib\site-packages\django\db\backends\utils.py", line 100, in _execute
    with self.db.wrap_database_errors:
         ^^^^^^^^^^^^^^^^^^^^^^^^^^^^
  File "C:\abay_repository\venv\Lib\site-packages\django\db\utils.py", line 91, in __exit__
    raise dj_exc_value.with_traceback(traceback) from exc_value
  File "C:\abay_repository\venv\Lib\site-packages\django\db\backends\utils.py", line 105, in _execute
    return self.cursor.execute(sql, params)
           ~~~~~~~~~~~~~~~~~~~^^^^^^^^^^^^^
  File "C:\abay_repository\venv\Lib\site-packages\django\db\backends\sqlite3\base.py", line 329, in execute
    return super().execute(query, params)
           ~~~~~~~~~~~~~~~^^^^^^^^^^^^^^^
django.db.utils.OperationalError: no such table: books
Internal Server Error: /
Traceback (most recent call last):
  File "C:\abay_repository\venv\Lib\site-packages\django\db\backends\utils.py", line 105, in _execute
    return self.cursor.execute(sql, params)
           ~~~~~~~~~~~~~~~~~~~^^^^^^^^^^^^^
  File "C:\abay_repository\venv\Lib\site-packages\django\db\backends\sqlite3\base.py", line 329, in execute
    return super().execute(query, params)
           ~~~~~~~~~~~~~~~^^^^^^^^^^^^^^^
sqlite3.OperationalError: no such table: books

The above exception was the direct cause of the following exception:

Traceback (most recent call last):
  File "C:\abay_repository\venv\Lib\site-packages\django\core\handlers\exception.py", line 55, in inner
    response = get_response(request)
  File "C:\abay_repository\venv\Lib\site-packages\django\core\handlers\base.py", line 197, in _get_response
    response = wrapped_callback(request, *callback_args, **callback_kwargs)
  File "C:\abay_repository\config\views.py", line 10, in home_view
    total_books = Book.objects.filter(status='published').count()
  File "C:\abay_repository\venv\Lib\site-packages\django\db\models\query.py", line 620, in count
    return self.query.get_count(using=self.db)
           ~~~~~~~~~~~~~~~~~~~~^^^^^^^^^^^^^^^
  File "C:\abay_repository\venv\Lib\site-packages\django\db\models\sql\query.py", line 629, in get_count
    return obj.get_aggregation(using, {"__count": Count("*")})["__count"]
           ~~~~~~~~~~~~~~~~~~~^^^^^^^^^^^^^^^^^^^^^^^^^^^^^^^^
  File "C:\abay_repository\venv\Lib\site-packages\django\db\models\sql\query.py", line 615, in get_aggregation
    result = compiler.execute_sql(SINGLE)
  File "C:\abay_repository\venv\Lib\site-packages\django\db\models\sql\compiler.py", line 1562, in execute_sql
    cursor.execute(sql, params)
    ~~~~~~~~~~~~~~^^^^^^^^^^^^^
  File "C:\abay_repository\venv\Lib\site-packages\django\db\backends\utils.py", line 122, in execute
    return super().execute(sql, params)
           ~~~~~~~~~~~~~~~^^^^^^^^^^^^^
  File "C:\abay_repository\venv\Lib\site-packages\django\db\backends\utils.py", line 79, in execute
    return self._execute_with_wrappers(
           ~~~~~~~~~~~~~~~~~~~~~~~~~~~^
        sql, params, many=False, executor=self._execute
        ^^^^^^^^^^^^^^^^^^^^^^^^^^^^^^^^^^^^^^^^^^^^^^^
    )
    ^
  File "C:\abay_repository\venv\Lib\site-packages\django\db\backends\utils.py", line 92, in _execute_with_wrappers
    return executor(sql, params, many, context)
  File "C:\abay_repository\venv\Lib\site-packages\django\db\backends\utils.py", line 100, in _execute
    with self.db.wrap_database_errors:
         ^^^^^^^^^^^^^^^^^^^^^^^^^^^^
  File "C:\abay_repository\venv\Lib\site-packages\django\db\utils.py", line 91, in __exit__
    raise dj_exc_value.with_traceback(traceback) from exc_value
  File "C:\abay_repository\venv\Lib\site-packages\django\db\backends\utils.py", line 105, in _execute
    return self.cursor.execute(sql, params)
           ~~~~~~~~~~~~~~~~~~~^^^^^^^^^^^^^
  File "C:\abay_repository\venv\Lib\site-packages\django\db\backends\sqlite3\base.py", line 329, in execute
    return super().execute(query, params)
           ~~~~~~~~~~~~~~~^^^^^^^^^^^^^^^
django.db.utils.OperationalError: no such table: books
"GET / HTTP/1.1" 500 130960
"GET / HTTP/1.1" 500 130960
Internal Server Error: /
Traceback (most recent call last):
  File "C:\abay_repository\venv\Lib\site-packages\django\db\backends\utils.py", line 105, in _execute
    return self.cursor.execute(sql, params)
           ~~~~~~~~~~~~~~~~~~~^^^^^^^^^^^^^
  File "C:\abay_repository\venv\Lib\site-packages\django\db\backends\sqlite3\base.py", line 329, in execute
    return super().execute(query, params)
           ~~~~~~~~~~~~~~~^^^^^^^^^^^^^^^
sqlite3.OperationalError: no such table: books

The above exception was the direct cause of the following exception:

Traceback (most recent call last):
  File "C:\abay_repository\venv\Lib\site-packages\django\core\handlers\exception.py", line 55, in inner
    response = get_response(request)
  File "C:\abay_repository\venv\Lib\site-packages\django\core\handlers\base.py", line 197, in _get_response
    response = wrapped_callback(request, *callback_args, **callback_kwargs)
  File "C:\abay_repository\config\views.py", line 10, in home_view
    total_books = Book.objects.filter(status='published').count()
  File "C:\abay_repository\venv\Lib\site-packages\django\db\models\query.py", line 620, in count
    return self.query.get_count(using=self.db)
           ~~~~~~~~~~~~~~~~~~~~^^^^^^^^^^^^^^^
  File "C:\abay_repository\venv\Lib\site-packages\django\db\models\sql\query.py", line 629, in get_count
    return obj.get_aggregation(using, {"__count": Count("*")})["__count"]
           ~~~~~~~~~~~~~~~~~~~^^^^^^^^^^^^^^^^^^^^^^^^^^^^^^^^
  File "C:\abay_repository\venv\Lib\site-packages\django\db\models\sql\query.py", line 615, in get_aggregation
    result = compiler.execute_sql(SINGLE)
  File "C:\abay_repository\venv\Lib\site-packages\django\db\models\sql\compiler.py", line 1562, in execute_sql
    cursor.execute(sql, params)
    ~~~~~~~~~~~~~~^^^^^^^^^^^^^
  File "C:\abay_repository\venv\Lib\site-packages\django\db\backends\utils.py", line 122, in execute
    return super().execute(sql, params)
           ~~~~~~~~~~~~~~~^^^^^^^^^^^^^
  File "C:\abay_repository\venv\Lib\site-packages\django\db\backends\utils.py", line 79, in execute
    return self._execute_with_wrappers(
           ~~~~~~~~~~~~~~~~~~~~~~~~~~~^
        sql, params, many=False, executor=self._execute
        ^^^^^^^^^^^^^^^^^^^^^^^^^^^^^^^^^^^^^^^^^^^^^^^
    )
    ^
  File "C:\abay_repository\venv\Lib\site-packages\django\db\backends\utils.py", line 92, in _execute_with_wrappers
    return executor(sql, params, many, context)
  File "C:\abay_repository\venv\Lib\site-packages\django\db\backends\utils.py", line 100, in _execute
    with self.db.wrap_database_errors:
         ^^^^^^^^^^^^^^^^^^^^^^^^^^^^
  File "C:\abay_repository\venv\Lib\site-packages\django\db\utils.py", line 91, in __exit__
    raise dj_exc_value.with_traceback(traceback) from exc_value
  File "C:\abay_repository\venv\Lib\site-packages\django\db\backends\utils.py", line 105, in _execute
    return self.cursor.execute(sql, params)
           ~~~~~~~~~~~~~~~~~~~^^^^^^^^^^^^^
  File "C:\abay_repository\venv\Lib\site-packages\django\db\backends\sqlite3\base.py", line 329, in execute
    return super().execute(query, params)
           ~~~~~~~~~~~~~~~^^^^^^^^^^^^^^^
django.db.utils.OperationalError: no such table: books
Internal Server Error: /
Traceback (most recent call last):
  File "C:\abay_repository\venv\Lib\site-packages\django\db\backends\utils.py", line 105, in _execute
    return self.cursor.execute(sql, params)
           ~~~~~~~~~~~~~~~~~~~^^^^^^^^^^^^^
  File "C:\abay_repository\venv\Lib\site-packages\django\db\backends\sqlite3\base.py", line 329, in execute
    return super().execute(query, params)
           ~~~~~~~~~~~~~~~^^^^^^^^^^^^^^^
sqlite3.OperationalError: no such table: books

The above exception was the direct cause of the following exception:

Traceback (most recent call last):
  File "C:\abay_repository\venv\Lib\site-packages\django\core\handlers\exception.py", line 55, in inner
    response = get_response(request)
  File "C:\abay_repository\venv\Lib\site-packages\django\core\handlers\base.py", line 197, in _get_response
    response = wrapped_callback(request, *callback_args, **callback_kwargs)
  File "C:\abay_repository\config\views.py", line 10, in home_view
    total_books = Book.objects.filter(status='published').count()
  File "C:\abay_repository\venv\Lib\site-packages\django\db\models\query.py", line 620, in count
    return self.query.get_count(using=self.db)
           ~~~~~~~~~~~~~~~~~~~~^^^^^^^^^^^^^^^
  File "C:\abay_repository\venv\Lib\site-packages\django\db\models\sql\query.py", line 629, in get_count
    return obj.get_aggregation(using, {"__count": Count("*")})["__count"]
           ~~~~~~~~~~~~~~~~~~~^^^^^^^^^^^^^^^^^^^^^^^^^^^^^^^^
  File "C:\abay_repository\venv\Lib\site-packages\django\db\models\sql\query.py", line 615, in get_aggregation
    result = compiler.execute_sql(SINGLE)
  File "C:\abay_repository\venv\Lib\site-packages\django\db\models\sql\compiler.py", line 1562, in execute_sql
    cursor.execute(sql, params)
    ~~~~~~~~~~~~~~^^^^^^^^^^^^^
  File "C:\abay_repository\venv\Lib\site-packages\django\db\backends\utils.py", line 122, in execute
    return super().execute(sql, params)
           ~~~~~~~~~~~~~~~^^^^^^^^^^^^^
  File "C:\abay_repository\venv\Lib\site-packages\django\db\backends\utils.py", line 79, in execute
    return self._execute_with_wrappers(
           ~~~~~~~~~~~~~~~~~~~~~~~~~~~^
        sql, params, many=False, executor=self._execute
        ^^^^^^^^^^^^^^^^^^^^^^^^^^^^^^^^^^^^^^^^^^^^^^^
    )
    ^
  File "C:\abay_repository\venv\Lib\site-packages\django\db\backends\utils.py", line 92, in _execute_with_wrappers
    return executor(sql, params, many, context)
  File "C:\abay_repository\venv\Lib\site-packages\django\db\backends\utils.py", line 100, in _execute
    with self.db.wrap_database_errors:
         ^^^^^^^^^^^^^^^^^^^^^^^^^^^^
  File "C:\abay_repository\venv\Lib\site-packages\django\db\utils.py", line 91, in __exit__
    raise dj_exc_value.with_traceback(traceback) from exc_value
  File "C:\abay_repository\venv\Lib\site-packages\django\db\backends\utils.py", line 105, in _execute
    return self.cursor.execute(sql, params)
           ~~~~~~~~~~~~~~~~~~~^^^^^^^^^^^^^
  File "C:\abay_repository\venv\Lib\site-packages\django\db\backends\sqlite3\base.py", line 329, in execute
    return super().execute(query, params)
           ~~~~~~~~~~~~~~~^^^^^^^^^^^^^^^
django.db.utils.OperationalError: no such table: books
"GET / HTTP/1.1" 500 131097
"GET / HTTP/1.1" 500 131097
Internal Server Error: /
Traceback (most recent call last):
  File "C:\abay_repository\venv\Lib\site-packages\django\db\backends\utils.py", line 105, in _execute
    return self.cursor.execute(sql, params)
           ~~~~~~~~~~~~~~~~~~~^^^^^^^^^^^^^
  File "C:\abay_repository\venv\Lib\site-packages\django\db\backends\sqlite3\base.py", line 329, in execute
    return super().execute(query, params)
           ~~~~~~~~~~~~~~~^^^^^^^^^^^^^^^
sqlite3.OperationalError: no such table: books

The above exception was the direct cause of the following exception:

Traceback (most recent call last):
  File "C:\abay_repository\venv\Lib\site-packages\django\core\handlers\exception.py", line 55, in inner
    response = get_response(request)
  File "C:\abay_repository\venv\Lib\site-packages\django\core\handlers\base.py", line 197, in _get_response
    response = wrapped_callback(request, *callback_args, **callback_kwargs)
  File "C:\abay_repository\config\views.py", line 10, in home_view
    total_books = Book.objects.filter(status='published').count()
  File "C:\abay_repository\venv\Lib\site-packages\django\db\models\query.py", line 620, in count
    return self.query.get_count(using=self.db)
           ~~~~~~~~~~~~~~~~~~~~^^^^^^^^^^^^^^^
  File "C:\abay_repository\venv\Lib\site-packages\django\db\models\sql\query.py", line 629, in get_count
    return obj.get_aggregation(using, {"__count": Count("*")})["__count"]
           ~~~~~~~~~~~~~~~~~~~^^^^^^^^^^^^^^^^^^^^^^^^^^^^^^^^
  File "C:\abay_repository\venv\Lib\site-packages\django\db\models\sql\query.py", line 615, in get_aggregation
    result = compiler.execute_sql(SINGLE)
  File "C:\abay_repository\venv\Lib\site-packages\django\db\models\sql\compiler.py", line 1562, in execute_sql
    cursor.execute(sql, params)
    ~~~~~~~~~~~~~~^^^^^^^^^^^^^
  File "C:\abay_repository\venv\Lib\site-packages\django\db\backends\utils.py", line 122, in execute
    return super().execute(sql, params)
           ~~~~~~~~~~~~~~~^^^^^^^^^^^^^
  File "C:\abay_repository\venv\Lib\site-packages\django\db\backends\utils.py", line 79, in execute
    return self._execute_with_wrappers(
           ~~~~~~~~~~~~~~~~~~~~~~~~~~~^
        sql, params, many=False, executor=self._execute
        ^^^^^^^^^^^^^^^^^^^^^^^^^^^^^^^^^^^^^^^^^^^^^^^
    )
    ^
  File "C:\abay_repository\venv\Lib\site-packages\django\db\backends\utils.py", line 92, in _execute_with_wrappers
    return executor(sql, params, many, context)
  File "C:\abay_repository\venv\Lib\site-packages\django\db\backends\utils.py", line 100, in _execute
    with self.db.wrap_database_errors:
         ^^^^^^^^^^^^^^^^^^^^^^^^^^^^
  File "C:\abay_repository\venv\Lib\site-packages\django\db\utils.py", line 91, in __exit__
    raise dj_exc_value.with_traceback(traceback) from exc_value
  File "C:\abay_repository\venv\Lib\site-packages\django\db\backends\utils.py", line 105, in _execute
    return self.cursor.execute(sql, params)
           ~~~~~~~~~~~~~~~~~~~^^^^^^^^^^^^^
  File "C:\abay_repository\venv\Lib\site-packages\django\db\backends\sqlite3\base.py", line 329, in execute
    return super().execute(query, params)
           ~~~~~~~~~~~~~~~^^^^^^^^^^^^^^^
django.db.utils.OperationalError: no such table: books
Internal Server Error: /
Traceback (most recent call last):
  File "C:\abay_repository\venv\Lib\site-packages\django\db\backends\utils.py", line 105, in _execute
    return self.cursor.execute(sql, params)
           ~~~~~~~~~~~~~~~~~~~^^^^^^^^^^^^^
  File "C:\abay_repository\venv\Lib\site-packages\django\db\backends\sqlite3\base.py", line 329, in execute
    return super().execute(query, params)
           ~~~~~~~~~~~~~~~^^^^^^^^^^^^^^^
sqlite3.OperationalError: no such table: books

The above exception was the direct cause of the following exception:

Traceback (most recent call last):
  File "C:\abay_repository\venv\Lib\site-packages\django\core\handlers\exception.py", line 55, in inner
    response = get_response(request)
  File "C:\abay_repository\venv\Lib\site-packages\django\core\handlers\base.py", line 197, in _get_response
    response = wrapped_callback(request, *callback_args, **callback_kwargs)
  File "C:\abay_repository\config\views.py", line 10, in home_view
    total_books = Book.objects.filter(status='published').count()
  File "C:\abay_repository\venv\Lib\site-packages\django\db\models\query.py", line 620, in count
    return self.query.get_count(using=self.db)
           ~~~~~~~~~~~~~~~~~~~~^^^^^^^^^^^^^^^
  File "C:\abay_repository\venv\Lib\site-packages\django\db\models\sql\query.py", line 629, in get_count
    return obj.get_aggregation(using, {"__count": Count("*")})["__count"]
           ~~~~~~~~~~~~~~~~~~~^^^^^^^^^^^^^^^^^^^^^^^^^^^^^^^^
  File "C:\abay_repository\venv\Lib\site-packages\django\db\models\sql\query.py", line 615, in get_aggregation
    result = compiler.execute_sql(SINGLE)
  File "C:\abay_repository\venv\Lib\site-packages\django\db\models\sql\compiler.py", line 1562, in execute_sql
    cursor.execute(sql, params)
    ~~~~~~~~~~~~~~^^^^^^^^^^^^^
  File "C:\abay_repository\venv\Lib\site-packages\django\db\backends\utils.py", line 122, in execute
    return super().execute(sql, params)
           ~~~~~~~~~~~~~~~^^^^^^^^^^^^^
  File "C:\abay_repository\venv\Lib\site-packages\django\db\backends\utils.py", line 79, in execute
    return self._execute_with_wrappers(
           ~~~~~~~~~~~~~~~~~~~~~~~~~~~^
        sql, params, many=False, executor=self._execute
        ^^^^^^^^^^^^^^^^^^^^^^^^^^^^^^^^^^^^^^^^^^^^^^^
    )
    ^
  File "C:\abay_repository\venv\Lib\site-packages\django\db\backends\utils.py", line 92, in _execute_with_wrappers
    return executor(sql, params, many, context)
  File "C:\abay_repository\venv\Lib\site-packages\django\db\backends\utils.py", line 100, in _execute
    with self.db.wrap_database_errors:
         ^^^^^^^^^^^^^^^^^^^^^^^^^^^^
  File "C:\abay_repository\venv\Lib\site-packages\django\db\utils.py", line 91, in __exit__
    raise dj_exc_value.with_traceback(traceback) from exc_value
  File "C:\abay_repository\venv\Lib\site-packages\django\db\backends\utils.py", line 105, in _execute
    return self.cursor.execute(sql, params)
           ~~~~~~~~~~~~~~~~~~~^^^^^^^^^^^^^
  File "C:\abay_repository\venv\Lib\site-packages\django\db\backends\sqlite3\base.py", line 329, in execute
    return super().execute(query, params)
           ~~~~~~~~~~~~~~~^^^^^^^^^^^^^^^
django.db.utils.OperationalError: no such table: books
"GET / HTTP/1.1" 500 131097
"GET / HTTP/1.1" 500 131097
Internal Server Error: /
Traceback (most recent call last):
  File "C:\abay_repository\venv\Lib\site-packages\django\db\backends\utils.py", line 105, in _execute
    return self.cursor.execute(sql, params)
           ~~~~~~~~~~~~~~~~~~~^^^^^^^^^^^^^
  File "C:\abay_repository\venv\Lib\site-packages\django\db\backends\sqlite3\base.py", line 329, in execute
    return super().execute(query, params)
           ~~~~~~~~~~~~~~~^^^^^^^^^^^^^^^
sqlite3.OperationalError: no such table: books

The above exception was the direct cause of the following exception:

Traceback (most recent call last):
  File "C:\abay_repository\venv\Lib\site-packages\django\core\handlers\exception.py", line 55, in inner
    response = get_response(request)
  File "C:\abay_repository\venv\Lib\site-packages\django\core\handlers\base.py", line 197, in _get_response
    response = wrapped_callback(request, *callback_args, **callback_kwargs)
  File "C:\abay_repository\config\views.py", line 10, in home_view
    total_books = Book.objects.filter(status='published').count()
  File "C:\abay_repository\venv\Lib\site-packages\django\db\models\query.py", line 620, in count
    return self.query.get_count(using=self.db)
           ~~~~~~~~~~~~~~~~~~~~^^^^^^^^^^^^^^^
  File "C:\abay_repository\venv\Lib\site-packages\django\db\models\sql\query.py", line 629, in get_count
    return obj.get_aggregation(using, {"__count": Count("*")})["__count"]
           ~~~~~~~~~~~~~~~~~~~^^^^^^^^^^^^^^^^^^^^^^^^^^^^^^^^
  File "C:\abay_repository\venv\Lib\site-packages\django\db\models\sql\query.py", line 615, in get_aggregation
    result = compiler.execute_sql(SINGLE)
  File "C:\abay_repository\venv\Lib\site-packages\django\db\models\sql\compiler.py", line 1562, in execute_sql
    cursor.execute(sql, params)
    ~~~~~~~~~~~~~~^^^^^^^^^^^^^
  File "C:\abay_repository\venv\Lib\site-packages\django\db\backends\utils.py", line 122, in execute
    return super().execute(sql, params)
           ~~~~~~~~~~~~~~~^^^^^^^^^^^^^
  File "C:\abay_repository\venv\Lib\site-packages\django\db\backends\utils.py", line 79, in execute
    return self._execute_with_wrappers(
           ~~~~~~~~~~~~~~~~~~~~~~~~~~~^
        sql, params, many=False, executor=self._execute
        ^^^^^^^^^^^^^^^^^^^^^^^^^^^^^^^^^^^^^^^^^^^^^^^
    )
    ^
  File "C:\abay_repository\venv\Lib\site-packages\django\db\backends\utils.py", line 92, in _execute_with_wrappers
    return executor(sql, params, many, context)
  File "C:\abay_repository\venv\Lib\site-packages\django\db\backends\utils.py", line 100, in _execute
    with self.db.wrap_database_errors:
         ^^^^^^^^^^^^^^^^^^^^^^^^^^^^
  File "C:\abay_repository\venv\Lib\site-packages\django\db\utils.py", line 91, in __exit__
    raise dj_exc_value.with_traceback(traceback) from exc_value
  File "C:\abay_repository\venv\Lib\site-packages\django\db\backends\utils.py", line 105, in _execute
    return self.cursor.execute(sql, params)
           ~~~~~~~~~~~~~~~~~~~^^^^^^^^^^^^^
  File "C:\abay_repository\venv\Lib\site-packages\django\db\backends\sqlite3\base.py", line 329, in execute
    return super().execute(query, params)
           ~~~~~~~~~~~~~~~^^^^^^^^^^^^^^^
django.db.utils.OperationalError: no such table: books
Internal Server Error: /
Traceback (most recent call last):
  File "C:\abay_repository\venv\Lib\site-packages\django\db\backends\utils.py", line 105, in _execute
    return self.cursor.execute(sql, params)
           ~~~~~~~~~~~~~~~~~~~^^^^^^^^^^^^^
  File "C:\abay_repository\venv\Lib\site-packages\django\db\backends\sqlite3\base.py", line 329, in execute
    return super().execute(query, params)
           ~~~~~~~~~~~~~~~^^^^^^^^^^^^^^^
sqlite3.OperationalError: no such table: books

The above exception was the direct cause of the following exception:

Traceback (most recent call last):
  File "C:\abay_repository\venv\Lib\site-packages\django\core\handlers\exception.py", line 55, in inner
    response = get_response(request)
  File "C:\abay_repository\venv\Lib\site-packages\django\core\handlers\base.py", line 197, in _get_response
    response = wrapped_callback(request, *callback_args, **callback_kwargs)
  File "C:\abay_repository\config\views.py", line 10, in home_view
    total_books = Book.objects.filter(status='published').count()
  File "C:\abay_repository\venv\Lib\site-packages\django\db\models\query.py", line 620, in count
    return self.query.get_count(using=self.db)
           ~~~~~~~~~~~~~~~~~~~~^^^^^^^^^^^^^^^
  File "C:\abay_repository\venv\Lib\site-packages\django\db\models\sql\query.py", line 629, in get_count
    return obj.get_aggregation(using, {"__count": Count("*")})["__count"]
           ~~~~~~~~~~~~~~~~~~~^^^^^^^^^^^^^^^^^^^^^^^^^^^^^^^^
  File "C:\abay_repository\venv\Lib\site-packages\django\db\models\sql\query.py", line 615, in get_aggregation
    result = compiler.execute_sql(SINGLE)
  File "C:\abay_repository\venv\Lib\site-packages\django\db\models\sql\compiler.py", line 1562, in execute_sql
    cursor.execute(sql, params)
    ~~~~~~~~~~~~~~^^^^^^^^^^^^^
  File "C:\abay_repository\venv\Lib\site-packages\django\db\backends\utils.py", line 122, in execute
    return super().execute(sql, params)
           ~~~~~~~~~~~~~~~^^^^^^^^^^^^^
  File "C:\abay_repository\venv\Lib\site-packages\django\db\backends\utils.py", line 79, in execute
    return self._execute_with_wrappers(
           ~~~~~~~~~~~~~~~~~~~~~~~~~~~^
        sql, params, many=False, executor=self._execute
        ^^^^^^^^^^^^^^^^^^^^^^^^^^^^^^^^^^^^^^^^^^^^^^^
    )
    ^
  File "C:\abay_repository\venv\Lib\site-packages\django\db\backends\utils.py", line 92, in _execute_with_wrappers
    return executor(sql, params, many, context)
  File "C:\abay_repository\venv\Lib\site-packages\django\db\backends\utils.py", line 100, in _execute
    with self.db.wrap_database_errors:
         ^^^^^^^^^^^^^^^^^^^^^^^^^^^^
  File "C:\abay_repository\venv\Lib\site-packages\django\db\utils.py", line 91, in __exit__
    raise dj_exc_value.with_traceback(traceback) from exc_value
  File "C:\abay_repository\venv\Lib\site-packages\django\db\backends\utils.py", line 105, in _execute
    return self.cursor.execute(sql, params)
           ~~~~~~~~~~~~~~~~~~~^^^^^^^^^^^^^
  File "C:\abay_repository\venv\Lib\site-packages\django\db\backends\sqlite3\base.py", line 329, in execute
    return super().execute(query, params)
           ~~~~~~~~~~~~~~~^^^^^^^^^^^^^^^
django.db.utils.OperationalError: no such table: books
"GET / HTTP/1.1" 500 131097
"GET / HTTP/1.1" 500 131097
Watching for file changes with StatReloader
Watching for file changes with StatReloader
Internal Server Error: /
Traceback (most recent call last):
  File "C:\abay_repository\venv\Lib\site-packages\django\db\backends\utils.py", line 105, in _execute
    return self.cursor.execute(sql, params)
           ~~~~~~~~~~~~~~~~~~~^^^^^^^^^^^^^
  File "C:\abay_repository\venv\Lib\site-packages\django\db\backends\sqlite3\base.py", line 329, in execute
    return super().execute(query, params)
           ~~~~~~~~~~~~~~~^^^^^^^^^^^^^^^
sqlite3.OperationalError: no such table: books

The above exception was the direct cause of the following exception:

Traceback (most recent call last):
  File "C:\abay_repository\venv\Lib\site-packages\django\core\handlers\exception.py", line 55, in inner
    response = get_response(request)
  File "C:\abay_repository\venv\Lib\site-packages\django\core\handlers\base.py", line 197, in _get_response
    response = wrapped_callback(request, *callback_args, **callback_kwargs)
  File "C:\abay_repository\config\views.py", line 10, in home_view
    total_books = Book.objects.filter(status='published').count()
  File "C:\abay_repository\venv\Lib\site-packages\django\db\models\query.py", line 620, in count
    return self.query.get_count(using=self.db)
           ~~~~~~~~~~~~~~~~~~~~^^^^^^^^^^^^^^^
  File "C:\abay_repository\venv\Lib\site-packages\django\db\models\sql\query.py", line 629, in get_count
    return obj.get_aggregation(using, {"__count": Count("*")})["__count"]
           ~~~~~~~~~~~~~~~~~~~^^^^^^^^^^^^^^^^^^^^^^^^^^^^^^^^
  File "C:\abay_repository\venv\Lib\site-packages\django\db\models\sql\query.py", line 615, in get_aggregation
    result = compiler.execute_sql(SINGLE)
  File "C:\abay_repository\venv\Lib\site-packages\django\db\models\sql\compiler.py", line 1562, in execute_sql
    cursor.execute(sql, params)
    ~~~~~~~~~~~~~~^^^^^^^^^^^^^
  File "C:\abay_repository\venv\Lib\site-packages\django\db\backends\utils.py", line 122, in execute
    return super().execute(sql, params)
           ~~~~~~~~~~~~~~~^^^^^^^^^^^^^
  File "C:\abay_repository\venv\Lib\site-packages\django\db\backends\utils.py", line 79, in execute
    return self._execute_with_wrappers(
           ~~~~~~~~~~~~~~~~~~~~~~~~~~~^
        sql, params, many=False, executor=self._execute
        ^^^^^^^^^^^^^^^^^^^^^^^^^^^^^^^^^^^^^^^^^^^^^^^
    )
    ^
  File "C:\abay_repository\venv\Lib\site-packages\django\db\backends\utils.py", line 92, in _execute_with_wrappers
    return executor(sql, params, many, context)
  File "C:\abay_repository\venv\Lib\site-packages\django\db\backends\utils.py", line 100, in _execute
    with self.db.wrap_database_errors:
         ^^^^^^^^^^^^^^^^^^^^^^^^^^^^
  File "C:\abay_repository\venv\Lib\site-packages\django\db\utils.py", line 91, in __exit__
    raise dj_exc_value.with_traceback(traceback) from exc_value
  File "C:\abay_repository\venv\Lib\site-packages\django\db\backends\utils.py", line 105, in _execute
    return self.cursor.execute(sql, params)
           ~~~~~~~~~~~~~~~~~~~^^^^^^^^^^^^^
  File "C:\abay_repository\venv\Lib\site-packages\django\db\backends\sqlite3\base.py", line 329, in execute
    return super().execute(query, params)
           ~~~~~~~~~~~~~~~^^^^^^^^^^^^^^^
django.db.utils.OperationalError: no such table: books
Internal Server Error: /
Traceback (most recent call last):
  File "C:\abay_repository\venv\Lib\site-packages\django\db\backends\utils.py", line 105, in _execute
    return self.cursor.execute(sql, params)
           ~~~~~~~~~~~~~~~~~~~^^^^^^^^^^^^^
  File "C:\abay_repository\venv\Lib\site-packages\django\db\backends\sqlite3\base.py", line 329, in execute
    return super().execute(query, params)
           ~~~~~~~~~~~~~~~^^^^^^^^^^^^^^^
sqlite3.OperationalError: no such table: books

The above exception was the direct cause of the following exception:

Traceback (most recent call last):
  File "C:\abay_repository\venv\Lib\site-packages\django\core\handlers\exception.py", line 55, in inner
    response = get_response(request)
  File "C:\abay_repository\venv\Lib\site-packages\django\core\handlers\base.py", line 197, in _get_response
    response = wrapped_callback(request, *callback_args, **callback_kwargs)
  File "C:\abay_repository\config\views.py", line 10, in home_view
    total_books = Book.objects.filter(status='published').count()
  File "C:\abay_repository\venv\Lib\site-packages\django\db\models\query.py", line 620, in count
    return self.query.get_count(using=self.db)
           ~~~~~~~~~~~~~~~~~~~~^^^^^^^^^^^^^^^
  File "C:\abay_repository\venv\Lib\site-packages\django\db\models\sql\query.py", line 629, in get_count
    return obj.get_aggregation(using, {"__count": Count("*")})["__count"]
           ~~~~~~~~~~~~~~~~~~~^^^^^^^^^^^^^^^^^^^^^^^^^^^^^^^^
  File "C:\abay_repository\venv\Lib\site-packages\django\db\models\sql\query.py", line 615, in get_aggregation
    result = compiler.execute_sql(SINGLE)
  File "C:\abay_repository\venv\Lib\site-packages\django\db\models\sql\compiler.py", line 1562, in execute_sql
    cursor.execute(sql, params)
    ~~~~~~~~~~~~~~^^^^^^^^^^^^^
  File "C:\abay_repository\venv\Lib\site-packages\django\db\backends\utils.py", line 122, in execute
    return super().execute(sql, params)
           ~~~~~~~~~~~~~~~^^^^^^^^^^^^^
  File "C:\abay_repository\venv\Lib\site-packages\django\db\backends\utils.py", line 79, in execute
    return self._execute_with_wrappers(
           ~~~~~~~~~~~~~~~~~~~~~~~~~~~^
        sql, params, many=False, executor=self._execute
        ^^^^^^^^^^^^^^^^^^^^^^^^^^^^^^^^^^^^^^^^^^^^^^^
    )
    ^
  File "C:\abay_repository\venv\Lib\site-packages\django\db\backends\utils.py", line 92, in _execute_with_wrappers
    return executor(sql, params, many, context)
  File "C:\abay_repository\venv\Lib\site-packages\django\db\backends\utils.py", line 100, in _execute
    with self.db.wrap_database_errors:
         ^^^^^^^^^^^^^^^^^^^^^^^^^^^^
  File "C:\abay_repository\venv\Lib\site-packages\django\db\utils.py", line 91, in __exit__
    raise dj_exc_value.with_traceback(traceback) from exc_value
  File "C:\abay_repository\venv\Lib\site-packages\django\db\backends\utils.py", line 105, in _execute
    return self.cursor.execute(sql, params)
           ~~~~~~~~~~~~~~~~~~~^^^^^^^^^^^^^
  File "C:\abay_repository\venv\Lib\site-packages\django\db\backends\sqlite3\base.py", line 329, in execute
    return super().execute(query, params)
           ~~~~~~~~~~~~~~~^^^^^^^^^^^^^^^
django.db.utils.OperationalError: no such table: books
"GET / HTTP/1.1" 500 131097
"GET / HTTP/1.1" 500 131097
Watching for file changes with StatReloader
Watching for file changes with StatReloader
Internal Server Error: /
Traceback (most recent call last):
  File "C:\abay_repository\venv\Lib\site-packages\django\db\backends\utils.py", line 105, in _execute
    return self.cursor.execute(sql, params)
           ~~~~~~~~~~~~~~~~~~~^^^^^^^^^^^^^
  File "C:\abay_repository\venv\Lib\site-packages\django\db\backends\sqlite3\base.py", line 329, in execute
    return super().execute(query, params)
           ~~~~~~~~~~~~~~~^^^^^^^^^^^^^^^
sqlite3.OperationalError: no such table: books

The above exception was the direct cause of the following exception:

Traceback (most recent call last):
  File "C:\abay_repository\venv\Lib\site-packages\django\core\handlers\exception.py", line 55, in inner
    response = get_response(request)
  File "C:\abay_repository\venv\Lib\site-packages\django\core\handlers\base.py", line 197, in _get_response
    response = wrapped_callback(request, *callback_args, **callback_kwargs)
  File "C:\abay_repository\config\views.py", line 10, in home_view
    total_books = Book.objects.filter(status='published').count()
  File "C:\abay_repository\venv\Lib\site-packages\django\db\models\query.py", line 620, in count
    return self.query.get_count(using=self.db)
           ~~~~~~~~~~~~~~~~~~~~^^^^^^^^^^^^^^^
  File "C:\abay_repository\venv\Lib\site-packages\django\db\models\sql\query.py", line 629, in get_count
    return obj.get_aggregation(using, {"__count": Count("*")})["__count"]
           ~~~~~~~~~~~~~~~~~~~^^^^^^^^^^^^^^^^^^^^^^^^^^^^^^^^
  File "C:\abay_repository\venv\Lib\site-packages\django\db\models\sql\query.py", line 615, in get_aggregation
    result = compiler.execute_sql(SINGLE)
  File "C:\abay_repository\venv\Lib\site-packages\django\db\models\sql\compiler.py", line 1562, in execute_sql
    cursor.execute(sql, params)
    ~~~~~~~~~~~~~~^^^^^^^^^^^^^
  File "C:\abay_repository\venv\Lib\site-packages\django\db\backends\utils.py", line 122, in execute
    return super().execute(sql, params)
           ~~~~~~~~~~~~~~~^^^^^^^^^^^^^
  File "C:\abay_repository\venv\Lib\site-packages\django\db\backends\utils.py", line 79, in execute
    return self._execute_with_wrappers(
           ~~~~~~~~~~~~~~~~~~~~~~~~~~~^
        sql, params, many=False, executor=self._execute
        ^^^^^^^^^^^^^^^^^^^^^^^^^^^^^^^^^^^^^^^^^^^^^^^
    )
    ^
  File "C:\abay_repository\venv\Lib\site-packages\django\db\backends\utils.py", line 92, in _execute_with_wrappers
    return executor(sql, params, many, context)
  File "C:\abay_repository\venv\Lib\site-packages\django\db\backends\utils.py", line 100, in _execute
    with self.db.wrap_database_errors:
         ^^^^^^^^^^^^^^^^^^^^^^^^^^^^
  File "C:\abay_repository\venv\Lib\site-packages\django\db\utils.py", line 91, in __exit__
    raise dj_exc_value.with_traceback(traceback) from exc_value
  File "C:\abay_repository\venv\Lib\site-packages\django\db\backends\utils.py", line 105, in _execute
    return self.cursor.execute(sql, params)
           ~~~~~~~~~~~~~~~~~~~^^^^^^^^^^^^^
  File "C:\abay_repository\venv\Lib\site-packages\django\db\backends\sqlite3\base.py", line 329, in execute
    return super().execute(query, params)
           ~~~~~~~~~~~~~~~^^^^^^^^^^^^^^^
django.db.utils.OperationalError: no such table: books
Internal Server Error: /
Traceback (most recent call last):
  File "C:\abay_repository\venv\Lib\site-packages\django\db\backends\utils.py", line 105, in _execute
    return self.cursor.execute(sql, params)
           ~~~~~~~~~~~~~~~~~~~^^^^^^^^^^^^^
  File "C:\abay_repository\venv\Lib\site-packages\django\db\backends\sqlite3\base.py", line 329, in execute
    return super().execute(query, params)
           ~~~~~~~~~~~~~~~^^^^^^^^^^^^^^^
sqlite3.OperationalError: no such table: books

The above exception was the direct cause of the following exception:

Traceback (most recent call last):
  File "C:\abay_repository\venv\Lib\site-packages\django\core\handlers\exception.py", line 55, in inner
    response = get_response(request)
  File "C:\abay_repository\venv\Lib\site-packages\django\core\handlers\base.py", line 197, in _get_response
    response = wrapped_callback(request, *callback_args, **callback_kwargs)
  File "C:\abay_repository\config\views.py", line 10, in home_view
    total_books = Book.objects.filter(status='published').count()
  File "C:\abay_repository\venv\Lib\site-packages\django\db\models\query.py", line 620, in count
    return self.query.get_count(using=self.db)
           ~~~~~~~~~~~~~~~~~~~~^^^^^^^^^^^^^^^
  File "C:\abay_repository\venv\Lib\site-packages\django\db\models\sql\query.py", line 629, in get_count
    return obj.get_aggregation(using, {"__count": Count("*")})["__count"]
           ~~~~~~~~~~~~~~~~~~~^^^^^^^^^^^^^^^^^^^^^^^^^^^^^^^^
  File "C:\abay_repository\venv\Lib\site-packages\django\db\models\sql\query.py", line 615, in get_aggregation
    result = compiler.execute_sql(SINGLE)
  File "C:\abay_repository\venv\Lib\site-packages\django\db\models\sql\compiler.py", line 1562, in execute_sql
    cursor.execute(sql, params)
    ~~~~~~~~~~~~~~^^^^^^^^^^^^^
  File "C:\abay_repository\venv\Lib\site-packages\django\db\backends\utils.py", line 122, in execute
    return super().execute(sql, params)
           ~~~~~~~~~~~~~~~^^^^^^^^^^^^^
  File "C:\abay_repository\venv\Lib\site-packages\django\db\backends\utils.py", line 79, in execute
    return self._execute_with_wrappers(
           ~~~~~~~~~~~~~~~~~~~~~~~~~~~^
        sql, params, many=False, executor=self._execute
        ^^^^^^^^^^^^^^^^^^^^^^^^^^^^^^^^^^^^^^^^^^^^^^^
    )
    ^
  File "C:\abay_repository\venv\Lib\site-packages\django\db\backends\utils.py", line 92, in _execute_with_wrappers
    return executor(sql, params, many, context)
  File "C:\abay_repository\venv\Lib\site-packages\django\db\backends\utils.py", line 100, in _execute
    with self.db.wrap_database_errors:
         ^^^^^^^^^^^^^^^^^^^^^^^^^^^^
  File "C:\abay_repository\venv\Lib\site-packages\django\db\utils.py", line 91, in __exit__
    raise dj_exc_value.with_traceback(traceback) from exc_value
  File "C:\abay_repository\venv\Lib\site-packages\django\db\backends\utils.py", line 105, in _execute
    return self.cursor.execute(sql, params)
           ~~~~~~~~~~~~~~~~~~~^^^^^^^^^^^^^
  File "C:\abay_repository\venv\Lib\site-packages\django\db\backends\sqlite3\base.py", line 329, in execute
    return super().execute(query, params)
           ~~~~~~~~~~~~~~~^^^^^^^^^^^^^^^
django.db.utils.OperationalError: no such table: books
"GET / HTTP/1.1" 500 131097
"GET / HTTP/1.1" 500 131097
Internal Server Error: /
Traceback (most recent call last):
  File "C:\abay_repository\venv\Lib\site-packages\django\db\backends\utils.py", line 105, in _execute
    return self.cursor.execute(sql, params)
           ~~~~~~~~~~~~~~~~~~~^^^^^^^^^^^^^
  File "C:\abay_repository\venv\Lib\site-packages\django\db\backends\sqlite3\base.py", line 329, in execute
    return super().execute(query, params)
           ~~~~~~~~~~~~~~~^^^^^^^^^^^^^^^
sqlite3.OperationalError: no such table: books

The above exception was the direct cause of the following exception:

Traceback (most recent call last):
  File "C:\abay_repository\venv\Lib\site-packages\django\core\handlers\exception.py", line 55, in inner
    response = get_response(request)
  File "C:\abay_repository\venv\Lib\site-packages\django\core\handlers\base.py", line 197, in _get_response
    response = wrapped_callback(request, *callback_args, **callback_kwargs)
  File "C:\abay_repository\config\views.py", line 10, in home_view
    total_books = Book.objects.filter(status='published').count()
  File "C:\abay_repository\venv\Lib\site-packages\django\db\models\query.py", line 620, in count
    return self.query.get_count(using=self.db)
           ~~~~~~~~~~~~~~~~~~~~^^^^^^^^^^^^^^^
  File "C:\abay_repository\venv\Lib\site-packages\django\db\models\sql\query.py", line 629, in get_count
    return obj.get_aggregation(using, {"__count": Count("*")})["__count"]
           ~~~~~~~~~~~~~~~~~~~^^^^^^^^^^^^^^^^^^^^^^^^^^^^^^^^
  File "C:\abay_repository\venv\Lib\site-packages\django\db\models\sql\query.py", line 615, in get_aggregation
    result = compiler.execute_sql(SINGLE)
  File "C:\abay_repository\venv\Lib\site-packages\django\db\models\sql\compiler.py", line 1562, in execute_sql
    cursor.execute(sql, params)
    ~~~~~~~~~~~~~~^^^^^^^^^^^^^
  File "C:\abay_repository\venv\Lib\site-packages\django\db\backends\utils.py", line 122, in execute
    return super().execute(sql, params)
           ~~~~~~~~~~~~~~~^^^^^^^^^^^^^
  File "C:\abay_repository\venv\Lib\site-packages\django\db\backends\utils.py", line 79, in execute
    return self._execute_with_wrappers(
           ~~~~~~~~~~~~~~~~~~~~~~~~~~~^
        sql, params, many=False, executor=self._execute
        ^^^^^^^^^^^^^^^^^^^^^^^^^^^^^^^^^^^^^^^^^^^^^^^
    )
    ^
  File "C:\abay_repository\venv\Lib\site-packages\django\db\backends\utils.py", line 92, in _execute_with_wrappers
    return executor(sql, params, many, context)
  File "C:\abay_repository\venv\Lib\site-packages\django\db\backends\utils.py", line 100, in _execute
    with self.db.wrap_database_errors:
         ^^^^^^^^^^^^^^^^^^^^^^^^^^^^
  File "C:\abay_repository\venv\Lib\site-packages\django\db\utils.py", line 91, in __exit__
    raise dj_exc_value.with_traceback(traceback) from exc_value
  File "C:\abay_repository\venv\Lib\site-packages\django\db\backends\utils.py", line 105, in _execute
    return self.cursor.execute(sql, params)
           ~~~~~~~~~~~~~~~~~~~^^^^^^^^^^^^^
  File "C:\abay_repository\venv\Lib\site-packages\django\db\backends\sqlite3\base.py", line 329, in execute
    return super().execute(query, params)
           ~~~~~~~~~~~~~~~^^^^^^^^^^^^^^^
django.db.utils.OperationalError: no such table: books
Internal Server Error: /
Traceback (most recent call last):
  File "C:\abay_repository\venv\Lib\site-packages\django\db\backends\utils.py", line 105, in _execute
    return self.cursor.execute(sql, params)
           ~~~~~~~~~~~~~~~~~~~^^^^^^^^^^^^^
  File "C:\abay_repository\venv\Lib\site-packages\django\db\backends\sqlite3\base.py", line 329, in execute
    return super().execute(query, params)
           ~~~~~~~~~~~~~~~^^^^^^^^^^^^^^^
sqlite3.OperationalError: no such table: books

The above exception was the direct cause of the following exception:

Traceback (most recent call last):
  File "C:\abay_repository\venv\Lib\site-packages\django\core\handlers\exception.py", line 55, in inner
    response = get_response(request)
  File "C:\abay_repository\venv\Lib\site-packages\django\core\handlers\base.py", line 197, in _get_response
    response = wrapped_callback(request, *callback_args, **callback_kwargs)
  File "C:\abay_repository\config\views.py", line 10, in home_view
    total_books = Book.objects.filter(status='published').count()
  File "C:\abay_repository\venv\Lib\site-packages\django\db\models\query.py", line 620, in count
    return self.query.get_count(using=self.db)
           ~~~~~~~~~~~~~~~~~~~~^^^^^^^^^^^^^^^
  File "C:\abay_repository\venv\Lib\site-packages\django\db\models\sql\query.py", line 629, in get_count
    return obj.get_aggregation(using, {"__count": Count("*")})["__count"]
           ~~~~~~~~~~~~~~~~~~~^^^^^^^^^^^^^^^^^^^^^^^^^^^^^^^^
  File "C:\abay_repository\venv\Lib\site-packages\django\db\models\sql\query.py", line 615, in get_aggregation
    result = compiler.execute_sql(SINGLE)
  File "C:\abay_repository\venv\Lib\site-packages\django\db\models\sql\compiler.py", line 1562, in execute_sql
    cursor.execute(sql, params)
    ~~~~~~~~~~~~~~^^^^^^^^^^^^^
  File "C:\abay_repository\venv\Lib\site-packages\django\db\backends\utils.py", line 122, in execute
    return super().execute(sql, params)
           ~~~~~~~~~~~~~~~^^^^^^^^^^^^^
  File "C:\abay_repository\venv\Lib\site-packages\django\db\backends\utils.py", line 79, in execute
    return self._execute_with_wrappers(
           ~~~~~~~~~~~~~~~~~~~~~~~~~~~^
        sql, params, many=False, executor=self._execute
        ^^^^^^^^^^^^^^^^^^^^^^^^^^^^^^^^^^^^^^^^^^^^^^^
    )
    ^
  File "C:\abay_repository\venv\Lib\site-packages\django\db\backends\utils.py", line 92, in _execute_with_wrappers
    return executor(sql, params, many, context)
  File "C:\abay_repository\venv\Lib\site-packages\django\db\backends\utils.py", line 100, in _execute
    with self.db.wrap_database_errors:
         ^^^^^^^^^^^^^^^^^^^^^^^^^^^^
  File "C:\abay_repository\venv\Lib\site-packages\django\db\utils.py", line 91, in __exit__
    raise dj_exc_value.with_traceback(traceback) from exc_value
  File "C:\abay_repository\venv\Lib\site-packages\django\db\backends\utils.py", line 105, in _execute
    return self.cursor.execute(sql, params)
           ~~~~~~~~~~~~~~~~~~~^^^^^^^^^^^^^
  File "C:\abay_repository\venv\Lib\site-packages\django\db\backends\sqlite3\base.py", line 329, in execute
    return super().execute(query, params)
           ~~~~~~~~~~~~~~~^^^^^^^^^^^^^^^
django.db.utils.OperationalError: no such table: books
"GET / HTTP/1.1" 500 131097
"GET / HTTP/1.1" 500 131097
Watching for file changes with StatReloader
Watching for file changes with StatReloader
Internal Server Error: /
Traceback (most recent call last):
  File "C:\abay_repository\venv\Lib\site-packages\django\db\backends\utils.py", line 105, in _execute
    return self.cursor.execute(sql, params)
           ~~~~~~~~~~~~~~~~~~~^^^^^^^^^^^^^
  File "C:\abay_repository\venv\Lib\site-packages\django\db\backends\sqlite3\base.py", line 329, in execute
    return super().execute(query, params)
           ~~~~~~~~~~~~~~~^^^^^^^^^^^^^^^
sqlite3.OperationalError: no such table: books

The above exception was the direct cause of the following exception:

Traceback (most recent call last):
  File "C:\abay_repository\venv\Lib\site-packages\django\core\handlers\exception.py", line 55, in inner
    response = get_response(request)
  File "C:\abay_repository\venv\Lib\site-packages\django\core\handlers\base.py", line 197, in _get_response
    response = wrapped_callback(request, *callback_args, **callback_kwargs)
  File "C:\abay_repository\config\views.py", line 10, in home_view
    total_books = Book.objects.filter(status='published').count()
  File "C:\abay_repository\venv\Lib\site-packages\django\db\models\query.py", line 620, in count
    return self.query.get_count(using=self.db)
           ~~~~~~~~~~~~~~~~~~~~^^^^^^^^^^^^^^^
  File "C:\abay_repository\venv\Lib\site-packages\django\db\models\sql\query.py", line 629, in get_count
    return obj.get_aggregation(using, {"__count": Count("*")})["__count"]
           ~~~~~~~~~~~~~~~~~~~^^^^^^^^^^^^^^^^^^^^^^^^^^^^^^^^
  File "C:\abay_repository\venv\Lib\site-packages\django\db\models\sql\query.py", line 615, in get_aggregation
    result = compiler.execute_sql(SINGLE)
  File "C:\abay_repository\venv\Lib\site-packages\django\db\models\sql\compiler.py", line 1562, in execute_sql
    cursor.execute(sql, params)
    ~~~~~~~~~~~~~~^^^^^^^^^^^^^
  File "C:\abay_repository\venv\Lib\site-packages\django\db\backends\utils.py", line 122, in execute
    return super().execute(sql, params)
           ~~~~~~~~~~~~~~~^^^^^^^^^^^^^
  File "C:\abay_repository\venv\Lib\site-packages\django\db\backends\utils.py", line 79, in execute
    return self._execute_with_wrappers(
           ~~~~~~~~~~~~~~~~~~~~~~~~~~~^
        sql, params, many=False, executor=self._execute
        ^^^^^^^^^^^^^^^^^^^^^^^^^^^^^^^^^^^^^^^^^^^^^^^
    )
    ^
  File "C:\abay_repository\venv\Lib\site-packages\django\db\backends\utils.py", line 92, in _execute_with_wrappers
    return executor(sql, params, many, context)
  File "C:\abay_repository\venv\Lib\site-packages\django\db\backends\utils.py", line 100, in _execute
    with self.db.wrap_database_errors:
         ^^^^^^^^^^^^^^^^^^^^^^^^^^^^
  File "C:\abay_repository\venv\Lib\site-packages\django\db\utils.py", line 91, in __exit__
    raise dj_exc_value.with_traceback(traceback) from exc_value
  File "C:\abay_repository\venv\Lib\site-packages\django\db\backends\utils.py", line 105, in _execute
    return self.cursor.execute(sql, params)
           ~~~~~~~~~~~~~~~~~~~^^^^^^^^^^^^^
  File "C:\abay_repository\venv\Lib\site-packages\django\db\backends\sqlite3\base.py", line 329, in execute
    return super().execute(query, params)
           ~~~~~~~~~~~~~~~^^^^^^^^^^^^^^^
django.db.utils.OperationalError: no such table: books
Internal Server Error: /
Traceback (most recent call last):
  File "C:\abay_repository\venv\Lib\site-packages\django\db\backends\utils.py", line 105, in _execute
    return self.cursor.execute(sql, params)
           ~~~~~~~~~~~~~~~~~~~^^^^^^^^^^^^^
  File "C:\abay_repository\venv\Lib\site-packages\django\db\backends\sqlite3\base.py", line 329, in execute
    return super().execute(query, params)
           ~~~~~~~~~~~~~~~^^^^^^^^^^^^^^^
sqlite3.OperationalError: no such table: books

The above exception was the direct cause of the following exception:

Traceback (most recent call last):
  File "C:\abay_repository\venv\Lib\site-packages\django\core\handlers\exception.py", line 55, in inner
    response = get_response(request)
  File "C:\abay_repository\venv\Lib\site-packages\django\core\handlers\base.py", line 197, in _get_response
    response = wrapped_callback(request, *callback_args, **callback_kwargs)
  File "C:\abay_repository\config\views.py", line 10, in home_view
    total_books = Book.objects.filter(status='published').count()
  File "C:\abay_repository\venv\Lib\site-packages\django\db\models\query.py", line 620, in count
    return self.query.get_count(using=self.db)
           ~~~~~~~~~~~~~~~~~~~~^^^^^^^^^^^^^^^
  File "C:\abay_repository\venv\Lib\site-packages\django\db\models\sql\query.py", line 629, in get_count
    return obj.get_aggregation(using, {"__count": Count("*")})["__count"]
           ~~~~~~~~~~~~~~~~~~~^^^^^^^^^^^^^^^^^^^^^^^^^^^^^^^^
  File "C:\abay_repository\venv\Lib\site-packages\django\db\models\sql\query.py", line 615, in get_aggregation
    result = compiler.execute_sql(SINGLE)
  File "C:\abay_repository\venv\Lib\site-packages\django\db\models\sql\compiler.py", line 1562, in execute_sql
    cursor.execute(sql, params)
    ~~~~~~~~~~~~~~^^^^^^^^^^^^^
  File "C:\abay_repository\venv\Lib\site-packages\django\db\backends\utils.py", line 122, in execute
    return super().execute(sql, params)
           ~~~~~~~~~~~~~~~^^^^^^^^^^^^^
  File "C:\abay_repository\venv\Lib\site-packages\django\db\backends\utils.py", line 79, in execute
    return self._execute_with_wrappers(
           ~~~~~~~~~~~~~~~~~~~~~~~~~~~^
        sql, params, many=False, executor=self._execute
        ^^^^^^^^^^^^^^^^^^^^^^^^^^^^^^^^^^^^^^^^^^^^^^^
    )
    ^
  File "C:\abay_repository\venv\Lib\site-packages\django\db\backends\utils.py", line 92, in _execute_with_wrappers
    return executor(sql, params, many, context)
  File "C:\abay_repository\venv\Lib\site-packages\django\db\backends\utils.py", line 100, in _execute
    with self.db.wrap_database_errors:
         ^^^^^^^^^^^^^^^^^^^^^^^^^^^^
  File "C:\abay_repository\venv\Lib\site-packages\django\db\utils.py", line 91, in __exit__
    raise dj_exc_value.with_traceback(traceback) from exc_value
  File "C:\abay_repository\venv\Lib\site-packages\django\db\backends\utils.py", line 105, in _execute
    return self.cursor.execute(sql, params)
           ~~~~~~~~~~~~~~~~~~~^^^^^^^^^^^^^
  File "C:\abay_repository\venv\Lib\site-packages\django\db\backends\sqlite3\base.py", line 329, in execute
    return super().execute(query, params)
           ~~~~~~~~~~~~~~~^^^^^^^^^^^^^^^
django.db.utils.OperationalError: no such table: books
"GET / HTTP/1.1" 500 131097
"GET / HTTP/1.1" 500 131097
Internal Server Error: /
Traceback (most recent call last):
  File "C:\abay_repository\venv\Lib\site-packages\django\db\backends\utils.py", line 105, in _execute
    return self.cursor.execute(sql, params)
           ~~~~~~~~~~~~~~~~~~~^^^^^^^^^^^^^
  File "C:\abay_repository\venv\Lib\site-packages\django\db\backends\sqlite3\base.py", line 329, in execute
    return super().execute(query, params)
           ~~~~~~~~~~~~~~~^^^^^^^^^^^^^^^
sqlite3.OperationalError: no such table: books

The above exception was the direct cause of the following exception:

Traceback (most recent call last):
  File "C:\abay_repository\venv\Lib\site-packages\django\core\handlers\exception.py", line 55, in inner
    response = get_response(request)
  File "C:\abay_repository\venv\Lib\site-packages\django\core\handlers\base.py", line 197, in _get_response
    response = wrapped_callback(request, *callback_args, **callback_kwargs)
  File "C:\abay_repository\config\views.py", line 10, in home_view
    total_books = Book.objects.filter(status='published').count()
  File "C:\abay_repository\venv\Lib\site-packages\django\db\models\query.py", line 620, in count
    return self.query.get_count(using=self.db)
           ~~~~~~~~~~~~~~~~~~~~^^^^^^^^^^^^^^^
  File "C:\abay_repository\venv\Lib\site-packages\django\db\models\sql\query.py", line 629, in get_count
    return obj.get_aggregation(using, {"__count": Count("*")})["__count"]
           ~~~~~~~~~~~~~~~~~~~^^^^^^^^^^^^^^^^^^^^^^^^^^^^^^^^
  File "C:\abay_repository\venv\Lib\site-packages\django\db\models\sql\query.py", line 615, in get_aggregation
    result = compiler.execute_sql(SINGLE)
  File "C:\abay_repository\venv\Lib\site-packages\django\db\models\sql\compiler.py", line 1562, in execute_sql
    cursor.execute(sql, params)
    ~~~~~~~~~~~~~~^^^^^^^^^^^^^
  File "C:\abay_repository\venv\Lib\site-packages\django\db\backends\utils.py", line 122, in execute
    return super().execute(sql, params)
           ~~~~~~~~~~~~~~~^^^^^^^^^^^^^
  File "C:\abay_repository\venv\Lib\site-packages\django\db\backends\utils.py", line 79, in execute
    return self._execute_with_wrappers(
           ~~~~~~~~~~~~~~~~~~~~~~~~~~~^
        sql, params, many=False, executor=self._execute
        ^^^^^^^^^^^^^^^^^^^^^^^^^^^^^^^^^^^^^^^^^^^^^^^
    )
    ^
  File "C:\abay_repository\venv\Lib\site-packages\django\db\backends\utils.py", line 92, in _execute_with_wrappers
    return executor(sql, params, many, context)
  File "C:\abay_repository\venv\Lib\site-packages\django\db\backends\utils.py", line 100, in _execute
    with self.db.wrap_database_errors:
         ^^^^^^^^^^^^^^^^^^^^^^^^^^^^
  File "C:\abay_repository\venv\Lib\site-packages\django\db\utils.py", line 91, in __exit__
    raise dj_exc_value.with_traceback(traceback) from exc_value
  File "C:\abay_repository\venv\Lib\site-packages\django\db\backends\utils.py", line 105, in _execute
    return self.cursor.execute(sql, params)
           ~~~~~~~~~~~~~~~~~~~^^^^^^^^^^^^^
  File "C:\abay_repository\venv\Lib\site-packages\django\db\backends\sqlite3\base.py", line 329, in execute
    return super().execute(query, params)
           ~~~~~~~~~~~~~~~^^^^^^^^^^^^^^^
django.db.utils.OperationalError: no such table: books
Internal Server Error: /
Traceback (most recent call last):
  File "C:\abay_repository\venv\Lib\site-packages\django\db\backends\utils.py", line 105, in _execute
    return self.cursor.execute(sql, params)
           ~~~~~~~~~~~~~~~~~~~^^^^^^^^^^^^^
  File "C:\abay_repository\venv\Lib\site-packages\django\db\backends\sqlite3\base.py", line 329, in execute
    return super().execute(query, params)
           ~~~~~~~~~~~~~~~^^^^^^^^^^^^^^^
sqlite3.OperationalError: no such table: books

The above exception was the direct cause of the following exception:

Traceback (most recent call last):
  File "C:\abay_repository\venv\Lib\site-packages\django\core\handlers\exception.py", line 55, in inner
    response = get_response(request)
  File "C:\abay_repository\venv\Lib\site-packages\django\core\handlers\base.py", line 197, in _get_response
    response = wrapped_callback(request, *callback_args, **callback_kwargs)
  File "C:\abay_repository\config\views.py", line 10, in home_view
    total_books = Book.objects.filter(status='published').count()
  File "C:\abay_repository\venv\Lib\site-packages\django\db\models\query.py", line 620, in count
    return self.query.get_count(using=self.db)
           ~~~~~~~~~~~~~~~~~~~~^^^^^^^^^^^^^^^
  File "C:\abay_repository\venv\Lib\site-packages\django\db\models\sql\query.py", line 629, in get_count
    return obj.get_aggregation(using, {"__count": Count("*")})["__count"]
           ~~~~~~~~~~~~~~~~~~~^^^^^^^^^^^^^^^^^^^^^^^^^^^^^^^^
  File "C:\abay_repository\venv\Lib\site-packages\django\db\models\sql\query.py", line 615, in get_aggregation
    result = compiler.execute_sql(SINGLE)
  File "C:\abay_repository\venv\Lib\site-packages\django\db\models\sql\compiler.py", line 1562, in execute_sql
    cursor.execute(sql, params)
    ~~~~~~~~~~~~~~^^^^^^^^^^^^^
  File "C:\abay_repository\venv\Lib\site-packages\django\db\backends\utils.py", line 122, in execute
    return super().execute(sql, params)
           ~~~~~~~~~~~~~~~^^^^^^^^^^^^^
  File "C:\abay_repository\venv\Lib\site-packages\django\db\backends\utils.py", line 79, in execute
    return self._execute_with_wrappers(
           ~~~~~~~~~~~~~~~~~~~~~~~~~~~^
        sql, params, many=False, executor=self._execute
        ^^^^^^^^^^^^^^^^^^^^^^^^^^^^^^^^^^^^^^^^^^^^^^^
    )
    ^
  File "C:\abay_repository\venv\Lib\site-packages\django\db\backends\utils.py", line 92, in _execute_with_wrappers
    return executor(sql, params, many, context)
  File "C:\abay_repository\venv\Lib\site-packages\django\db\backends\utils.py", line 100, in _execute
    with self.db.wrap_database_errors:
         ^^^^^^^^^^^^^^^^^^^^^^^^^^^^
  File "C:\abay_repository\venv\Lib\site-packages\django\db\utils.py", line 91, in __exit__
    raise dj_exc_value.with_traceback(traceback) from exc_value
  File "C:\abay_repository\venv\Lib\site-packages\django\db\backends\utils.py", line 105, in _execute
    return self.cursor.execute(sql, params)
           ~~~~~~~~~~~~~~~~~~~^^^^^^^^^^^^^
  File "C:\abay_repository\venv\Lib\site-packages\django\db\backends\sqlite3\base.py", line 329, in execute
    return super().execute(query, params)
           ~~~~~~~~~~~~~~~^^^^^^^^^^^^^^^
django.db.utils.OperationalError: no such table: books
"GET / HTTP/1.1" 500 131097
"GET / HTTP/1.1" 500 131097
Watching for file changes with StatReloader
Watching for file changes with StatReloader
"GET / HTTP/1.1" 200 29285
"GET / HTTP/1.1" 200 29285
"GET /books/ HTTP/1.1" 200 20170
"GET /books/ HTTP/1.1" 200 20170
"GET / HTTP/1.1" 200 29285
"GET / HTTP/1.1" 200 29285
"GET /accounts/register/author/ HTTP/1.1" 200 45961
"GET /accounts/register/author/ HTTP/1.1" 200 45961
"GET /accounts/register/client/ HTTP/1.1" 200 34440
"GET /accounts/register/client/ HTTP/1.1" 200 34440
"GET / HTTP/1.1" 200 29285
"GET / HTTP/1.1" 200 29285
"GET /accounts/register/author/ HTTP/1.1" 200 45961
"GET /accounts/register/author/ HTTP/1.1" 200 45961
"GET /accounts/login/ HTTP/1.1" 200 17640
"GET /accounts/login/ HTTP/1.1" 200 17640
Not Found: /favicon.ico
Not Found: /favicon.ico
"GET /favicon.ico HTTP/1.1" 404 3639
"GET /favicon.ico HTTP/1.1" 404 3639
"GET / HTTP/1.1" 200 29285
"GET / HTTP/1.1" 200 29285
"GET /accounts/register/author/ HTTP/1.1" 200 45961
"GET /accounts/register/author/ HTTP/1.1" 200 45961
"POST /accounts/register/author/ HTTP/1.1" 200 46054
"POST /accounts/register/author/ HTTP/1.1" 200 46054
"GET / HTTP/1.1" 200 29285
"GET / HTTP/1.1" 200 29285
"GET /accounts/register/client/ HTTP/1.1" 200 34440
"GET /accounts/register/client/ HTTP/1.1" 200 34440
"GET /accounts/register/client/ HTTP/1.1" 200 34440
"GET /accounts/register/client/ HTTP/1.1" 200 34440
"GET /accounts/register/author/ HTTP/1.1" 200 45961
"GET /accounts/register/author/ HTTP/1.1" 200 45961
"GET /accounts/register/client/ HTTP/1.1" 200 34440
"GET /accounts/register/client/ HTTP/1.1" 200 34440
"GET /accounts/login/ HTTP/1.1" 200 17640
"GET /accounts/login/ HTTP/1.1" 200 17640
Not Found: /favicon.ico
Not Found: /favicon.ico
"GET /favicon.ico HTTP/1.1" 404 3639
"GET /favicon.ico HTTP/1.1" 404 3639
"POST /accounts/login/ HTTP/1.1" 200 17993
"POST /accounts/login/ HTTP/1.1" 200 17993
"POST /accounts/login/ HTTP/1.1" 200 17993
"POST /accounts/login/ HTTP/1.1" 200 17993
"POST /accounts/login/ HTTP/1.1" 200 17996
"POST /accounts/login/ HTTP/1.1" 200 17996
"POST /accounts/login/ HTTP/1.1" 302 0
"POST /accounts/login/ HTTP/1.1" 302 0
"GET /dashboard/client/ HTTP/1.1" 200 16450
"GET /dashboard/client/ HTTP/1.1" 200 16450
"GET /accounts/logout/ HTTP/1.1" 302 0
"GET /accounts/logout/ HTTP/1.1" 302 0
"GET / HTTP/1.1" 200 29607
"GET / HTTP/1.1" 200 29607
"GET /accounts/login/ HTTP/1.1" 200 17640
"GET /accounts/login/ HTTP/1.1" 200 17640
"POST /accounts/login/ HTTP/1.1" 200 17993
"POST /accounts/login/ HTTP/1.1" 200 17993
"POST /accounts/login/ HTTP/1.1" 200 17993
"POST /accounts/login/ HTTP/1.1" 200 17993
"POST /accounts/login/ HTTP/1.1" 200 17993
"POST /accounts/login/ HTTP/1.1" 200 17993
"POST /accounts/login/ HTTP/1.1" 200 17993
"POST /accounts/login/ HTTP/1.1" 200 17993
"POST /accounts/login/ HTTP/1.1" 200 17993
"POST /accounts/login/ HTTP/1.1" 200 17993
"POST /accounts/login/ HTTP/1.1" 200 17993
"POST /accounts/login/ HTTP/1.1" 200 17993
"POST /accounts/login/ HTTP/1.1" 200 17995
"POST /accounts/login/ HTTP/1.1" 200 17995
"POST /accounts/login/ HTTP/1.1" 200 17995
"POST /accounts/login/ HTTP/1.1" 200 17995
"POST /accounts/login/ HTTP/1.1" 200 17994
"POST /accounts/login/ HTTP/1.1" 200 17994
"POST /accounts/login/ HTTP/1.1" 302 0
"POST /accounts/login/ HTTP/1.1" 302 0
"GET /dashboard/client/ HTTP/1.1" 200 16450
"GET /dashboard/client/ HTTP/1.1" 200 16450
"GET /accounts/logout/ HTTP/1.1" 302 0
"GET /accounts/logout/ HTTP/1.1" 302 0
"GET / HTTP/1.1" 200 29607
"GET / HTTP/1.1" 200 29607
"GET /accounts/login/ HTTP/1.1" 200 17640
"GET /accounts/login/ HTTP/1.1" 200 17640
"GET / HTTP/1.1" 200 29285
"GET / HTTP/1.1" 200 29285
"GET /accounts/login/ HTTP/1.1" 200 17640
"GET /accounts/login/ HTTP/1.1" 200 17640
"POST /accounts/login/ HTTP/1.1" 200 17996
"POST /accounts/login/ HTTP/1.1" 200 17996
"POST /accounts/login/ HTTP/1.1" 302 0
"POST /accounts/login/ HTTP/1.1" 302 0
"GET /dashboard/client/ HTTP/1.1" 200 16450
"GET /dashboard/client/ HTTP/1.1" 200 16450
"GET /accounts/logout/ HTTP/1.1" 302 0
"GET /accounts/logout/ HTTP/1.1" 302 0
"GET / HTTP/1.1" 200 29607
"GET / HTTP/1.1" 200 29607
"GET /accounts/login/ HTTP/1.1" 200 17640
"GET /accounts/login/ HTTP/1.1" 200 17640
"GET /accounts/register/author/ HTTP/1.1" 200 45961
"GET /accounts/register/author/ HTTP/1.1" 200 45961
"POST /accounts/register/author/ HTTP/1.1" 200 46054
"POST /accounts/register/author/ HTTP/1.1" 200 46054
C:\abay_repository\accounts\views.py changed, reloading.
C:\abay_repository\accounts\views.py changed, reloading.
Watching for file changes with StatReloader
Watching for file changes with StatReloader
C:\abay_repository\accounts\views.py changed, reloading.
C:\abay_repository\accounts\views.py changed, reloading.
Watching for file changes with StatReloader
Watching for file changes with StatReloader
Watching for file changes with StatReloader
Watching for file changes with StatReloader
C:\abay_repository\accounts\forms.py changed, reloading.
C:\abay_repository\accounts\forms.py changed, reloading.
Watching for file changes with StatReloader
Watching for file changes with StatReloader
"POST /accounts/register/author/ HTTP/1.1" 200 26045
"POST /accounts/register/author/ HTTP/1.1" 200 26045
"POST /accounts/register/author/ HTTP/1.1" 302 0
"POST /accounts/register/author/ HTTP/1.1" 302 0
"GET /dashboard/author/ HTTP/1.1" 200 19752
"GET /dashboard/author/ HTTP/1.1" 200 19752
"GET /books/upload/ HTTP/1.1" 200 42298
"GET /books/upload/ HTTP/1.1" 200 42298
"GET /accounts/logout/ HTTP/1.1" 302 0
"GET /accounts/logout/ HTTP/1.1" 302 0
"GET / HTTP/1.1" 200 29607
"GET / HTTP/1.1" 200 29607
"GET /accounts/register/client/ HTTP/1.1" 200 34440
"GET /accounts/register/client/ HTTP/1.1" 200 34440
"POST /accounts/register/client/ HTTP/1.1" 200 35540
"POST /accounts/register/client/ HTTP/1.1" 200 35540
"POST /accounts/register/client/ HTTP/1.1" 302 0
"POST /accounts/register/client/ HTTP/1.1" 302 0
"GET /dashboard/client/ HTTP/1.1" 200 16515
"GET /dashboard/client/ HTTP/1.1" 200 16515
"GET /accounts/logout/ HTTP/1.1" 302 0
"GET /accounts/logout/ HTTP/1.1" 302 0
"GET / HTTP/1.1" 200 29607
"GET / HTTP/1.1" 200 29607
"GET /accounts/login/ HTTP/1.1" 200 17640
"GET /accounts/login/ HTTP/1.1" 200 17640
"POST /accounts/login/ HTTP/1.1" 302 0
"POST /accounts/login/ HTTP/1.1" 302 0
"GET /dashboard/client/ HTTP/1.1" 200 16450
"GET /dashboard/client/ HTTP/1.1" 200 16450
"GET /accounts/logout/ HTTP/1.1" 302 0
"GET /accounts/logout/ HTTP/1.1" 302 0
"GET / HTTP/1.1" 200 29607
"GET / HTTP/1.1" 200 29607
"GET /accounts/register/author/ HTTP/1.1" 200 37513
"GET /accounts/register/author/ HTTP/1.1" 200 37513
C:\abay_repository\dashboard\urls.py changed, reloading.
C:\abay_repository\dashboard\urls.py changed, reloading.
Watching for file changes with StatReloader
Watching for file changes with StatReloader
"GET /accounts/register/client/ HTTP/1.1" 200 34440
"GET /accounts/register/client/ HTTP/1.1" 200 34440
"GET /accounts/register/author/ HTTP/1.1" 200 37513
"GET /accounts/register/author/ HTTP/1.1" 200 37513
"GET /accounts/login/ HTTP/1.1" 200 17640
"GET /accounts/login/ HTTP/1.1" 200 17640
"POST /accounts/login/ HTTP/1.1" 302 0
"POST /accounts/login/ HTTP/1.1" 302 0
"GET /dashboard/client/ HTTP/1.1" 200 16450
"GET /dashboard/client/ HTTP/1.1" 200 16450
"GET /dashboard/redirect/ HTTP/1.1" 302 0
"GET /dashboard/redirect/ HTTP/1.1" 302 0
"GET /dashboard/client/ HTTP/1.1" 200 16134
"GET /dashboard/client/ HTTP/1.1" 200 16134
"GET /accounts/logout/ HTTP/1.1" 302 0
"GET /accounts/logout/ HTTP/1.1" 302 0
"GET / HTTP/1.1" 200 29607
"GET / HTTP/1.1" 200 29607
"GET / HTTP/1.1" 200 29285
"GET / HTTP/1.1" 200 29285
"GET /accounts/login/ HTTP/1.1" 200 17640
"GET /accounts/login/ HTTP/1.1" 200 17640
"POST /accounts/login/ HTTP/1.1" 200 17988
"POST /accounts/login/ HTTP/1.1" 200 17988
"POST /accounts/login/ HTTP/1.1" 200 17988
"POST /accounts/login/ HTTP/1.1" 200 17988
Watching for file changes with StatReloader
Watching for file changes with StatReloader
"POST /accounts/login/ HTTP/1.1" 302 0
"POST /accounts/login/ HTTP/1.1" 302 0
"GET /dashboard/client/ HTTP/1.1" 200 16458
"GET /dashboard/client/ HTTP/1.1" 200 16458
C:\abay_repository\accounts\models.py changed, reloading.
C:\abay_repository\accounts\models.py changed, reloading.
Watching for file changes with StatReloader
Watching for file changes with StatReloader
C:\abay_repository\dashboard\views.py changed, reloading.
C:\abay_repository\dashboard\views.py changed, reloading.
Watching for file changes with StatReloader
Watching for file changes with StatReloader
C:\abay_repository\accounts\views.py changed, reloading.
C:\abay_repository\accounts\views.py changed, reloading.
Watching for file changes with StatReloader
Watching for file changes with StatReloader
Internal Server Error: /
Traceback (most recent call last):
  File "C:\abay_repository\venv\Lib\site-packages\django\db\backends\utils.py", line 105, in _execute
    return self.cursor.execute(sql, params)
           ~~~~~~~~~~~~~~~~~~~^^^^^^^^^^^^^
  File "C:\abay_repository\venv\Lib\site-packages\django\db\backends\sqlite3\base.py", line 329, in execute
    return super().execute(query, params)
           ~~~~~~~~~~~~~~~^^^^^^^^^^^^^^^
sqlite3.OperationalError: no such column: users.two_factor_enabled

The above exception was the direct cause of the following exception:

Traceback (most recent call last):
  File "C:\abay_repository\venv\Lib\site-packages\django\core\handlers\exception.py", line 55, in inner
    response = get_response(request)
  File "C:\abay_repository\venv\Lib\site-packages\django\core\handlers\base.py", line 197, in _get_response
    response = wrapped_callback(request, *callback_args, **callback_kwargs)
  File "C:\abay_repository\config\views.py", line 27, in home_view
    return render(request, 'home.html', context)
  File "C:\abay_repository\venv\Lib\site-packages\django\shortcuts.py", line 25, in render
    content = loader.render_to_string(template_name, context, request, using=using)
  File "C:\abay_repository\venv\Lib\site-packages\django\template\loader.py", line 62, in render_to_string
    return template.render(context, request)
           ~~~~~~~~~~~~~~~^^^^^^^^^^^^^^^^^^
  File "C:\abay_repository\venv\Lib\site-packages\django\template\backends\django.py", line 61, in render
    return self.template.render(context)
           ~~~~~~~~~~~~~~~~~~~~^^^^^^^^^
  File "C:\abay_repository\venv\Lib\site-packages\django\template\base.py", line 171, in render
    return self._render(context)
           ~~~~~~~~~~~~^^^^^^^^^
  File "C:\abay_repository\venv\Lib\site-packages\django\template\base.py", line 163, in _render
    return self.nodelist.render(context)
           ~~~~~~~~~~~~~~~~~~~~^^^^^^^^^
  File "C:\abay_repository\venv\Lib\site-packages\django\template\base.py", line 1000, in render
    return SafeString("".join([node.render_annotated(context) for node in self]))
                               ~~~~~~~~~~~~~~~~~~~~~^^^^^^^^^
  File "C:\abay_repository\venv\Lib\site-packages\django\template\base.py", line 961, in render_annotated
    return self.render(context)
           ~~~~~~~~~~~^^^^^^^^^
  File "C:\abay_repository\venv\Lib\site-packages\django\template\loader_tags.py", line 159, in render
    return compiled_parent._render(context)
           ~~~~~~~~~~~~~~~~~~~~~~~^^^^^^^^^
  File "C:\abay_repository\venv\Lib\site-packages\django\template\base.py", line 163, in _render
    return self.nodelist.render(context)
           ~~~~~~~~~~~~~~~~~~~~^^^^^^^^^
  File "C:\abay_repository\venv\Lib\site-packages\django\template\base.py", line 1000, in render
    return SafeString("".join([node.render_annotated(context) for node in self]))
                               ~~~~~~~~~~~~~~~~~~~~~^^^^^^^^^
  File "C:\abay_repository\venv\Lib\site-packages\django\template\base.py", line 961, in render_annotated
    return self.render(context)
           ~~~~~~~~~~~^^^^^^^^^
  File "C:\abay_repository\venv\Lib\site-packages\django\template\defaulttags.py", line 319, in render
    match = condition.eval(context)
  File "C:\abay_repository\venv\Lib\site-packages\django\template\defaulttags.py", line 885, in eval
    return self.value.resolve(context, ignore_failures=True)
           ~~~~~~~~~~~~~~~~~~^^^^^^^^^^^^^^^^^^^^^^^^^^^^^^^
  File "C:\abay_repository\venv\Lib\site-packages\django\template\base.py", line 710, in resolve
    obj = self.var.resolve(context)
  File "C:\abay_repository\venv\Lib\site-packages\django\template\base.py", line 842, in resolve
    value = self._resolve_lookup(context)
  File "C:\abay_repository\venv\Lib\site-packages\django\template\base.py", line 875, in _resolve_lookup
    current = current[bit]
              ~~~~~~~^^^^^
  File "C:\abay_repository\venv\Lib\site-packages\django\utils\functional.py", line 251, in inner
    self._setup()
    ~~~~~~~~~~~^^
  File "C:\abay_repository\venv\Lib\site-packages\django\utils\functional.py", line 404, in _setup
    self._wrapped = self._setupfunc()
                    ~~~~~~~~~~~~~~~^^
  File "C:\abay_repository\venv\Lib\site-packages\django\contrib\auth\middleware.py", line 33, in <lambda>
    request.user = SimpleLazyObject(lambda: get_user(request))
                                            ~~~~~~~~^^^^^^^^^
  File "C:\abay_repository\venv\Lib\site-packages\django\contrib\auth\middleware.py", line 13, in get_user
    request._cached_user = auth.get_user(request)
                           ~~~~~~~~~~~~~^^^^^^^^^
  File "C:\abay_repository\venv\Lib\site-packages\django\contrib\auth\__init__.py", line 216, in get_user
    user = backend.get_user(user_id)
  File "C:\abay_repository\venv\Lib\site-packages\django\contrib\auth\backends.py", line 157, in get_user
    user = UserModel._default_manager.get(pk=user_id)
  File "C:\abay_repository\venv\Lib\site-packages\django\db\models\manager.py", line 87, in manager_method
    return getattr(self.get_queryset(), name)(*args, **kwargs)
           ~~~~~~~~~~~~~~~~~~~~~~~~~~~~~~~~~~^^^^^^^^^^^^^^^^^
  File "C:\abay_repository\venv\Lib\site-packages\django\db\models\query.py", line 645, in get
    num = len(clone)
  File "C:\abay_repository\venv\Lib\site-packages\django\db\models\query.py", line 382, in __len__
    self._fetch_all()
    ~~~~~~~~~~~~~~~^^
  File "C:\abay_repository\venv\Lib\site-packages\django\db\models\query.py", line 1928, in _fetch_all
    self._result_cache = list(self._iterable_class(self))
                         ~~~~^^^^^^^^^^^^^^^^^^^^^^^^^^^^
  File "C:\abay_repository\venv\Lib\site-packages\django\db\models\query.py", line 91, in __iter__
    results = compiler.execute_sql(
        chunked_fetch=self.chunked_fetch, chunk_size=self.chunk_size
    )
  File "C:\abay_repository\venv\Lib\site-packages\django\db\models\sql\compiler.py", line 1562, in execute_sql
    cursor.execute(sql, params)
    ~~~~~~~~~~~~~~^^^^^^^^^^^^^
  File "C:\abay_repository\venv\Lib\site-packages\django\db\backends\utils.py", line 122, in execute
    return super().execute(sql, params)
           ~~~~~~~~~~~~~~~^^^^^^^^^^^^^
  File "C:\abay_repository\venv\Lib\site-packages\django\db\backends\utils.py", line 79, in execute
    return self._execute_with_wrappers(
           ~~~~~~~~~~~~~~~~~~~~~~~~~~~^
        sql, params, many=False, executor=self._execute
        ^^^^^^^^^^^^^^^^^^^^^^^^^^^^^^^^^^^^^^^^^^^^^^^
    )
    ^
  File "C:\abay_repository\venv\Lib\site-packages\django\db\backends\utils.py", line 92, in _execute_with_wrappers
    return executor(sql, params, many, context)
  File "C:\abay_repository\venv\Lib\site-packages\django\db\backends\utils.py", line 100, in _execute
    with self.db.wrap_database_errors:
         ^^^^^^^^^^^^^^^^^^^^^^^^^^^^
  File "C:\abay_repository\venv\Lib\site-packages\django\db\utils.py", line 91, in __exit__
    raise dj_exc_value.with_traceback(traceback) from exc_value
  File "C:\abay_repository\venv\Lib\site-packages\django\db\backends\utils.py", line 105, in _execute
    return self.cursor.execute(sql, params)
           ~~~~~~~~~~~~~~~~~~~^^^^^^^^^^^^^
  File "C:\abay_repository\venv\Lib\site-packages\django\db\backends\sqlite3\base.py", line 329, in execute
    return super().execute(query, params)
           ~~~~~~~~~~~~~~~^^^^^^^^^^^^^^^
django.db.utils.OperationalError: no such column: users.two_factor_enabled
Internal Server Error: /
Traceback (most recent call last):
  File "C:\abay_repository\venv\Lib\site-packages\django\db\backends\utils.py", line 105, in _execute
    return self.cursor.execute(sql, params)
           ~~~~~~~~~~~~~~~~~~~^^^^^^^^^^^^^
  File "C:\abay_repository\venv\Lib\site-packages\django\db\backends\sqlite3\base.py", line 329, in execute
    return super().execute(query, params)
           ~~~~~~~~~~~~~~~^^^^^^^^^^^^^^^
sqlite3.OperationalError: no such column: users.two_factor_enabled

The above exception was the direct cause of the following exception:

Traceback (most recent call last):
  File "C:\abay_repository\venv\Lib\site-packages\django\core\handlers\exception.py", line 55, in inner
    response = get_response(request)
  File "C:\abay_repository\venv\Lib\site-packages\django\core\handlers\base.py", line 197, in _get_response
    response = wrapped_callback(request, *callback_args, **callback_kwargs)
  File "C:\abay_repository\config\views.py", line 27, in home_view
    return render(request, 'home.html', context)
  File "C:\abay_repository\venv\Lib\site-packages\django\shortcuts.py", line 25, in render
    content = loader.render_to_string(template_name, context, request, using=using)
  File "C:\abay_repository\venv\Lib\site-packages\django\template\loader.py", line 62, in render_to_string
    return template.render(context, request)
           ~~~~~~~~~~~~~~~^^^^^^^^^^^^^^^^^^
  File "C:\abay_repository\venv\Lib\site-packages\django\template\backends\django.py", line 61, in render
    return self.template.render(context)
           ~~~~~~~~~~~~~~~~~~~~^^^^^^^^^
  File "C:\abay_repository\venv\Lib\site-packages\django\template\base.py", line 171, in render
    return self._render(context)
           ~~~~~~~~~~~~^^^^^^^^^
  File "C:\abay_repository\venv\Lib\site-packages\django\template\base.py", line 163, in _render
    return self.nodelist.render(context)
           ~~~~~~~~~~~~~~~~~~~~^^^^^^^^^
  File "C:\abay_repository\venv\Lib\site-packages\django\template\base.py", line 1000, in render
    return SafeString("".join([node.render_annotated(context) for node in self]))
                               ~~~~~~~~~~~~~~~~~~~~~^^^^^^^^^
  File "C:\abay_repository\venv\Lib\site-packages\django\template\base.py", line 961, in render_annotated
    return self.render(context)
           ~~~~~~~~~~~^^^^^^^^^
  File "C:\abay_repository\venv\Lib\site-packages\django\template\loader_tags.py", line 159, in render
    return compiled_parent._render(context)
           ~~~~~~~~~~~~~~~~~~~~~~~^^^^^^^^^
  File "C:\abay_repository\venv\Lib\site-packages\django\template\base.py", line 163, in _render
    return self.nodelist.render(context)
           ~~~~~~~~~~~~~~~~~~~~^^^^^^^^^
  File "C:\abay_repository\venv\Lib\site-packages\django\template\base.py", line 1000, in render
    return SafeString("".join([node.render_annotated(context) for node in self]))
                               ~~~~~~~~~~~~~~~~~~~~~^^^^^^^^^
  File "C:\abay_repository\venv\Lib\site-packages\django\template\base.py", line 961, in render_annotated
    return self.render(context)
           ~~~~~~~~~~~^^^^^^^^^
  File "C:\abay_repository\venv\Lib\site-packages\django\template\defaulttags.py", line 319, in render
    match = condition.eval(context)
  File "C:\abay_repository\venv\Lib\site-packages\django\template\defaulttags.py", line 885, in eval
    return self.value.resolve(context, ignore_failures=True)
           ~~~~~~~~~~~~~~~~~~^^^^^^^^^^^^^^^^^^^^^^^^^^^^^^^
  File "C:\abay_repository\venv\Lib\site-packages\django\template\base.py", line 710, in resolve
    obj = self.var.resolve(context)
  File "C:\abay_repository\venv\Lib\site-packages\django\template\base.py", line 842, in resolve
    value = self._resolve_lookup(context)
  File "C:\abay_repository\venv\Lib\site-packages\django\template\base.py", line 875, in _resolve_lookup
    current = current[bit]
              ~~~~~~~^^^^^
  File "C:\abay_repository\venv\Lib\site-packages\django\utils\functional.py", line 251, in inner
    self._setup()
    ~~~~~~~~~~~^^
  File "C:\abay_repository\venv\Lib\site-packages\django\utils\functional.py", line 404, in _setup
    self._wrapped = self._setupfunc()
                    ~~~~~~~~~~~~~~~^^
  File "C:\abay_repository\venv\Lib\site-packages\django\contrib\auth\middleware.py", line 33, in <lambda>
    request.user = SimpleLazyObject(lambda: get_user(request))
                                            ~~~~~~~~^^^^^^^^^
  File "C:\abay_repository\venv\Lib\site-packages\django\contrib\auth\middleware.py", line 13, in get_user
    request._cached_user = auth.get_user(request)
                           ~~~~~~~~~~~~~^^^^^^^^^
  File "C:\abay_repository\venv\Lib\site-packages\django\contrib\auth\__init__.py", line 216, in get_user
    user = backend.get_user(user_id)
  File "C:\abay_repository\venv\Lib\site-packages\django\contrib\auth\backends.py", line 157, in get_user
    user = UserModel._default_manager.get(pk=user_id)
  File "C:\abay_repository\venv\Lib\site-packages\django\db\models\manager.py", line 87, in manager_method
    return getattr(self.get_queryset(), name)(*args, **kwargs)
           ~~~~~~~~~~~~~~~~~~~~~~~~~~~~~~~~~~^^^^^^^^^^^^^^^^^
  File "C:\abay_repository\venv\Lib\site-packages\django\db\models\query.py", line 645, in get
    num = len(clone)
  File "C:\abay_repository\venv\Lib\site-packages\django\db\models\query.py", line 382, in __len__
    self._fetch_all()
    ~~~~~~~~~~~~~~~^^
  File "C:\abay_repository\venv\Lib\site-packages\django\db\models\query.py", line 1928, in _fetch_all
    self._result_cache = list(self._iterable_class(self))
                         ~~~~^^^^^^^^^^^^^^^^^^^^^^^^^^^^
  File "C:\abay_repository\venv\Lib\site-packages\django\db\models\query.py", line 91, in __iter__
    results = compiler.execute_sql(
        chunked_fetch=self.chunked_fetch, chunk_size=self.chunk_size
    )
  File "C:\abay_repository\venv\Lib\site-packages\django\db\models\sql\compiler.py", line 1562, in execute_sql
    cursor.execute(sql, params)
    ~~~~~~~~~~~~~~^^^^^^^^^^^^^
  File "C:\abay_repository\venv\Lib\site-packages\django\db\backends\utils.py", line 122, in execute
    return super().execute(sql, params)
           ~~~~~~~~~~~~~~~^^^^^^^^^^^^^
  File "C:\abay_repository\venv\Lib\site-packages\django\db\backends\utils.py", line 79, in execute
    return self._execute_with_wrappers(
           ~~~~~~~~~~~~~~~~~~~~~~~~~~~^
        sql, params, many=False, executor=self._execute
        ^^^^^^^^^^^^^^^^^^^^^^^^^^^^^^^^^^^^^^^^^^^^^^^
    )
    ^
  File "C:\abay_repository\venv\Lib\site-packages\django\db\backends\utils.py", line 92, in _execute_with_wrappers
    return executor(sql, params, many, context)
  File "C:\abay_repository\venv\Lib\site-packages\django\db\backends\utils.py", line 100, in _execute
    with self.db.wrap_database_errors:
         ^^^^^^^^^^^^^^^^^^^^^^^^^^^^
  File "C:\abay_repository\venv\Lib\site-packages\django\db\utils.py", line 91, in __exit__
    raise dj_exc_value.with_traceback(traceback) from exc_value
  File "C:\abay_repository\venv\Lib\site-packages\django\db\backends\utils.py", line 105, in _execute
    return self.cursor.execute(sql, params)
           ~~~~~~~~~~~~~~~~~~~^^^^^^^^^^^^^
  File "C:\abay_repository\venv\Lib\site-packages\django\db\backends\sqlite3\base.py", line 329, in execute
    return super().execute(query, params)
           ~~~~~~~~~~~~~~~^^^^^^^^^^^^^^^
django.db.utils.OperationalError: no such column: users.two_factor_enabled
"GET / HTTP/1.1" 500 252586
"GET / HTTP/1.1" 500 252586
Internal Server Error: /accounts/logout/
Traceback (most recent call last):
  File "C:\abay_repository\venv\Lib\site-packages\django\db\backends\utils.py", line 105, in _execute
    return self.cursor.execute(sql, params)
           ~~~~~~~~~~~~~~~~~~~^^^^^^^^^^^^^
  File "C:\abay_repository\venv\Lib\site-packages\django\db\backends\sqlite3\base.py", line 329, in execute
    return super().execute(query, params)
           ~~~~~~~~~~~~~~~^^^^^^^^^^^^^^^
sqlite3.OperationalError: no such column: users.two_factor_enabled

The above exception was the direct cause of the following exception:

Traceback (most recent call last):
  File "C:\abay_repository\venv\Lib\site-packages\django\core\handlers\exception.py", line 55, in inner
    response = get_response(request)
  File "C:\abay_repository\venv\Lib\site-packages\django\core\handlers\base.py", line 197, in _get_response
    response = wrapped_callback(request, *callback_args, **callback_kwargs)
  File "C:\abay_repository\venv\Lib\site-packages\django\contrib\auth\decorators.py", line 22, in _wrapper_view
    if test_func(request.user):
       ~~~~~~~~~^^^^^^^^^^^^^^
  File "C:\abay_repository\venv\Lib\site-packages\django\contrib\auth\decorators.py", line 51, in <lambda>
    lambda u: u.is_authenticated,
              ^^^^^^^^^^^^^^^^^^
  File "C:\abay_repository\venv\Lib\site-packages\django\utils\functional.py", line 251, in inner
    self._setup()
    ~~~~~~~~~~~^^
  File "C:\abay_repository\venv\Lib\site-packages\django\utils\functional.py", line 404, in _setup
    self._wrapped = self._setupfunc()
                    ~~~~~~~~~~~~~~~^^
  File "C:\abay_repository\venv\Lib\site-packages\django\contrib\auth\middleware.py", line 33, in <lambda>
    request.user = SimpleLazyObject(lambda: get_user(request))
                                            ~~~~~~~~^^^^^^^^^
  File "C:\abay_repository\venv\Lib\site-packages\django\contrib\auth\middleware.py", line 13, in get_user
    request._cached_user = auth.get_user(request)
                           ~~~~~~~~~~~~~^^^^^^^^^
  File "C:\abay_repository\venv\Lib\site-packages\django\contrib\auth\__init__.py", line 216, in get_user
    user = backend.get_user(user_id)
  File "C:\abay_repository\venv\Lib\site-packages\django\contrib\auth\backends.py", line 157, in get_user
    user = UserModel._default_manager.get(pk=user_id)
  File "C:\abay_repository\venv\Lib\site-packages\django\db\models\manager.py", line 87, in manager_method
    return getattr(self.get_queryset(), name)(*args, **kwargs)
           ~~~~~~~~~~~~~~~~~~~~~~~~~~~~~~~~~~^^^^^^^^^^^^^^^^^
  File "C:\abay_repository\venv\Lib\site-packages\django\db\models\query.py", line 645, in get
    num = len(clone)
  File "C:\abay_repository\venv\Lib\site-packages\django\db\models\query.py", line 382, in __len__
    self._fetch_all()
    ~~~~~~~~~~~~~~~^^
  File "C:\abay_repository\venv\Lib\site-packages\django\db\models\query.py", line 1928, in _fetch_all
    self._result_cache = list(self._iterable_class(self))
                         ~~~~^^^^^^^^^^^^^^^^^^^^^^^^^^^^
  File "C:\abay_repository\venv\Lib\site-packages\django\db\models\query.py", line 91, in __iter__
    results = compiler.execute_sql(
        chunked_fetch=self.chunked_fetch, chunk_size=self.chunk_size
    )
  File "C:\abay_repository\venv\Lib\site-packages\django\db\models\sql\compiler.py", line 1562, in execute_sql
    cursor.execute(sql, params)
    ~~~~~~~~~~~~~~^^^^^^^^^^^^^
  File "C:\abay_repository\venv\Lib\site-packages\django\db\backends\utils.py", line 122, in execute
    return super().execute(sql, params)
           ~~~~~~~~~~~~~~~^^^^^^^^^^^^^
  File "C:\abay_repository\venv\Lib\site-packages\django\db\backends\utils.py", line 79, in execute
    return self._execute_with_wrappers(
           ~~~~~~~~~~~~~~~~~~~~~~~~~~~^
        sql, params, many=False, executor=self._execute
        ^^^^^^^^^^^^^^^^^^^^^^^^^^^^^^^^^^^^^^^^^^^^^^^
    )
    ^
  File "C:\abay_repository\venv\Lib\site-packages\django\db\backends\utils.py", line 92, in _execute_with_wrappers
    return executor(sql, params, many, context)
  File "C:\abay_repository\venv\Lib\site-packages\django\db\backends\utils.py", line 100, in _execute
    with self.db.wrap_database_errors:
         ^^^^^^^^^^^^^^^^^^^^^^^^^^^^
  File "C:\abay_repository\venv\Lib\site-packages\django\db\utils.py", line 91, in __exit__
    raise dj_exc_value.with_traceback(traceback) from exc_value
  File "C:\abay_repository\venv\Lib\site-packages\django\db\backends\utils.py", line 105, in _execute
    return self.cursor.execute(sql, params)
           ~~~~~~~~~~~~~~~~~~~^^^^^^^^^^^^^
  File "C:\abay_repository\venv\Lib\site-packages\django\db\backends\sqlite3\base.py", line 329, in execute
    return super().execute(query, params)
           ~~~~~~~~~~~~~~~^^^^^^^^^^^^^^^
django.db.utils.OperationalError: no such column: users.two_factor_enabled
Internal Server Error: /accounts/logout/
Traceback (most recent call last):
  File "C:\abay_repository\venv\Lib\site-packages\django\db\backends\utils.py", line 105, in _execute
    return self.cursor.execute(sql, params)
           ~~~~~~~~~~~~~~~~~~~^^^^^^^^^^^^^
  File "C:\abay_repository\venv\Lib\site-packages\django\db\backends\sqlite3\base.py", line 329, in execute
    return super().execute(query, params)
           ~~~~~~~~~~~~~~~^^^^^^^^^^^^^^^
sqlite3.OperationalError: no such column: users.two_factor_enabled

The above exception was the direct cause of the following exception:

Traceback (most recent call last):
  File "C:\abay_repository\venv\Lib\site-packages\django\core\handlers\exception.py", line 55, in inner
    response = get_response(request)
  File "C:\abay_repository\venv\Lib\site-packages\django\core\handlers\base.py", line 197, in _get_response
    response = wrapped_callback(request, *callback_args, **callback_kwargs)
  File "C:\abay_repository\venv\Lib\site-packages\django\contrib\auth\decorators.py", line 22, in _wrapper_view
    if test_func(request.user):
       ~~~~~~~~~^^^^^^^^^^^^^^
  File "C:\abay_repository\venv\Lib\site-packages\django\contrib\auth\decorators.py", line 51, in <lambda>
    lambda u: u.is_authenticated,
              ^^^^^^^^^^^^^^^^^^
  File "C:\abay_repository\venv\Lib\site-packages\django\utils\functional.py", line 251, in inner
    self._setup()
    ~~~~~~~~~~~^^
  File "C:\abay_repository\venv\Lib\site-packages\django\utils\functional.py", line 404, in _setup
    self._wrapped = self._setupfunc()
                    ~~~~~~~~~~~~~~~^^
  File "C:\abay_repository\venv\Lib\site-packages\django\contrib\auth\middleware.py", line 33, in <lambda>
    request.user = SimpleLazyObject(lambda: get_user(request))
                                            ~~~~~~~~^^^^^^^^^
  File "C:\abay_repository\venv\Lib\site-packages\django\contrib\auth\middleware.py", line 13, in get_user
    request._cached_user = auth.get_user(request)
                           ~~~~~~~~~~~~~^^^^^^^^^
  File "C:\abay_repository\venv\Lib\site-packages\django\contrib\auth\__init__.py", line 216, in get_user
    user = backend.get_user(user_id)
  File "C:\abay_repository\venv\Lib\site-packages\django\contrib\auth\backends.py", line 157, in get_user
    user = UserModel._default_manager.get(pk=user_id)
  File "C:\abay_repository\venv\Lib\site-packages\django\db\models\manager.py", line 87, in manager_method
    return getattr(self.get_queryset(), name)(*args, **kwargs)
           ~~~~~~~~~~~~~~~~~~~~~~~~~~~~~~~~~~^^^^^^^^^^^^^^^^^
  File "C:\abay_repository\venv\Lib\site-packages\django\db\models\query.py", line 645, in get
    num = len(clone)
  File "C:\abay_repository\venv\Lib\site-packages\django\db\models\query.py", line 382, in __len__
    self._fetch_all()
    ~~~~~~~~~~~~~~~^^
  File "C:\abay_repository\venv\Lib\site-packages\django\db\models\query.py", line 1928, in _fetch_all
    self._result_cache = list(self._iterable_class(self))
                         ~~~~^^^^^^^^^^^^^^^^^^^^^^^^^^^^
  File "C:\abay_repository\venv\Lib\site-packages\django\db\models\query.py", line 91, in __iter__
    results = compiler.execute_sql(
        chunked_fetch=self.chunked_fetch, chunk_size=self.chunk_size
    )
  File "C:\abay_repository\venv\Lib\site-packages\django\db\models\sql\compiler.py", line 1562, in execute_sql
    cursor.execute(sql, params)
    ~~~~~~~~~~~~~~^^^^^^^^^^^^^
  File "C:\abay_repository\venv\Lib\site-packages\django\db\backends\utils.py", line 122, in execute
    return super().execute(sql, params)
           ~~~~~~~~~~~~~~~^^^^^^^^^^^^^
  File "C:\abay_repository\venv\Lib\site-packages\django\db\backends\utils.py", line 79, in execute
    return self._execute_with_wrappers(
           ~~~~~~~~~~~~~~~~~~~~~~~~~~~^
        sql, params, many=False, executor=self._execute
        ^^^^^^^^^^^^^^^^^^^^^^^^^^^^^^^^^^^^^^^^^^^^^^^
    )
    ^
  File "C:\abay_repository\venv\Lib\site-packages\django\db\backends\utils.py", line 92, in _execute_with_wrappers
    return executor(sql, params, many, context)
  File "C:\abay_repository\venv\Lib\site-packages\django\db\backends\utils.py", line 100, in _execute
    with self.db.wrap_database_errors:
         ^^^^^^^^^^^^^^^^^^^^^^^^^^^^
  File "C:\abay_repository\venv\Lib\site-packages\django\db\utils.py", line 91, in __exit__
    raise dj_exc_value.with_traceback(traceback) from exc_value
  File "C:\abay_repository\venv\Lib\site-packages\django\db\backends\utils.py", line 105, in _execute
    return self.cursor.execute(sql, params)
           ~~~~~~~~~~~~~~~~~~~^^^^^^^^^^^^^
  File "C:\abay_repository\venv\Lib\site-packages\django\db\backends\sqlite3\base.py", line 329, in execute
    return super().execute(query, params)
           ~~~~~~~~~~~~~~~^^^^^^^^^^^^^^^
django.db.utils.OperationalError: no such column: users.two_factor_enabled
"GET /accounts/logout/ HTTP/1.1" 500 180571
"GET /accounts/logout/ HTTP/1.1" 500 180571
Internal Server Error: /
Traceback (most recent call last):
  File "C:\abay_repository\venv\Lib\site-packages\django\db\backends\utils.py", line 105, in _execute
    return self.cursor.execute(sql, params)
           ~~~~~~~~~~~~~~~~~~~^^^^^^^^^^^^^
  File "C:\abay_repository\venv\Lib\site-packages\django\db\backends\sqlite3\base.py", line 329, in execute
    return super().execute(query, params)
           ~~~~~~~~~~~~~~~^^^^^^^^^^^^^^^
sqlite3.OperationalError: no such column: users.two_factor_enabled

The above exception was the direct cause of the following exception:

Traceback (most recent call last):
  File "C:\abay_repository\venv\Lib\site-packages\django\core\handlers\exception.py", line 55, in inner
    response = get_response(request)
  File "C:\abay_repository\venv\Lib\site-packages\django\core\handlers\base.py", line 197, in _get_response
    response = wrapped_callback(request, *callback_args, **callback_kwargs)
  File "C:\abay_repository\config\views.py", line 27, in home_view
    return render(request, 'home.html', context)
  File "C:\abay_repository\venv\Lib\site-packages\django\shortcuts.py", line 25, in render
    content = loader.render_to_string(template_name, context, request, using=using)
  File "C:\abay_repository\venv\Lib\site-packages\django\template\loader.py", line 62, in render_to_string
    return template.render(context, request)
           ~~~~~~~~~~~~~~~^^^^^^^^^^^^^^^^^^
  File "C:\abay_repository\venv\Lib\site-packages\django\template\backends\django.py", line 61, in render
    return self.template.render(context)
           ~~~~~~~~~~~~~~~~~~~~^^^^^^^^^
  File "C:\abay_repository\venv\Lib\site-packages\django\template\base.py", line 171, in render
    return self._render(context)
           ~~~~~~~~~~~~^^^^^^^^^
  File "C:\abay_repository\venv\Lib\site-packages\django\template\base.py", line 163, in _render
    return self.nodelist.render(context)
           ~~~~~~~~~~~~~~~~~~~~^^^^^^^^^
  File "C:\abay_repository\venv\Lib\site-packages\django\template\base.py", line 1000, in render
    return SafeString("".join([node.render_annotated(context) for node in self]))
                               ~~~~~~~~~~~~~~~~~~~~~^^^^^^^^^
  File "C:\abay_repository\venv\Lib\site-packages\django\template\base.py", line 961, in render_annotated
    return self.render(context)
           ~~~~~~~~~~~^^^^^^^^^
  File "C:\abay_repository\venv\Lib\site-packages\django\template\loader_tags.py", line 159, in render
    return compiled_parent._render(context)
           ~~~~~~~~~~~~~~~~~~~~~~~^^^^^^^^^
  File "C:\abay_repository\venv\Lib\site-packages\django\template\base.py", line 163, in _render
    return self.nodelist.render(context)
           ~~~~~~~~~~~~~~~~~~~~^^^^^^^^^
  File "C:\abay_repository\venv\Lib\site-packages\django\template\base.py", line 1000, in render
    return SafeString("".join([node.render_annotated(context) for node in self]))
                               ~~~~~~~~~~~~~~~~~~~~~^^^^^^^^^
  File "C:\abay_repository\venv\Lib\site-packages\django\template\base.py", line 961, in render_annotated
    return self.render(context)
           ~~~~~~~~~~~^^^^^^^^^
  File "C:\abay_repository\venv\Lib\site-packages\django\template\defaulttags.py", line 319, in render
    match = condition.eval(context)
  File "C:\abay_repository\venv\Lib\site-packages\django\template\defaulttags.py", line 885, in eval
    return self.value.resolve(context, ignore_failures=True)
           ~~~~~~~~~~~~~~~~~~^^^^^^^^^^^^^^^^^^^^^^^^^^^^^^^
  File "C:\abay_repository\venv\Lib\site-packages\django\template\base.py", line 710, in resolve
    obj = self.var.resolve(context)
  File "C:\abay_repository\venv\Lib\site-packages\django\template\base.py", line 842, in resolve
    value = self._resolve_lookup(context)
  File "C:\abay_repository\venv\Lib\site-packages\django\template\base.py", line 875, in _resolve_lookup
    current = current[bit]
              ~~~~~~~^^^^^
  File "C:\abay_repository\venv\Lib\site-packages\django\utils\functional.py", line 251, in inner
    self._setup()
    ~~~~~~~~~~~^^
  File "C:\abay_repository\venv\Lib\site-packages\django\utils\functional.py", line 404, in _setup
    self._wrapped = self._setupfunc()
                    ~~~~~~~~~~~~~~~^^
  File "C:\abay_repository\venv\Lib\site-packages\django\contrib\auth\middleware.py", line 33, in <lambda>
    request.user = SimpleLazyObject(lambda: get_user(request))
                                            ~~~~~~~~^^^^^^^^^
  File "C:\abay_repository\venv\Lib\site-packages\django\contrib\auth\middleware.py", line 13, in get_user
    request._cached_user = auth.get_user(request)
                           ~~~~~~~~~~~~~^^^^^^^^^
  File "C:\abay_repository\venv\Lib\site-packages\django\contrib\auth\__init__.py", line 216, in get_user
    user = backend.get_user(user_id)
  File "C:\abay_repository\venv\Lib\site-packages\django\contrib\auth\backends.py", line 157, in get_user
    user = UserModel._default_manager.get(pk=user_id)
  File "C:\abay_repository\venv\Lib\site-packages\django\db\models\manager.py", line 87, in manager_method
    return getattr(self.get_queryset(), name)(*args, **kwargs)
           ~~~~~~~~~~~~~~~~~~~~~~~~~~~~~~~~~~^^^^^^^^^^^^^^^^^
  File "C:\abay_repository\venv\Lib\site-packages\django\db\models\query.py", line 645, in get
    num = len(clone)
  File "C:\abay_repository\venv\Lib\site-packages\django\db\models\query.py", line 382, in __len__
    self._fetch_all()
    ~~~~~~~~~~~~~~~^^
  File "C:\abay_repository\venv\Lib\site-packages\django\db\models\query.py", line 1928, in _fetch_all
    self._result_cache = list(self._iterable_class(self))
                         ~~~~^^^^^^^^^^^^^^^^^^^^^^^^^^^^
  File "C:\abay_repository\venv\Lib\site-packages\django\db\models\query.py", line 91, in __iter__
    results = compiler.execute_sql(
        chunked_fetch=self.chunked_fetch, chunk_size=self.chunk_size
    )
  File "C:\abay_repository\venv\Lib\site-packages\django\db\models\sql\compiler.py", line 1562, in execute_sql
    cursor.execute(sql, params)
    ~~~~~~~~~~~~~~^^^^^^^^^^^^^
  File "C:\abay_repository\venv\Lib\site-packages\django\db\backends\utils.py", line 122, in execute
    return super().execute(sql, params)
           ~~~~~~~~~~~~~~~^^^^^^^^^^^^^
  File "C:\abay_repository\venv\Lib\site-packages\django\db\backends\utils.py", line 79, in execute
    return self._execute_with_wrappers(
           ~~~~~~~~~~~~~~~~~~~~~~~~~~~^
        sql, params, many=False, executor=self._execute
        ^^^^^^^^^^^^^^^^^^^^^^^^^^^^^^^^^^^^^^^^^^^^^^^
    )
    ^
  File "C:\abay_repository\venv\Lib\site-packages\django\db\backends\utils.py", line 92, in _execute_with_wrappers
    return executor(sql, params, many, context)
  File "C:\abay_repository\venv\Lib\site-packages\django\db\backends\utils.py", line 100, in _execute
    with self.db.wrap_database_errors:
         ^^^^^^^^^^^^^^^^^^^^^^^^^^^^
  File "C:\abay_repository\venv\Lib\site-packages\django\db\utils.py", line 91, in __exit__
    raise dj_exc_value.with_traceback(traceback) from exc_value
  File "C:\abay_repository\venv\Lib\site-packages\django\db\backends\utils.py", line 105, in _execute
    return self.cursor.execute(sql, params)
           ~~~~~~~~~~~~~~~~~~~^^^^^^^^^^^^^
  File "C:\abay_repository\venv\Lib\site-packages\django\db\backends\sqlite3\base.py", line 329, in execute
    return super().execute(query, params)
           ~~~~~~~~~~~~~~~^^^^^^^^^^^^^^^
django.db.utils.OperationalError: no such column: users.two_factor_enabled
Internal Server Error: /
Traceback (most recent call last):
  File "C:\abay_repository\venv\Lib\site-packages\django\db\backends\utils.py", line 105, in _execute
    return self.cursor.execute(sql, params)
           ~~~~~~~~~~~~~~~~~~~^^^^^^^^^^^^^
  File "C:\abay_repository\venv\Lib\site-packages\django\db\backends\sqlite3\base.py", line 329, in execute
    return super().execute(query, params)
           ~~~~~~~~~~~~~~~^^^^^^^^^^^^^^^
sqlite3.OperationalError: no such column: users.two_factor_enabled

The above exception was the direct cause of the following exception:

Traceback (most recent call last):
  File "C:\abay_repository\venv\Lib\site-packages\django\core\handlers\exception.py", line 55, in inner
    response = get_response(request)
  File "C:\abay_repository\venv\Lib\site-packages\django\core\handlers\base.py", line 197, in _get_response
    response = wrapped_callback(request, *callback_args, **callback_kwargs)
  File "C:\abay_repository\config\views.py", line 27, in home_view
    return render(request, 'home.html', context)
  File "C:\abay_repository\venv\Lib\site-packages\django\shortcuts.py", line 25, in render
    content = loader.render_to_string(template_name, context, request, using=using)
  File "C:\abay_repository\venv\Lib\site-packages\django\template\loader.py", line 62, in render_to_string
    return template.render(context, request)
           ~~~~~~~~~~~~~~~^^^^^^^^^^^^^^^^^^
  File "C:\abay_repository\venv\Lib\site-packages\django\template\backends\django.py", line 61, in render
    return self.template.render(context)
           ~~~~~~~~~~~~~~~~~~~~^^^^^^^^^
  File "C:\abay_repository\venv\Lib\site-packages\django\template\base.py", line 171, in render
    return self._render(context)
           ~~~~~~~~~~~~^^^^^^^^^
  File "C:\abay_repository\venv\Lib\site-packages\django\template\base.py", line 163, in _render
    return self.nodelist.render(context)
           ~~~~~~~~~~~~~~~~~~~~^^^^^^^^^
  File "C:\abay_repository\venv\Lib\site-packages\django\template\base.py", line 1000, in render
    return SafeString("".join([node.render_annotated(context) for node in self]))
                               ~~~~~~~~~~~~~~~~~~~~~^^^^^^^^^
  File "C:\abay_repository\venv\Lib\site-packages\django\template\base.py", line 961, in render_annotated
    return self.render(context)
           ~~~~~~~~~~~^^^^^^^^^
  File "C:\abay_repository\venv\Lib\site-packages\django\template\loader_tags.py", line 159, in render
    return compiled_parent._render(context)
           ~~~~~~~~~~~~~~~~~~~~~~~^^^^^^^^^
  File "C:\abay_repository\venv\Lib\site-packages\django\template\base.py", line 163, in _render
    return self.nodelist.render(context)
           ~~~~~~~~~~~~~~~~~~~~^^^^^^^^^
  File "C:\abay_repository\venv\Lib\site-packages\django\template\base.py", line 1000, in render
    return SafeString("".join([node.render_annotated(context) for node in self]))
                               ~~~~~~~~~~~~~~~~~~~~~^^^^^^^^^
  File "C:\abay_repository\venv\Lib\site-packages\django\template\base.py", line 961, in render_annotated
    return self.render(context)
           ~~~~~~~~~~~^^^^^^^^^
  File "C:\abay_repository\venv\Lib\site-packages\django\template\defaulttags.py", line 319, in render
    match = condition.eval(context)
  File "C:\abay_repository\venv\Lib\site-packages\django\template\defaulttags.py", line 885, in eval
    return self.value.resolve(context, ignore_failures=True)
           ~~~~~~~~~~~~~~~~~~^^^^^^^^^^^^^^^^^^^^^^^^^^^^^^^
  File "C:\abay_repository\venv\Lib\site-packages\django\template\base.py", line 710, in resolve
    obj = self.var.resolve(context)
  File "C:\abay_repository\venv\Lib\site-packages\django\template\base.py", line 842, in resolve
    value = self._resolve_lookup(context)
  File "C:\abay_repository\venv\Lib\site-packages\django\template\base.py", line 875, in _resolve_lookup
    current = current[bit]
              ~~~~~~~^^^^^
  File "C:\abay_repository\venv\Lib\site-packages\django\utils\functional.py", line 251, in inner
    self._setup()
    ~~~~~~~~~~~^^
  File "C:\abay_repository\venv\Lib\site-packages\django\utils\functional.py", line 404, in _setup
    self._wrapped = self._setupfunc()
                    ~~~~~~~~~~~~~~~^^
  File "C:\abay_repository\venv\Lib\site-packages\django\contrib\auth\middleware.py", line 33, in <lambda>
    request.user = SimpleLazyObject(lambda: get_user(request))
                                            ~~~~~~~~^^^^^^^^^
  File "C:\abay_repository\venv\Lib\site-packages\django\contrib\auth\middleware.py", line 13, in get_user
    request._cached_user = auth.get_user(request)
                           ~~~~~~~~~~~~~^^^^^^^^^
  File "C:\abay_repository\venv\Lib\site-packages\django\contrib\auth\__init__.py", line 216, in get_user
    user = backend.get_user(user_id)
  File "C:\abay_repository\venv\Lib\site-packages\django\contrib\auth\backends.py", line 157, in get_user
    user = UserModel._default_manager.get(pk=user_id)
  File "C:\abay_repository\venv\Lib\site-packages\django\db\models\manager.py", line 87, in manager_method
    return getattr(self.get_queryset(), name)(*args, **kwargs)
           ~~~~~~~~~~~~~~~~~~~~~~~~~~~~~~~~~~^^^^^^^^^^^^^^^^^
  File "C:\abay_repository\venv\Lib\site-packages\django\db\models\query.py", line 645, in get
    num = len(clone)
  File "C:\abay_repository\venv\Lib\site-packages\django\db\models\query.py", line 382, in __len__
    self._fetch_all()
    ~~~~~~~~~~~~~~~^^
  File "C:\abay_repository\venv\Lib\site-packages\django\db\models\query.py", line 1928, in _fetch_all
    self._result_cache = list(self._iterable_class(self))
                         ~~~~^^^^^^^^^^^^^^^^^^^^^^^^^^^^
  File "C:\abay_repository\venv\Lib\site-packages\django\db\models\query.py", line 91, in __iter__
    results = compiler.execute_sql(
        chunked_fetch=self.chunked_fetch, chunk_size=self.chunk_size
    )
  File "C:\abay_repository\venv\Lib\site-packages\django\db\models\sql\compiler.py", line 1562, in execute_sql
    cursor.execute(sql, params)
    ~~~~~~~~~~~~~~^^^^^^^^^^^^^
  File "C:\abay_repository\venv\Lib\site-packages\django\db\backends\utils.py", line 122, in execute
    return super().execute(sql, params)
           ~~~~~~~~~~~~~~~^^^^^^^^^^^^^
  File "C:\abay_repository\venv\Lib\site-packages\django\db\backends\utils.py", line 79, in execute
    return self._execute_with_wrappers(
           ~~~~~~~~~~~~~~~~~~~~~~~~~~~^
        sql, params, many=False, executor=self._execute
        ^^^^^^^^^^^^^^^^^^^^^^^^^^^^^^^^^^^^^^^^^^^^^^^
    )
    ^
  File "C:\abay_repository\venv\Lib\site-packages\django\db\backends\utils.py", line 92, in _execute_with_wrappers
    return executor(sql, params, many, context)
  File "C:\abay_repository\venv\Lib\site-packages\django\db\backends\utils.py", line 100, in _execute
    with self.db.wrap_database_errors:
         ^^^^^^^^^^^^^^^^^^^^^^^^^^^^
  File "C:\abay_repository\venv\Lib\site-packages\django\db\utils.py", line 91, in __exit__
    raise dj_exc_value.with_traceback(traceback) from exc_value
  File "C:\abay_repository\venv\Lib\site-packages\django\db\backends\utils.py", line 105, in _execute
    return self.cursor.execute(sql, params)
           ~~~~~~~~~~~~~~~~~~~^^^^^^^^^^^^^
  File "C:\abay_repository\venv\Lib\site-packages\django\db\backends\sqlite3\base.py", line 329, in execute
    return super().execute(query, params)
           ~~~~~~~~~~~~~~~^^^^^^^^^^^^^^^
django.db.utils.OperationalError: no such column: users.two_factor_enabled
"GET / HTTP/1.1" 500 252418
"GET / HTTP/1.1" 500 252418
"GET / HTTP/1.1" 200 29285
"GET / HTTP/1.1" 200 29285
"GET /accounts/login/ HTTP/1.1" 200 17640
"GET /accounts/login/ HTTP/1.1" 200 17640
Internal Server Error: /accounts/login/
Traceback (most recent call last):
  File "C:\abay_repository\venv\Lib\site-packages\django\db\backends\utils.py", line 105, in _execute
    return self.cursor.execute(sql, params)
           ~~~~~~~~~~~~~~~~~~~^^^^^^^^^^^^^
  File "C:\abay_repository\venv\Lib\site-packages\django\db\backends\sqlite3\base.py", line 329, in execute
    return super().execute(query, params)
           ~~~~~~~~~~~~~~~^^^^^^^^^^^^^^^
sqlite3.OperationalError: no such column: users.two_factor_enabled

The above exception was the direct cause of the following exception:

Traceback (most recent call last):
  File "C:\abay_repository\venv\Lib\site-packages\django\core\handlers\exception.py", line 55, in inner
    response = get_response(request)
  File "C:\abay_repository\venv\Lib\site-packages\django\core\handlers\base.py", line 197, in _get_response
    response = wrapped_callback(request, *callback_args, **callback_kwargs)
  File "C:\abay_repository\accounts\views.py", line 94, in login_view
    user = authenticate(request, username=username, password=password)
  File "C:\abay_repository\venv\Lib\site-packages\django\views\decorators\debug.py", line 75, in sensitive_variables_wrapper
    return func(*func_args, **func_kwargs)
  File "C:\abay_repository\venv\Lib\site-packages\django\contrib\auth\__init__.py", line 79, in authenticate
    user = backend.authenticate(request, **credentials)
  File "C:\abay_repository\venv\Lib\site-packages\django\contrib\auth\backends.py", line 42, in authenticate
    user = UserModel._default_manager.get_by_natural_key(username)
  File "C:\abay_repository\venv\Lib\site-packages\django\contrib\auth\base_user.py", line 56, in get_by_natural_key
    return self.get(**{self.model.USERNAME_FIELD: username})
           ~~~~~~~~^^^^^^^^^^^^^^^^^^^^^^^^^^^^^^^^^^^^^^^^^
  File "C:\abay_repository\venv\Lib\site-packages\django\db\models\manager.py", line 87, in manager_method
    return getattr(self.get_queryset(), name)(*args, **kwargs)
           ~~~~~~~~~~~~~~~~~~~~~~~~~~~~~~~~~~^^^^^^^^^^^^^^^^^
  File "C:\abay_repository\venv\Lib\site-packages\django\db\models\query.py", line 645, in get
    num = len(clone)
  File "C:\abay_repository\venv\Lib\site-packages\django\db\models\query.py", line 382, in __len__
    self._fetch_all()
    ~~~~~~~~~~~~~~~^^
  File "C:\abay_repository\venv\Lib\site-packages\django\db\models\query.py", line 1928, in _fetch_all
    self._result_cache = list(self._iterable_class(self))
                         ~~~~^^^^^^^^^^^^^^^^^^^^^^^^^^^^
  File "C:\abay_repository\venv\Lib\site-packages\django\db\models\query.py", line 91, in __iter__
    results = compiler.execute_sql(
        chunked_fetch=self.chunked_fetch, chunk_size=self.chunk_size
    )
  File "C:\abay_repository\venv\Lib\site-packages\django\db\models\sql\compiler.py", line 1562, in execute_sql
    cursor.execute(sql, params)
    ~~~~~~~~~~~~~~^^^^^^^^^^^^^
  File "C:\abay_repository\venv\Lib\site-packages\django\db\backends\utils.py", line 122, in execute
    return super().execute(sql, params)
           ~~~~~~~~~~~~~~~^^^^^^^^^^^^^
  File "C:\abay_repository\venv\Lib\site-packages\django\db\backends\utils.py", line 79, in execute
    return self._execute_with_wrappers(
           ~~~~~~~~~~~~~~~~~~~~~~~~~~~^
        sql, params, many=False, executor=self._execute
        ^^^^^^^^^^^^^^^^^^^^^^^^^^^^^^^^^^^^^^^^^^^^^^^
    )
    ^
  File "C:\abay_repository\venv\Lib\site-packages\django\db\backends\utils.py", line 92, in _execute_with_wrappers
    return executor(sql, params, many, context)
  File "C:\abay_repository\venv\Lib\site-packages\django\db\backends\utils.py", line 100, in _execute
    with self.db.wrap_database_errors:
         ^^^^^^^^^^^^^^^^^^^^^^^^^^^^
  File "C:\abay_repository\venv\Lib\site-packages\django\db\utils.py", line 91, in __exit__
    raise dj_exc_value.with_traceback(traceback) from exc_value
  File "C:\abay_repository\venv\Lib\site-packages\django\db\backends\utils.py", line 105, in _execute
    return self.cursor.execute(sql, params)
           ~~~~~~~~~~~~~~~~~~~^^^^^^^^^^^^^
  File "C:\abay_repository\venv\Lib\site-packages\django\db\backends\sqlite3\base.py", line 329, in execute
    return super().execute(query, params)
           ~~~~~~~~~~~~~~~^^^^^^^^^^^^^^^
django.db.utils.OperationalError: no such column: users.two_factor_enabled
Internal Server Error: /accounts/login/
Traceback (most recent call last):
  File "C:\abay_repository\venv\Lib\site-packages\django\db\backends\utils.py", line 105, in _execute
    return self.cursor.execute(sql, params)
           ~~~~~~~~~~~~~~~~~~~^^^^^^^^^^^^^
  File "C:\abay_repository\venv\Lib\site-packages\django\db\backends\sqlite3\base.py", line 329, in execute
    return super().execute(query, params)
           ~~~~~~~~~~~~~~~^^^^^^^^^^^^^^^
sqlite3.OperationalError: no such column: users.two_factor_enabled

The above exception was the direct cause of the following exception:

Traceback (most recent call last):
  File "C:\abay_repository\venv\Lib\site-packages\django\core\handlers\exception.py", line 55, in inner
    response = get_response(request)
  File "C:\abay_repository\venv\Lib\site-packages\django\core\handlers\base.py", line 197, in _get_response
    response = wrapped_callback(request, *callback_args, **callback_kwargs)
  File "C:\abay_repository\accounts\views.py", line 94, in login_view
    user = authenticate(request, username=username, password=password)
  File "C:\abay_repository\venv\Lib\site-packages\django\views\decorators\debug.py", line 75, in sensitive_variables_wrapper
    return func(*func_args, **func_kwargs)
  File "C:\abay_repository\venv\Lib\site-packages\django\contrib\auth\__init__.py", line 79, in authenticate
    user = backend.authenticate(request, **credentials)
  File "C:\abay_repository\venv\Lib\site-packages\django\contrib\auth\backends.py", line 42, in authenticate
    user = UserModel._default_manager.get_by_natural_key(username)
  File "C:\abay_repository\venv\Lib\site-packages\django\contrib\auth\base_user.py", line 56, in get_by_natural_key
    return self.get(**{self.model.USERNAME_FIELD: username})
           ~~~~~~~~^^^^^^^^^^^^^^^^^^^^^^^^^^^^^^^^^^^^^^^^^
  File "C:\abay_repository\venv\Lib\site-packages\django\db\models\manager.py", line 87, in manager_method
    return getattr(self.get_queryset(), name)(*args, **kwargs)
           ~~~~~~~~~~~~~~~~~~~~~~~~~~~~~~~~~~^^^^^^^^^^^^^^^^^
  File "C:\abay_repository\venv\Lib\site-packages\django\db\models\query.py", line 645, in get
    num = len(clone)
  File "C:\abay_repository\venv\Lib\site-packages\django\db\models\query.py", line 382, in __len__
    self._fetch_all()
    ~~~~~~~~~~~~~~~^^
  File "C:\abay_repository\venv\Lib\site-packages\django\db\models\query.py", line 1928, in _fetch_all
    self._result_cache = list(self._iterable_class(self))
                         ~~~~^^^^^^^^^^^^^^^^^^^^^^^^^^^^
  File "C:\abay_repository\venv\Lib\site-packages\django\db\models\query.py", line 91, in __iter__
    results = compiler.execute_sql(
        chunked_fetch=self.chunked_fetch, chunk_size=self.chunk_size
    )
  File "C:\abay_repository\venv\Lib\site-packages\django\db\models\sql\compiler.py", line 1562, in execute_sql
    cursor.execute(sql, params)
    ~~~~~~~~~~~~~~^^^^^^^^^^^^^
  File "C:\abay_repository\venv\Lib\site-packages\django\db\backends\utils.py", line 122, in execute
    return super().execute(sql, params)
           ~~~~~~~~~~~~~~~^^^^^^^^^^^^^
  File "C:\abay_repository\venv\Lib\site-packages\django\db\backends\utils.py", line 79, in execute
    return self._execute_with_wrappers(
           ~~~~~~~~~~~~~~~~~~~~~~~~~~~^
        sql, params, many=False, executor=self._execute
        ^^^^^^^^^^^^^^^^^^^^^^^^^^^^^^^^^^^^^^^^^^^^^^^
    )
    ^
  File "C:\abay_repository\venv\Lib\site-packages\django\db\backends\utils.py", line 92, in _execute_with_wrappers
    return executor(sql, params, many, context)
  File "C:\abay_repository\venv\Lib\site-packages\django\db\backends\utils.py", line 100, in _execute
    with self.db.wrap_database_errors:
         ^^^^^^^^^^^^^^^^^^^^^^^^^^^^
  File "C:\abay_repository\venv\Lib\site-packages\django\db\utils.py", line 91, in __exit__
    raise dj_exc_value.with_traceback(traceback) from exc_value
  File "C:\abay_repository\venv\Lib\site-packages\django\db\backends\utils.py", line 105, in _execute
    return self.cursor.execute(sql, params)
           ~~~~~~~~~~~~~~~~~~~^^^^^^^^^^^^^
  File "C:\abay_repository\venv\Lib\site-packages\django\db\backends\sqlite3\base.py", line 329, in execute
    return super().execute(query, params)
           ~~~~~~~~~~~~~~~^^^^^^^^^^^^^^^
django.db.utils.OperationalError: no such column: users.two_factor_enabled
"POST /accounts/login/ HTTP/1.1" 500 170944
"POST /accounts/login/ HTTP/1.1" 500 170944
Watching for file changes with StatReloader
Watching for file changes with StatReloader
"GET / HTTP/1.1" 200 29408
"GET / HTTP/1.1" 200 29408
"GET /dashboard/redirect/ HTTP/1.1" 302 0
"GET /dashboard/redirect/ HTTP/1.1" 302 0
"GET /dashboard/admin/ HTTP/1.1" 200 38872
"GET /dashboard/admin/ HTTP/1.1" 200 38872
"GET /dashboard/admin/ HTTP/1.1" 200 47615
"GET /dashboard/admin/ HTTP/1.1" 200 47615
"GET /admin/ HTTP/1.1" 200 6741
"GET /admin/ HTTP/1.1" 200 6741
"GET /static/admin/css/dark_mode.css HTTP/1.1" 200 2682
"GET /static/admin/css/dark_mode.css HTTP/1.1" 200 2682
"GET /static/admin/css/base.css HTTP/1.1" 200 21544
"GET /static/admin/css/base.css HTTP/1.1" 200 21544
"GET /static/admin/css/nav_sidebar.css HTTP/1.1" 200 2810
"GET /static/admin/css/nav_sidebar.css HTTP/1.1" 200 2810
"GET /static/admin/css/dashboard.css HTTP/1.1" 200 441
"GET /static/admin/css/dashboard.css HTTP/1.1" 200 441
"GET /static/admin/css/responsive.css HTTP/1.1" 200 17905
"GET /static/admin/css/responsive.css HTTP/1.1" 200 17905
"GET /static/admin/js/theme.js HTTP/1.1" 200 1943
"GET /static/admin/js/theme.js HTTP/1.1" 200 1943
"GET /static/admin/js/nav_sidebar.js HTTP/1.1" 200 3063
"GET /static/admin/js/nav_sidebar.js HTTP/1.1" 200 3063
"GET /static/admin/img/icon-addlink.svg HTTP/1.1" 200 331
"GET /static/admin/img/icon-addlink.svg HTTP/1.1" 200 331
"GET /static/admin/img/icon-changelink.svg HTTP/1.1" 200 380
"GET /static/admin/img/icon-changelink.svg HTTP/1.1" 200 380
Internal Server Error: /admin/accounts/authorprofile/
Traceback (most recent call last):
  File "C:\abay_repository\venv\Lib\site-packages\django\core\handlers\exception.py", line 55, in inner
    response = get_response(request)
  File "C:\abay_repository\venv\Lib\site-packages\django\core\handlers\base.py", line 220, in _get_response
    response = response.render()
  File "C:\abay_repository\venv\Lib\site-packages\django\template\response.py", line 114, in render
    self.content = self.rendered_content
                   ^^^^^^^^^^^^^^^^^^^^^
  File "C:\abay_repository\venv\Lib\site-packages\django\template\response.py", line 92, in rendered_content
    return template.render(context, self._request)
           ~~~~~~~~~~~~~~~^^^^^^^^^^^^^^^^^^^^^^^^
  File "C:\abay_repository\venv\Lib\site-packages\django\template\backends\django.py", line 61, in render
    return self.template.render(context)
           ~~~~~~~~~~~~~~~~~~~~^^^^^^^^^
  File "C:\abay_repository\venv\Lib\site-packages\django\template\base.py", line 171, in render
    return self._render(context)
           ~~~~~~~~~~~~^^^^^^^^^
  File "C:\abay_repository\venv\Lib\site-packages\django\template\base.py", line 163, in _render
    return self.nodelist.render(context)
           ~~~~~~~~~~~~~~~~~~~~^^^^^^^^^
  File "C:\abay_repository\venv\Lib\site-packages\django\template\base.py", line 1000, in render
    return SafeString("".join([node.render_annotated(context) for node in self]))
                               ~~~~~~~~~~~~~~~~~~~~~^^^^^^^^^
  File "C:\abay_repository\venv\Lib\site-packages\django\template\base.py", line 961, in render_annotated
    return self.render(context)
           ~~~~~~~~~~~^^^^^^^^^
  File "C:\abay_repository\venv\Lib\site-packages\django\template\loader_tags.py", line 159, in render
    return compiled_parent._render(context)
           ~~~~~~~~~~~~~~~~~~~~~~~^^^^^^^^^
  File "C:\abay_repository\venv\Lib\site-packages\django\template\base.py", line 163, in _render
    return self.nodelist.render(context)
           ~~~~~~~~~~~~~~~~~~~~^^^^^^^^^
  File "C:\abay_repository\venv\Lib\site-packages\django\template\base.py", line 1000, in render
    return SafeString("".join([node.render_annotated(context) for node in self]))
                               ~~~~~~~~~~~~~~~~~~~~~^^^^^^^^^
  File "C:\abay_repository\venv\Lib\site-packages\django\template\base.py", line 961, in render_annotated
    return self.render(context)
           ~~~~~~~~~~~^^^^^^^^^
  File "C:\abay_repository\venv\Lib\site-packages\django\template\loader_tags.py", line 159, in render
    return compiled_parent._render(context)
           ~~~~~~~~~~~~~~~~~~~~~~~^^^^^^^^^
  File "C:\abay_repository\venv\Lib\site-packages\django\template\base.py", line 163, in _render
    return self.nodelist.render(context)
           ~~~~~~~~~~~~~~~~~~~~^^^^^^^^^
  File "C:\abay_repository\venv\Lib\site-packages\django\template\base.py", line 1000, in render
    return SafeString("".join([node.render_annotated(context) for node in self]))
                               ~~~~~~~~~~~~~~~~~~~~~^^^^^^^^^
  File "C:\abay_repository\venv\Lib\site-packages\django\template\base.py", line 961, in render_annotated
    return self.render(context)
           ~~~~~~~~~~~^^^^^^^^^
  File "C:\abay_repository\venv\Lib\site-packages\django\template\loader_tags.py", line 65, in render
    result = block.nodelist.render(context)
  File "C:\abay_repository\venv\Lib\site-packages\django\template\base.py", line 1000, in render
    return SafeString("".join([node.render_annotated(context) for node in self]))
                               ~~~~~~~~~~~~~~~~~~~~~^^^^^^^^^
  File "C:\abay_repository\venv\Lib\site-packages\django\template\base.py", line 961, in render_annotated
    return self.render(context)
           ~~~~~~~~~~~^^^^^^^^^
  File "C:\abay_repository\venv\Lib\site-packages\django\template\loader_tags.py", line 65, in render
    result = block.nodelist.render(context)
  File "C:\abay_repository\venv\Lib\site-packages\django\template\base.py", line 1000, in render
    return SafeString("".join([node.render_annotated(context) for node in self]))
                               ~~~~~~~~~~~~~~~~~~~~~^^^^^^^^^
  File "C:\abay_repository\venv\Lib\site-packages\django\template\base.py", line 961, in render_annotated
    return self.render(context)
           ~~~~~~~~~~~^^^^^^^^^
  File "C:\abay_repository\venv\Lib\site-packages\django\template\loader_tags.py", line 65, in render
    result = block.nodelist.render(context)
  File "C:\abay_repository\venv\Lib\site-packages\django\template\base.py", line 1000, in render
    return SafeString("".join([node.render_annotated(context) for node in self]))
                               ~~~~~~~~~~~~~~~~~~~~~^^^^^^^^^
  File "C:\abay_repository\venv\Lib\site-packages\django\template\base.py", line 961, in render_annotated
    return self.render(context)
           ~~~~~~~~~~~^^^^^^^^^
  File "C:\abay_repository\venv\Lib\site-packages\django\contrib\admin\templatetags\base.py", line 45, in render
    return super().render(context)
           ~~~~~~~~~~~~~~^^^^^^^^^
  File "C:\abay_repository\venv\Lib\site-packages\django\template\library.py", line 271, in render
    new_context = context.new(_dict)
  File "C:\abay_repository\venv\Lib\site-packages\django\template\context.py", line 273, in new
    new_context = super().new(values)
  File "C:\abay_repository\venv\Lib\site-packages\django\template\context.py", line 110, in new
    new_context = copy(self)
  File "C:\Python314\Lib\copy.py", line 82, in copy
    return copier(x)
  File "C:\abay_repository\venv\Lib\site-packages\django\template\context.py", line 158, in __copy__
    duplicate = super().__copy__()
  File "C:\abay_repository\venv\Lib\site-packages\django\template\context.py", line 39, in __copy__
    duplicate.dicts = self.dicts[:]
    ^^^^^^^^^^^^^^^
AttributeError: 'super' object has no attribute 'dicts' and no __dict__ for setting new attributes
Internal Server Error: /admin/accounts/authorprofile/
Traceback (most recent call last):
  File "C:\abay_repository\venv\Lib\site-packages\django\core\handlers\exception.py", line 55, in inner
    response = get_response(request)
  File "C:\abay_repository\venv\Lib\site-packages\django\core\handlers\base.py", line 220, in _get_response
    response = response.render()
  File "C:\abay_repository\venv\Lib\site-packages\django\template\response.py", line 114, in render
    self.content = self.rendered_content
                   ^^^^^^^^^^^^^^^^^^^^^
  File "C:\abay_repository\venv\Lib\site-packages\django\template\response.py", line 92, in rendered_content
    return template.render(context, self._request)
           ~~~~~~~~~~~~~~~^^^^^^^^^^^^^^^^^^^^^^^^
  File "C:\abay_repository\venv\Lib\site-packages\django\template\backends\django.py", line 61, in render
    return self.template.render(context)
           ~~~~~~~~~~~~~~~~~~~~^^^^^^^^^
  File "C:\abay_repository\venv\Lib\site-packages\django\template\base.py", line 171, in render
    return self._render(context)
           ~~~~~~~~~~~~^^^^^^^^^
  File "C:\abay_repository\venv\Lib\site-packages\django\template\base.py", line 163, in _render
    return self.nodelist.render(context)
           ~~~~~~~~~~~~~~~~~~~~^^^^^^^^^
  File "C:\abay_repository\venv\Lib\site-packages\django\template\base.py", line 1000, in render
    return SafeString("".join([node.render_annotated(context) for node in self]))
                               ~~~~~~~~~~~~~~~~~~~~~^^^^^^^^^
  File "C:\abay_repository\venv\Lib\site-packages\django\template\base.py", line 961, in render_annotated
    return self.render(context)
           ~~~~~~~~~~~^^^^^^^^^
  File "C:\abay_repository\venv\Lib\site-packages\django\template\loader_tags.py", line 159, in render
    return compiled_parent._render(context)
           ~~~~~~~~~~~~~~~~~~~~~~~^^^^^^^^^
  File "C:\abay_repository\venv\Lib\site-packages\django\template\base.py", line 163, in _render
    return self.nodelist.render(context)
           ~~~~~~~~~~~~~~~~~~~~^^^^^^^^^
  File "C:\abay_repository\venv\Lib\site-packages\django\template\base.py", line 1000, in render
    return SafeString("".join([node.render_annotated(context) for node in self]))
                               ~~~~~~~~~~~~~~~~~~~~~^^^^^^^^^
  File "C:\abay_repository\venv\Lib\site-packages\django\template\base.py", line 961, in render_annotated
    return self.render(context)
           ~~~~~~~~~~~^^^^^^^^^
  File "C:\abay_repository\venv\Lib\site-packages\django\template\loader_tags.py", line 159, in render
    return compiled_parent._render(context)
           ~~~~~~~~~~~~~~~~~~~~~~~^^^^^^^^^
  File "C:\abay_repository\venv\Lib\site-packages\django\template\base.py", line 163, in _render
    return self.nodelist.render(context)
           ~~~~~~~~~~~~~~~~~~~~^^^^^^^^^
  File "C:\abay_repository\venv\Lib\site-packages\django\template\base.py", line 1000, in render
    return SafeString("".join([node.render_annotated(context) for node in self]))
                               ~~~~~~~~~~~~~~~~~~~~~^^^^^^^^^
  File "C:\abay_repository\venv\Lib\site-packages\django\template\base.py", line 961, in render_annotated
    return self.render(context)
           ~~~~~~~~~~~^^^^^^^^^
  File "C:\abay_repository\venv\Lib\site-packages\django\template\loader_tags.py", line 65, in render
    result = block.nodelist.render(context)
  File "C:\abay_repository\venv\Lib\site-packages\django\template\base.py", line 1000, in render
    return SafeString("".join([node.render_annotated(context) for node in self]))
                               ~~~~~~~~~~~~~~~~~~~~~^^^^^^^^^
  File "C:\abay_repository\venv\Lib\site-packages\django\template\base.py", line 961, in render_annotated
    return self.render(context)
           ~~~~~~~~~~~^^^^^^^^^
  File "C:\abay_repository\venv\Lib\site-packages\django\template\loader_tags.py", line 65, in render
    result = block.nodelist.render(context)
  File "C:\abay_repository\venv\Lib\site-packages\django\template\base.py", line 1000, in render
    return SafeString("".join([node.render_annotated(context) for node in self]))
                               ~~~~~~~~~~~~~~~~~~~~~^^^^^^^^^
  File "C:\abay_repository\venv\Lib\site-packages\django\template\base.py", line 961, in render_annotated
    return self.render(context)
           ~~~~~~~~~~~^^^^^^^^^
  File "C:\abay_repository\venv\Lib\site-packages\django\template\loader_tags.py", line 65, in render
    result = block.nodelist.render(context)
  File "C:\abay_repository\venv\Lib\site-packages\django\template\base.py", line 1000, in render
    return SafeString("".join([node.render_annotated(context) for node in self]))
                               ~~~~~~~~~~~~~~~~~~~~~^^^^^^^^^
  File "C:\abay_repository\venv\Lib\site-packages\django\template\base.py", line 961, in render_annotated
    return self.render(context)
           ~~~~~~~~~~~^^^^^^^^^
  File "C:\abay_repository\venv\Lib\site-packages\django\contrib\admin\templatetags\base.py", line 45, in render
    return super().render(context)
           ~~~~~~~~~~~~~~^^^^^^^^^
  File "C:\abay_repository\venv\Lib\site-packages\django\template\library.py", line 271, in render
    new_context = context.new(_dict)
  File "C:\abay_repository\venv\Lib\site-packages\django\template\context.py", line 273, in new
    new_context = super().new(values)
  File "C:\abay_repository\venv\Lib\site-packages\django\template\context.py", line 110, in new
    new_context = copy(self)
  File "C:\Python314\Lib\copy.py", line 82, in copy
    return copier(x)
  File "C:\abay_repository\venv\Lib\site-packages\django\template\context.py", line 158, in __copy__
    duplicate = super().__copy__()
  File "C:\abay_repository\venv\Lib\site-packages\django\template\context.py", line 39, in __copy__
    duplicate.dicts = self.dicts[:]
    ^^^^^^^^^^^^^^^
AttributeError: 'super' object has no attribute 'dicts' and no __dict__ for setting new attributes
"GET /admin/accounts/authorprofile/ HTTP/1.1" 500 370551
"GET /admin/accounts/authorprofile/ HTTP/1.1" 500 370551
"GET /admin/ HTTP/1.1" 200 6741
"GET /admin/ HTTP/1.1" 200 6741
Internal Server Error: /admin/accounts/clientprofile/add/
Traceback (most recent call last):
  File "C:\abay_repository\venv\Lib\site-packages\django\core\handlers\exception.py", line 55, in inner
    response = get_response(request)
  File "C:\abay_repository\venv\Lib\site-packages\django\core\handlers\base.py", line 220, in _get_response
    response = response.render()
  File "C:\abay_repository\venv\Lib\site-packages\django\template\response.py", line 114, in render
    self.content = self.rendered_content
                   ^^^^^^^^^^^^^^^^^^^^^
  File "C:\abay_repository\venv\Lib\site-packages\django\template\response.py", line 92, in rendered_content
    return template.render(context, self._request)
           ~~~~~~~~~~~~~~~^^^^^^^^^^^^^^^^^^^^^^^^
  File "C:\abay_repository\venv\Lib\site-packages\django\template\backends\django.py", line 61, in render
    return self.template.render(context)
           ~~~~~~~~~~~~~~~~~~~~^^^^^^^^^
  File "C:\abay_repository\venv\Lib\site-packages\django\template\base.py", line 171, in render
    return self._render(context)
           ~~~~~~~~~~~~^^^^^^^^^
  File "C:\abay_repository\venv\Lib\site-packages\django\template\base.py", line 163, in _render
    return self.nodelist.render(context)
           ~~~~~~~~~~~~~~~~~~~~^^^^^^^^^
  File "C:\abay_repository\venv\Lib\site-packages\django\template\base.py", line 1000, in render
    return SafeString("".join([node.render_annotated(context) for node in self]))
                               ~~~~~~~~~~~~~~~~~~~~~^^^^^^^^^
  File "C:\abay_repository\venv\Lib\site-packages\django\template\base.py", line 961, in render_annotated
    return self.render(context)
           ~~~~~~~~~~~^^^^^^^^^
  File "C:\abay_repository\venv\Lib\site-packages\django\template\loader_tags.py", line 159, in render
    return compiled_parent._render(context)
           ~~~~~~~~~~~~~~~~~~~~~~~^^^^^^^^^
  File "C:\abay_repository\venv\Lib\site-packages\django\template\base.py", line 163, in _render
    return self.nodelist.render(context)
           ~~~~~~~~~~~~~~~~~~~~^^^^^^^^^
  File "C:\abay_repository\venv\Lib\site-packages\django\template\base.py", line 1000, in render
    return SafeString("".join([node.render_annotated(context) for node in self]))
                               ~~~~~~~~~~~~~~~~~~~~~^^^^^^^^^
  File "C:\abay_repository\venv\Lib\site-packages\django\template\base.py", line 961, in render_annotated
    return self.render(context)
           ~~~~~~~~~~~^^^^^^^^^
  File "C:\abay_repository\venv\Lib\site-packages\django\template\loader_tags.py", line 159, in render
    return compiled_parent._render(context)
           ~~~~~~~~~~~~~~~~~~~~~~~^^^^^^^^^
  File "C:\abay_repository\venv\Lib\site-packages\django\template\base.py", line 163, in _render
    return self.nodelist.render(context)
           ~~~~~~~~~~~~~~~~~~~~^^^^^^^^^
  File "C:\abay_repository\venv\Lib\site-packages\django\template\base.py", line 1000, in render
    return SafeString("".join([node.render_annotated(context) for node in self]))
                               ~~~~~~~~~~~~~~~~~~~~~^^^^^^^^^
  File "C:\abay_repository\venv\Lib\site-packages\django\template\base.py", line 961, in render_annotated
    return self.render(context)
           ~~~~~~~~~~~^^^^^^^^^
  File "C:\abay_repository\venv\Lib\site-packages\django\template\loader_tags.py", line 65, in render
    result = block.nodelist.render(context)
  File "C:\abay_repository\venv\Lib\site-packages\django\template\base.py", line 1000, in render
    return SafeString("".join([node.render_annotated(context) for node in self]))
                               ~~~~~~~~~~~~~~~~~~~~~^^^^^^^^^
  File "C:\abay_repository\venv\Lib\site-packages\django\template\base.py", line 961, in render_annotated
    return self.render(context)
           ~~~~~~~~~~~^^^^^^^^^
  File "C:\abay_repository\venv\Lib\site-packages\django\template\loader_tags.py", line 65, in render
    result = block.nodelist.render(context)
  File "C:\abay_repository\venv\Lib\site-packages\django\template\base.py", line 1000, in render
    return SafeString("".join([node.render_annotated(context) for node in self]))
                               ~~~~~~~~~~~~~~~~~~~~~^^^^^^^^^
  File "C:\abay_repository\venv\Lib\site-packages\django\template\base.py", line 961, in render_annotated
    return self.render(context)
           ~~~~~~~~~~~^^^^^^^^^
  File "C:\abay_repository\venv\Lib\site-packages\django\contrib\admin\templatetags\base.py", line 45, in render
    return super().render(context)
           ~~~~~~~~~~~~~~^^^^^^^^^
  File "C:\abay_repository\venv\Lib\site-packages\django\template\library.py", line 271, in render
    new_context = context.new(_dict)
  File "C:\abay_repository\venv\Lib\site-packages\django\template\context.py", line 273, in new
    new_context = super().new(values)
  File "C:\abay_repository\venv\Lib\site-packages\django\template\context.py", line 110, in new
    new_context = copy(self)
  File "C:\Python314\Lib\copy.py", line 82, in copy
    return copier(x)
  File "C:\abay_repository\venv\Lib\site-packages\django\template\context.py", line 158, in __copy__
    duplicate = super().__copy__()
  File "C:\abay_repository\venv\Lib\site-packages\django\template\context.py", line 39, in __copy__
    duplicate.dicts = self.dicts[:]
    ^^^^^^^^^^^^^^^
AttributeError: 'super' object has no attribute 'dicts' and no __dict__ for setting new attributes
Internal Server Error: /admin/accounts/clientprofile/add/
Traceback (most recent call last):
  File "C:\abay_repository\venv\Lib\site-packages\django\core\handlers\exception.py", line 55, in inner
    response = get_response(request)
  File "C:\abay_repository\venv\Lib\site-packages\django\core\handlers\base.py", line 220, in _get_response
    response = response.render()
  File "C:\abay_repository\venv\Lib\site-packages\django\template\response.py", line 114, in render
    self.content = self.rendered_content
                   ^^^^^^^^^^^^^^^^^^^^^
  File "C:\abay_repository\venv\Lib\site-packages\django\template\response.py", line 92, in rendered_content
    return template.render(context, self._request)
           ~~~~~~~~~~~~~~~^^^^^^^^^^^^^^^^^^^^^^^^
  File "C:\abay_repository\venv\Lib\site-packages\django\template\backends\django.py", line 61, in render
    return self.template.render(context)
           ~~~~~~~~~~~~~~~~~~~~^^^^^^^^^
  File "C:\abay_repository\venv\Lib\site-packages\django\template\base.py", line 171, in render
    return self._render(context)
           ~~~~~~~~~~~~^^^^^^^^^
  File "C:\abay_repository\venv\Lib\site-packages\django\template\base.py", line 163, in _render
    return self.nodelist.render(context)
           ~~~~~~~~~~~~~~~~~~~~^^^^^^^^^
  File "C:\abay_repository\venv\Lib\site-packages\django\template\base.py", line 1000, in render
    return SafeString("".join([node.render_annotated(context) for node in self]))
                               ~~~~~~~~~~~~~~~~~~~~~^^^^^^^^^
  File "C:\abay_repository\venv\Lib\site-packages\django\template\base.py", line 961, in render_annotated
    return self.render(context)
           ~~~~~~~~~~~^^^^^^^^^
  File "C:\abay_repository\venv\Lib\site-packages\django\template\loader_tags.py", line 159, in render
    return compiled_parent._render(context)
           ~~~~~~~~~~~~~~~~~~~~~~~^^^^^^^^^
  File "C:\abay_repository\venv\Lib\site-packages\django\template\base.py", line 163, in _render
    return self.nodelist.render(context)
           ~~~~~~~~~~~~~~~~~~~~^^^^^^^^^
  File "C:\abay_repository\venv\Lib\site-packages\django\template\base.py", line 1000, in render
    return SafeString("".join([node.render_annotated(context) for node in self]))
                               ~~~~~~~~~~~~~~~~~~~~~^^^^^^^^^
  File "C:\abay_repository\venv\Lib\site-packages\django\template\base.py", line 961, in render_annotated
    return self.render(context)
           ~~~~~~~~~~~^^^^^^^^^
  File "C:\abay_repository\venv\Lib\site-packages\django\template\loader_tags.py", line 159, in render
    return compiled_parent._render(context)
           ~~~~~~~~~~~~~~~~~~~~~~~^^^^^^^^^
  File "C:\abay_repository\venv\Lib\site-packages\django\template\base.py", line 163, in _render
    return self.nodelist.render(context)
           ~~~~~~~~~~~~~~~~~~~~^^^^^^^^^
  File "C:\abay_repository\venv\Lib\site-packages\django\template\base.py", line 1000, in render
    return SafeString("".join([node.render_annotated(context) for node in self]))
                               ~~~~~~~~~~~~~~~~~~~~~^^^^^^^^^
  File "C:\abay_repository\venv\Lib\site-packages\django\template\base.py", line 961, in render_annotated
    return self.render(context)
           ~~~~~~~~~~~^^^^^^^^^
  File "C:\abay_repository\venv\Lib\site-packages\django\template\loader_tags.py", line 65, in render
    result = block.nodelist.render(context)
  File "C:\abay_repository\venv\Lib\site-packages\django\template\base.py", line 1000, in render
    return SafeString("".join([node.render_annotated(context) for node in self]))
                               ~~~~~~~~~~~~~~~~~~~~~^^^^^^^^^
  File "C:\abay_repository\venv\Lib\site-packages\django\template\base.py", line 961, in render_annotated
    return self.render(context)
           ~~~~~~~~~~~^^^^^^^^^
  File "C:\abay_repository\venv\Lib\site-packages\django\template\loader_tags.py", line 65, in render
    result = block.nodelist.render(context)
  File "C:\abay_repository\venv\Lib\site-packages\django\template\base.py", line 1000, in render
    return SafeString("".join([node.render_annotated(context) for node in self]))
                               ~~~~~~~~~~~~~~~~~~~~~^^^^^^^^^
  File "C:\abay_repository\venv\Lib\site-packages\django\template\base.py", line 961, in render_annotated
    return self.render(context)
           ~~~~~~~~~~~^^^^^^^^^
  File "C:\abay_repository\venv\Lib\site-packages\django\contrib\admin\templatetags\base.py", line 45, in render
    return super().render(context)
           ~~~~~~~~~~~~~~^^^^^^^^^
  File "C:\abay_repository\venv\Lib\site-packages\django\template\library.py", line 271, in render
    new_context = context.new(_dict)
  File "C:\abay_repository\venv\Lib\site-packages\django\template\context.py", line 273, in new
    new_context = super().new(values)
  File "C:\abay_repository\venv\Lib\site-packages\django\template\context.py", line 110, in new
    new_context = copy(self)
  File "C:\Python314\Lib\copy.py", line 82, in copy
    return copier(x)
  File "C:\abay_repository\venv\Lib\site-packages\django\template\context.py", line 158, in __copy__
    duplicate = super().__copy__()
  File "C:\abay_repository\venv\Lib\site-packages\django\template\context.py", line 39, in __copy__
    duplicate.dicts = self.dicts[:]
    ^^^^^^^^^^^^^^^
AttributeError: 'super' object has no attribute 'dicts' and no __dict__ for setting new attributes
"GET /admin/accounts/clientprofile/add/ HTTP/1.1" 500 357595
"GET /admin/accounts/clientprofile/add/ HTTP/1.1" 500 357595
"GET /admin/ HTTP/1.1" 200 6741
"GET /admin/ HTTP/1.1" 200 6741
Internal Server Error: /admin/accounts/customuser/add/
Traceback (most recent call last):
  File "C:\abay_repository\venv\Lib\site-packages\django\core\handlers\exception.py", line 55, in inner
    response = get_response(request)
  File "C:\abay_repository\venv\Lib\site-packages\django\core\handlers\base.py", line 220, in _get_response
    response = response.render()
  File "C:\abay_repository\venv\Lib\site-packages\django\template\response.py", line 114, in render
    self.content = self.rendered_content
                   ^^^^^^^^^^^^^^^^^^^^^
  File "C:\abay_repository\venv\Lib\site-packages\django\template\response.py", line 92, in rendered_content
    return template.render(context, self._request)
           ~~~~~~~~~~~~~~~^^^^^^^^^^^^^^^^^^^^^^^^
  File "C:\abay_repository\venv\Lib\site-packages\django\template\backends\django.py", line 61, in render
    return self.template.render(context)
           ~~~~~~~~~~~~~~~~~~~~^^^^^^^^^
  File "C:\abay_repository\venv\Lib\site-packages\django\template\base.py", line 171, in render
    return self._render(context)
           ~~~~~~~~~~~~^^^^^^^^^
  File "C:\abay_repository\venv\Lib\site-packages\django\template\base.py", line 163, in _render
    return self.nodelist.render(context)
           ~~~~~~~~~~~~~~~~~~~~^^^^^^^^^
  File "C:\abay_repository\venv\Lib\site-packages\django\template\base.py", line 1000, in render
    return SafeString("".join([node.render_annotated(context) for node in self]))
                               ~~~~~~~~~~~~~~~~~~~~~^^^^^^^^^
  File "C:\abay_repository\venv\Lib\site-packages\django\template\base.py", line 961, in render_annotated
    return self.render(context)
           ~~~~~~~~~~~^^^^^^^^^
  File "C:\abay_repository\venv\Lib\site-packages\django\template\loader_tags.py", line 159, in render
    return compiled_parent._render(context)
           ~~~~~~~~~~~~~~~~~~~~~~~^^^^^^^^^
  File "C:\abay_repository\venv\Lib\site-packages\django\template\base.py", line 163, in _render
    return self.nodelist.render(context)
           ~~~~~~~~~~~~~~~~~~~~^^^^^^^^^
  File "C:\abay_repository\venv\Lib\site-packages\django\template\base.py", line 1000, in render
    return SafeString("".join([node.render_annotated(context) for node in self]))
                               ~~~~~~~~~~~~~~~~~~~~~^^^^^^^^^
  File "C:\abay_repository\venv\Lib\site-packages\django\template\base.py", line 961, in render_annotated
    return self.render(context)
           ~~~~~~~~~~~^^^^^^^^^
  File "C:\abay_repository\venv\Lib\site-packages\django\template\loader_tags.py", line 159, in render
    return compiled_parent._render(context)
           ~~~~~~~~~~~~~~~~~~~~~~~^^^^^^^^^
  File "C:\abay_repository\venv\Lib\site-packages\django\template\base.py", line 163, in _render
    return self.nodelist.render(context)
           ~~~~~~~~~~~~~~~~~~~~^^^^^^^^^
  File "C:\abay_repository\venv\Lib\site-packages\django\template\base.py", line 1000, in render
    return SafeString("".join([node.render_annotated(context) for node in self]))
                               ~~~~~~~~~~~~~~~~~~~~~^^^^^^^^^
  File "C:\abay_repository\venv\Lib\site-packages\django\template\base.py", line 961, in render_annotated
    return self.render(context)
           ~~~~~~~~~~~^^^^^^^^^
  File "C:\abay_repository\venv\Lib\site-packages\django\template\loader_tags.py", line 159, in render
    return compiled_parent._render(context)
           ~~~~~~~~~~~~~~~~~~~~~~~^^^^^^^^^
  File "C:\abay_repository\venv\Lib\site-packages\django\template\base.py", line 163, in _render
    return self.nodelist.render(context)
           ~~~~~~~~~~~~~~~~~~~~^^^^^^^^^
  File "C:\abay_repository\venv\Lib\site-packages\django\template\base.py", line 1000, in render
    return SafeString("".join([node.render_annotated(context) for node in self]))
                               ~~~~~~~~~~~~~~~~~~~~~^^^^^^^^^
  File "C:\abay_repository\venv\Lib\site-packages\django\template\base.py", line 961, in render_annotated
    return self.render(context)
           ~~~~~~~~~~~^^^^^^^^^
  File "C:\abay_repository\venv\Lib\site-packages\django\template\loader_tags.py", line 65, in render
    result = block.nodelist.render(context)
  File "C:\abay_repository\venv\Lib\site-packages\django\template\base.py", line 1000, in render
    return SafeString("".join([node.render_annotated(context) for node in self]))
                               ~~~~~~~~~~~~~~~~~~~~~^^^^^^^^^
  File "C:\abay_repository\venv\Lib\site-packages\django\template\base.py", line 961, in render_annotated
    return self.render(context)
           ~~~~~~~~~~~^^^^^^^^^
  File "C:\abay_repository\venv\Lib\site-packages\django\template\loader_tags.py", line 65, in render
    result = block.nodelist.render(context)
  File "C:\abay_repository\venv\Lib\site-packages\django\template\base.py", line 1000, in render
    return SafeString("".join([node.render_annotated(context) for node in self]))
                               ~~~~~~~~~~~~~~~~~~~~~^^^^^^^^^
  File "C:\abay_repository\venv\Lib\site-packages\django\template\base.py", line 961, in render_annotated
    return self.render(context)
           ~~~~~~~~~~~^^^^^^^^^
  File "C:\abay_repository\venv\Lib\site-packages\django\contrib\admin\templatetags\base.py", line 45, in render
    return super().render(context)
           ~~~~~~~~~~~~~~^^^^^^^^^
  File "C:\abay_repository\venv\Lib\site-packages\django\template\library.py", line 271, in render
    new_context = context.new(_dict)
  File "C:\abay_repository\venv\Lib\site-packages\django\template\context.py", line 273, in new
    new_context = super().new(values)
  File "C:\abay_repository\venv\Lib\site-packages\django\template\context.py", line 110, in new
    new_context = copy(self)
  File "C:\Python314\Lib\copy.py", line 82, in copy
    return copier(x)
  File "C:\abay_repository\venv\Lib\site-packages\django\template\context.py", line 158, in __copy__
    duplicate = super().__copy__()
  File "C:\abay_repository\venv\Lib\site-packages\django\template\context.py", line 39, in __copy__
    duplicate.dicts = self.dicts[:]
    ^^^^^^^^^^^^^^^
AttributeError: 'super' object has no attribute 'dicts' and no __dict__ for setting new attributes
Internal Server Error: /admin/accounts/customuser/add/
Traceback (most recent call last):
  File "C:\abay_repository\venv\Lib\site-packages\django\core\handlers\exception.py", line 55, in inner
    response = get_response(request)
  File "C:\abay_repository\venv\Lib\site-packages\django\core\handlers\base.py", line 220, in _get_response
    response = response.render()
  File "C:\abay_repository\venv\Lib\site-packages\django\template\response.py", line 114, in render
    self.content = self.rendered_content
                   ^^^^^^^^^^^^^^^^^^^^^
  File "C:\abay_repository\venv\Lib\site-packages\django\template\response.py", line 92, in rendered_content
    return template.render(context, self._request)
           ~~~~~~~~~~~~~~~^^^^^^^^^^^^^^^^^^^^^^^^
  File "C:\abay_repository\venv\Lib\site-packages\django\template\backends\django.py", line 61, in render
    return self.template.render(context)
           ~~~~~~~~~~~~~~~~~~~~^^^^^^^^^
  File "C:\abay_repository\venv\Lib\site-packages\django\template\base.py", line 171, in render
    return self._render(context)
           ~~~~~~~~~~~~^^^^^^^^^
  File "C:\abay_repository\venv\Lib\site-packages\django\template\base.py", line 163, in _render
    return self.nodelist.render(context)
           ~~~~~~~~~~~~~~~~~~~~^^^^^^^^^
  File "C:\abay_repository\venv\Lib\site-packages\django\template\base.py", line 1000, in render
    return SafeString("".join([node.render_annotated(context) for node in self]))
                               ~~~~~~~~~~~~~~~~~~~~~^^^^^^^^^
  File "C:\abay_repository\venv\Lib\site-packages\django\template\base.py", line 961, in render_annotated
    return self.render(context)
           ~~~~~~~~~~~^^^^^^^^^
  File "C:\abay_repository\venv\Lib\site-packages\django\template\loader_tags.py", line 159, in render
    return compiled_parent._render(context)
           ~~~~~~~~~~~~~~~~~~~~~~~^^^^^^^^^
  File "C:\abay_repository\venv\Lib\site-packages\django\template\base.py", line 163, in _render
    return self.nodelist.render(context)
           ~~~~~~~~~~~~~~~~~~~~^^^^^^^^^
  File "C:\abay_repository\venv\Lib\site-packages\django\template\base.py", line 1000, in render
    return SafeString("".join([node.render_annotated(context) for node in self]))
                               ~~~~~~~~~~~~~~~~~~~~~^^^^^^^^^
  File "C:\abay_repository\venv\Lib\site-packages\django\template\base.py", line 961, in render_annotated
    return self.render(context)
           ~~~~~~~~~~~^^^^^^^^^
  File "C:\abay_repository\venv\Lib\site-packages\django\template\loader_tags.py", line 159, in render
    return compiled_parent._render(context)
           ~~~~~~~~~~~~~~~~~~~~~~~^^^^^^^^^
  File "C:\abay_repository\venv\Lib\site-packages\django\template\base.py", line 163, in _render
    return self.nodelist.render(context)
           ~~~~~~~~~~~~~~~~~~~~^^^^^^^^^
  File "C:\abay_repository\venv\Lib\site-packages\django\template\base.py", line 1000, in render
    return SafeString("".join([node.render_annotated(context) for node in self]))
                               ~~~~~~~~~~~~~~~~~~~~~^^^^^^^^^
  File "C:\abay_repository\venv\Lib\site-packages\django\template\base.py", line 961, in render_annotated
    return self.render(context)
           ~~~~~~~~~~~^^^^^^^^^
  File "C:\abay_repository\venv\Lib\site-packages\django\template\loader_tags.py", line 159, in render
    return compiled_parent._render(context)
           ~~~~~~~~~~~~~~~~~~~~~~~^^^^^^^^^
  File "C:\abay_repository\venv\Lib\site-packages\django\template\base.py", line 163, in _render
    return self.nodelist.render(context)
           ~~~~~~~~~~~~~~~~~~~~^^^^^^^^^
  File "C:\abay_repository\venv\Lib\site-packages\django\template\base.py", line 1000, in render
    return SafeString("".join([node.render_annotated(context) for node in self]))
                               ~~~~~~~~~~~~~~~~~~~~~^^^^^^^^^
  File "C:\abay_repository\venv\Lib\site-packages\django\template\base.py", line 961, in render_annotated
    return self.render(context)
           ~~~~~~~~~~~^^^^^^^^^
  File "C:\abay_repository\venv\Lib\site-packages\django\template\loader_tags.py", line 65, in render
    result = block.nodelist.render(context)
  File "C:\abay_repository\venv\Lib\site-packages\django\template\base.py", line 1000, in render
    return SafeString("".join([node.render_annotated(context) for node in self]))
                               ~~~~~~~~~~~~~~~~~~~~~^^^^^^^^^
  File "C:\abay_repository\venv\Lib\site-packages\django\template\base.py", line 961, in render_annotated
    return self.render(context)
           ~~~~~~~~~~~^^^^^^^^^
  File "C:\abay_repository\venv\Lib\site-packages\django\template\loader_tags.py", line 65, in render
    result = block.nodelist.render(context)
  File "C:\abay_repository\venv\Lib\site-packages\django\template\base.py", line 1000, in render
    return SafeString("".join([node.render_annotated(context) for node in self]))
                               ~~~~~~~~~~~~~~~~~~~~~^^^^^^^^^
  File "C:\abay_repository\venv\Lib\site-packages\django\template\base.py", line 961, in render_annotated
    return self.render(context)
           ~~~~~~~~~~~^^^^^^^^^
  File "C:\abay_repository\venv\Lib\site-packages\django\contrib\admin\templatetags\base.py", line 45, in render
    return super().render(context)
           ~~~~~~~~~~~~~~^^^^^^^^^
  File "C:\abay_repository\venv\Lib\site-packages\django\template\library.py", line 271, in render
    new_context = context.new(_dict)
  File "C:\abay_repository\venv\Lib\site-packages\django\template\context.py", line 273, in new
    new_context = super().new(values)
  File "C:\abay_repository\venv\Lib\site-packages\django\template\context.py", line 110, in new
    new_context = copy(self)
  File "C:\Python314\Lib\copy.py", line 82, in copy
    return copier(x)
  File "C:\abay_repository\venv\Lib\site-packages\django\template\context.py", line 158, in __copy__
    duplicate = super().__copy__()
  File "C:\abay_repository\venv\Lib\site-packages\django\template\context.py", line 39, in __copy__
    duplicate.dicts = self.dicts[:]
    ^^^^^^^^^^^^^^^
AttributeError: 'super' object has no attribute 'dicts' and no __dict__ for setting new attributes
"GET /admin/accounts/customuser/add/ HTTP/1.1" 500 402457
"GET /admin/accounts/customuser/add/ HTTP/1.1" 500 402457
"GET /admin/ HTTP/1.1" 200 6741
"GET /admin/ HTTP/1.1" 200 6741
Internal Server Error: /admin/accounts/customuser/
Traceback (most recent call last):
  File "C:\abay_repository\venv\Lib\site-packages\django\core\handlers\exception.py", line 55, in inner
    response = get_response(request)
  File "C:\abay_repository\venv\Lib\site-packages\django\core\handlers\base.py", line 220, in _get_response
    response = response.render()
  File "C:\abay_repository\venv\Lib\site-packages\django\template\response.py", line 114, in render
    self.content = self.rendered_content
                   ^^^^^^^^^^^^^^^^^^^^^
  File "C:\abay_repository\venv\Lib\site-packages\django\template\response.py", line 92, in rendered_content
    return template.render(context, self._request)
           ~~~~~~~~~~~~~~~^^^^^^^^^^^^^^^^^^^^^^^^
  File "C:\abay_repository\venv\Lib\site-packages\django\template\backends\django.py", line 61, in render
    return self.template.render(context)
           ~~~~~~~~~~~~~~~~~~~~^^^^^^^^^
  File "C:\abay_repository\venv\Lib\site-packages\django\template\base.py", line 171, in render
    return self._render(context)
           ~~~~~~~~~~~~^^^^^^^^^
  File "C:\abay_repository\venv\Lib\site-packages\django\template\base.py", line 163, in _render
    return self.nodelist.render(context)
           ~~~~~~~~~~~~~~~~~~~~^^^^^^^^^
  File "C:\abay_repository\venv\Lib\site-packages\django\template\base.py", line 1000, in render
    return SafeString("".join([node.render_annotated(context) for node in self]))
                               ~~~~~~~~~~~~~~~~~~~~~^^^^^^^^^
  File "C:\abay_repository\venv\Lib\site-packages\django\template\base.py", line 961, in render_annotated
    return self.render(context)
           ~~~~~~~~~~~^^^^^^^^^
  File "C:\abay_repository\venv\Lib\site-packages\django\template\loader_tags.py", line 159, in render
    return compiled_parent._render(context)
           ~~~~~~~~~~~~~~~~~~~~~~~^^^^^^^^^
  File "C:\abay_repository\venv\Lib\site-packages\django\template\base.py", line 163, in _render
    return self.nodelist.render(context)
           ~~~~~~~~~~~~~~~~~~~~^^^^^^^^^
  File "C:\abay_repository\venv\Lib\site-packages\django\template\base.py", line 1000, in render
    return SafeString("".join([node.render_annotated(context) for node in self]))
                               ~~~~~~~~~~~~~~~~~~~~~^^^^^^^^^
  File "C:\abay_repository\venv\Lib\site-packages\django\template\base.py", line 961, in render_annotated
    return self.render(context)
           ~~~~~~~~~~~^^^^^^^^^
  File "C:\abay_repository\venv\Lib\site-packages\django\template\loader_tags.py", line 159, in render
    return compiled_parent._render(context)
           ~~~~~~~~~~~~~~~~~~~~~~~^^^^^^^^^
  File "C:\abay_repository\venv\Lib\site-packages\django\template\base.py", line 163, in _render
    return self.nodelist.render(context)
           ~~~~~~~~~~~~~~~~~~~~^^^^^^^^^
  File "C:\abay_repository\venv\Lib\site-packages\django\template\base.py", line 1000, in render
    return SafeString("".join([node.render_annotated(context) for node in self]))
                               ~~~~~~~~~~~~~~~~~~~~~^^^^^^^^^
  File "C:\abay_repository\venv\Lib\site-packages\django\template\base.py", line 961, in render_annotated
    return self.render(context)
           ~~~~~~~~~~~^^^^^^^^^
  File "C:\abay_repository\venv\Lib\site-packages\django\template\loader_tags.py", line 65, in render
    result = block.nodelist.render(context)
  File "C:\abay_repository\venv\Lib\site-packages\django\template\base.py", line 1000, in render
    return SafeString("".join([node.render_annotated(context) for node in self]))
                               ~~~~~~~~~~~~~~~~~~~~~^^^^^^^^^
  File "C:\abay_repository\venv\Lib\site-packages\django\template\base.py", line 961, in render_annotated
    return self.render(context)
           ~~~~~~~~~~~^^^^^^^^^
  File "C:\abay_repository\venv\Lib\site-packages\django\template\loader_tags.py", line 65, in render
    result = block.nodelist.render(context)
  File "C:\abay_repository\venv\Lib\site-packages\django\template\base.py", line 1000, in render
    return SafeString("".join([node.render_annotated(context) for node in self]))
                               ~~~~~~~~~~~~~~~~~~~~~^^^^^^^^^
  File "C:\abay_repository\venv\Lib\site-packages\django\template\base.py", line 961, in render_annotated
    return self.render(context)
           ~~~~~~~~~~~^^^^^^^^^
  File "C:\abay_repository\venv\Lib\site-packages\django\template\loader_tags.py", line 65, in render
    result = block.nodelist.render(context)
  File "C:\abay_repository\venv\Lib\site-packages\django\template\base.py", line 1000, in render
    return SafeString("".join([node.render_annotated(context) for node in self]))
                               ~~~~~~~~~~~~~~~~~~~~~^^^^^^^^^
  File "C:\abay_repository\venv\Lib\site-packages\django\template\base.py", line 961, in render_annotated
    return self.render(context)
           ~~~~~~~~~~~^^^^^^^^^
  File "C:\abay_repository\venv\Lib\site-packages\django\contrib\admin\templatetags\base.py", line 45, in render
    return super().render(context)
           ~~~~~~~~~~~~~~^^^^^^^^^
  File "C:\abay_repository\venv\Lib\site-packages\django\template\library.py", line 271, in render
    new_context = context.new(_dict)
  File "C:\abay_repository\venv\Lib\site-packages\django\template\context.py", line 273, in new
    new_context = super().new(values)
  File "C:\abay_repository\venv\Lib\site-packages\django\template\context.py", line 110, in new
    new_context = copy(self)
  File "C:\Python314\Lib\copy.py", line 82, in copy
    return copier(x)
  File "C:\abay_repository\venv\Lib\site-packages\django\template\context.py", line 158, in __copy__
    duplicate = super().__copy__()
  File "C:\abay_repository\venv\Lib\site-packages\django\template\context.py", line 39, in __copy__
    duplicate.dicts = self.dicts[:]
    ^^^^^^^^^^^^^^^
AttributeError: 'super' object has no attribute 'dicts' and no __dict__ for setting new attributes
Internal Server Error: /admin/accounts/customuser/
Traceback (most recent call last):
  File "C:\abay_repository\venv\Lib\site-packages\django\core\handlers\exception.py", line 55, in inner
    response = get_response(request)
  File "C:\abay_repository\venv\Lib\site-packages\django\core\handlers\base.py", line 220, in _get_response
    response = response.render()
  File "C:\abay_repository\venv\Lib\site-packages\django\template\response.py", line 114, in render
    self.content = self.rendered_content
                   ^^^^^^^^^^^^^^^^^^^^^
  File "C:\abay_repository\venv\Lib\site-packages\django\template\response.py", line 92, in rendered_content
    return template.render(context, self._request)
           ~~~~~~~~~~~~~~~^^^^^^^^^^^^^^^^^^^^^^^^
  File "C:\abay_repository\venv\Lib\site-packages\django\template\backends\django.py", line 61, in render
    return self.template.render(context)
           ~~~~~~~~~~~~~~~~~~~~^^^^^^^^^
  File "C:\abay_repository\venv\Lib\site-packages\django\template\base.py", line 171, in render
    return self._render(context)
           ~~~~~~~~~~~~^^^^^^^^^
  File "C:\abay_repository\venv\Lib\site-packages\django\template\base.py", line 163, in _render
    return self.nodelist.render(context)
           ~~~~~~~~~~~~~~~~~~~~^^^^^^^^^
  File "C:\abay_repository\venv\Lib\site-packages\django\template\base.py", line 1000, in render
    return SafeString("".join([node.render_annotated(context) for node in self]))
                               ~~~~~~~~~~~~~~~~~~~~~^^^^^^^^^
  File "C:\abay_repository\venv\Lib\site-packages\django\template\base.py", line 961, in render_annotated
    return self.render(context)
           ~~~~~~~~~~~^^^^^^^^^
  File "C:\abay_repository\venv\Lib\site-packages\django\template\loader_tags.py", line 159, in render
    return compiled_parent._render(context)
           ~~~~~~~~~~~~~~~~~~~~~~~^^^^^^^^^
  File "C:\abay_repository\venv\Lib\site-packages\django\template\base.py", line 163, in _render
    return self.nodelist.render(context)
           ~~~~~~~~~~~~~~~~~~~~^^^^^^^^^
  File "C:\abay_repository\venv\Lib\site-packages\django\template\base.py", line 1000, in render
    return SafeString("".join([node.render_annotated(context) for node in self]))
                               ~~~~~~~~~~~~~~~~~~~~~^^^^^^^^^
  File "C:\abay_repository\venv\Lib\site-packages\django\template\base.py", line 961, in render_annotated
    return self.render(context)
           ~~~~~~~~~~~^^^^^^^^^
  File "C:\abay_repository\venv\Lib\site-packages\django\template\loader_tags.py", line 159, in render
    return compiled_parent._render(context)
           ~~~~~~~~~~~~~~~~~~~~~~~^^^^^^^^^
  File "C:\abay_repository\venv\Lib\site-packages\django\template\base.py", line 163, in _render
    return self.nodelist.render(context)
           ~~~~~~~~~~~~~~~~~~~~^^^^^^^^^
  File "C:\abay_repository\venv\Lib\site-packages\django\template\base.py", line 1000, in render
    return SafeString("".join([node.render_annotated(context) for node in self]))
                               ~~~~~~~~~~~~~~~~~~~~~^^^^^^^^^
  File "C:\abay_repository\venv\Lib\site-packages\django\template\base.py", line 961, in render_annotated
    return self.render(context)
           ~~~~~~~~~~~^^^^^^^^^
  File "C:\abay_repository\venv\Lib\site-packages\django\template\loader_tags.py", line 65, in render
    result = block.nodelist.render(context)
  File "C:\abay_repository\venv\Lib\site-packages\django\template\base.py", line 1000, in render
    return SafeString("".join([node.render_annotated(context) for node in self]))
                               ~~~~~~~~~~~~~~~~~~~~~^^^^^^^^^
  File "C:\abay_repository\venv\Lib\site-packages\django\template\base.py", line 961, in render_annotated
    return self.render(context)
           ~~~~~~~~~~~^^^^^^^^^
  File "C:\abay_repository\venv\Lib\site-packages\django\template\loader_tags.py", line 65, in render
    result = block.nodelist.render(context)
  File "C:\abay_repository\venv\Lib\site-packages\django\template\base.py", line 1000, in render
    return SafeString("".join([node.render_annotated(context) for node in self]))
                               ~~~~~~~~~~~~~~~~~~~~~^^^^^^^^^
  File "C:\abay_repository\venv\Lib\site-packages\django\template\base.py", line 961, in render_annotated
    return self.render(context)
           ~~~~~~~~~~~^^^^^^^^^
  File "C:\abay_repository\venv\Lib\site-packages\django\template\loader_tags.py", line 65, in render
    result = block.nodelist.render(context)
  File "C:\abay_repository\venv\Lib\site-packages\django\template\base.py", line 1000, in render
    return SafeString("".join([node.render_annotated(context) for node in self]))
                               ~~~~~~~~~~~~~~~~~~~~~^^^^^^^^^
  File "C:\abay_repository\venv\Lib\site-packages\django\template\base.py", line 961, in render_annotated
    return self.render(context)
           ~~~~~~~~~~~^^^^^^^^^
  File "C:\abay_repository\venv\Lib\site-packages\django\contrib\admin\templatetags\base.py", line 45, in render
    return super().render(context)
           ~~~~~~~~~~~~~~^^^^^^^^^
  File "C:\abay_repository\venv\Lib\site-packages\django\template\library.py", line 271, in render
    new_context = context.new(_dict)
  File "C:\abay_repository\venv\Lib\site-packages\django\template\context.py", line 273, in new
    new_context = super().new(values)
  File "C:\abay_repository\venv\Lib\site-packages\django\template\context.py", line 110, in new
    new_context = copy(self)
  File "C:\Python314\Lib\copy.py", line 82, in copy
    return copier(x)
  File "C:\abay_repository\venv\Lib\site-packages\django\template\context.py", line 158, in __copy__
    duplicate = super().__copy__()
  File "C:\abay_repository\venv\Lib\site-packages\django\template\context.py", line 39, in __copy__
    duplicate.dicts = self.dicts[:]
    ^^^^^^^^^^^^^^^
AttributeError: 'super' object has no attribute 'dicts' and no __dict__ for setting new attributes
"GET /admin/accounts/customuser/ HTTP/1.1" 500 369937
"GET /admin/accounts/customuser/ HTTP/1.1" 500 369937
"GET /admin/ HTTP/1.1" 200 6741
"GET /admin/ HTTP/1.1" 200 6741
Not Found: /settings/
Not Found: /settings/
"GET /settings/ HTTP/1.1" 404 3633
"GET /settings/ HTTP/1.1" 404 3633
Not Found: /admin/books/book/
Not Found: /admin/books/book/
"GET /admin/books/book/ HTTP/1.1" 404 4699
"GET /admin/books/book/ HTTP/1.1" 404 4699
Internal Server Error: /admin/accounts/customuser/
Traceback (most recent call last):
  File "C:\abay_repository\venv\Lib\site-packages\django\core\handlers\exception.py", line 55, in inner
    response = get_response(request)
  File "C:\abay_repository\venv\Lib\site-packages\django\core\handlers\base.py", line 220, in _get_response
    response = response.render()
  File "C:\abay_repository\venv\Lib\site-packages\django\template\response.py", line 114, in render
    self.content = self.rendered_content
                   ^^^^^^^^^^^^^^^^^^^^^
  File "C:\abay_repository\venv\Lib\site-packages\django\template\response.py", line 92, in rendered_content
    return template.render(context, self._request)
           ~~~~~~~~~~~~~~~^^^^^^^^^^^^^^^^^^^^^^^^
  File "C:\abay_repository\venv\Lib\site-packages\django\template\backends\django.py", line 61, in render
    return self.template.render(context)
           ~~~~~~~~~~~~~~~~~~~~^^^^^^^^^
  File "C:\abay_repository\venv\Lib\site-packages\django\template\base.py", line 171, in render
    return self._render(context)
           ~~~~~~~~~~~~^^^^^^^^^
  File "C:\abay_repository\venv\Lib\site-packages\django\template\base.py", line 163, in _render
    return self.nodelist.render(context)
           ~~~~~~~~~~~~~~~~~~~~^^^^^^^^^
  File "C:\abay_repository\venv\Lib\site-packages\django\template\base.py", line 1000, in render
    return SafeString("".join([node.render_annotated(context) for node in self]))
                               ~~~~~~~~~~~~~~~~~~~~~^^^^^^^^^
  File "C:\abay_repository\venv\Lib\site-packages\django\template\base.py", line 961, in render_annotated
    return self.render(context)
           ~~~~~~~~~~~^^^^^^^^^
  File "C:\abay_repository\venv\Lib\site-packages\django\template\loader_tags.py", line 159, in render
    return compiled_parent._render(context)
           ~~~~~~~~~~~~~~~~~~~~~~~^^^^^^^^^
  File "C:\abay_repository\venv\Lib\site-packages\django\template\base.py", line 163, in _render
    return self.nodelist.render(context)
           ~~~~~~~~~~~~~~~~~~~~^^^^^^^^^
  File "C:\abay_repository\venv\Lib\site-packages\django\template\base.py", line 1000, in render
    return SafeString("".join([node.render_annotated(context) for node in self]))
                               ~~~~~~~~~~~~~~~~~~~~~^^^^^^^^^
  File "C:\abay_repository\venv\Lib\site-packages\django\template\base.py", line 961, in render_annotated
    return self.render(context)
           ~~~~~~~~~~~^^^^^^^^^
  File "C:\abay_repository\venv\Lib\site-packages\django\template\loader_tags.py", line 159, in render
    return compiled_parent._render(context)
           ~~~~~~~~~~~~~~~~~~~~~~~^^^^^^^^^
  File "C:\abay_repository\venv\Lib\site-packages\django\template\base.py", line 163, in _render
    return self.nodelist.render(context)
           ~~~~~~~~~~~~~~~~~~~~^^^^^^^^^
  File "C:\abay_repository\venv\Lib\site-packages\django\template\base.py", line 1000, in render
    return SafeString("".join([node.render_annotated(context) for node in self]))
                               ~~~~~~~~~~~~~~~~~~~~~^^^^^^^^^
  File "C:\abay_repository\venv\Lib\site-packages\django\template\base.py", line 961, in render_annotated
    return self.render(context)
           ~~~~~~~~~~~^^^^^^^^^
  File "C:\abay_repository\venv\Lib\site-packages\django\template\loader_tags.py", line 65, in render
    result = block.nodelist.render(context)
  File "C:\abay_repository\venv\Lib\site-packages\django\template\base.py", line 1000, in render
    return SafeString("".join([node.render_annotated(context) for node in self]))
                               ~~~~~~~~~~~~~~~~~~~~~^^^^^^^^^
  File "C:\abay_repository\venv\Lib\site-packages\django\template\base.py", line 961, in render_annotated
    return self.render(context)
           ~~~~~~~~~~~^^^^^^^^^
  File "C:\abay_repository\venv\Lib\site-packages\django\template\loader_tags.py", line 65, in render
    result = block.nodelist.render(context)
  File "C:\abay_repository\venv\Lib\site-packages\django\template\base.py", line 1000, in render
    return SafeString("".join([node.render_annotated(context) for node in self]))
                               ~~~~~~~~~~~~~~~~~~~~~^^^^^^^^^
  File "C:\abay_repository\venv\Lib\site-packages\django\template\base.py", line 961, in render_annotated
    return self.render(context)
           ~~~~~~~~~~~^^^^^^^^^
  File "C:\abay_repository\venv\Lib\site-packages\django\template\loader_tags.py", line 65, in render
    result = block.nodelist.render(context)
  File "C:\abay_repository\venv\Lib\site-packages\django\template\base.py", line 1000, in render
    return SafeString("".join([node.render_annotated(context) for node in self]))
                               ~~~~~~~~~~~~~~~~~~~~~^^^^^^^^^
  File "C:\abay_repository\venv\Lib\site-packages\django\template\base.py", line 961, in render_annotated
    return self.render(context)
           ~~~~~~~~~~~^^^^^^^^^
  File "C:\abay_repository\venv\Lib\site-packages\django\contrib\admin\templatetags\base.py", line 45, in render
    return super().render(context)
           ~~~~~~~~~~~~~~^^^^^^^^^
  File "C:\abay_repository\venv\Lib\site-packages\django\template\library.py", line 271, in render
    new_context = context.new(_dict)
  File "C:\abay_repository\venv\Lib\site-packages\django\template\context.py", line 273, in new
    new_context = super().new(values)
  File "C:\abay_repository\venv\Lib\site-packages\django\template\context.py", line 110, in new
    new_context = copy(self)
  File "C:\Python314\Lib\copy.py", line 82, in copy
    return copier(x)
  File "C:\abay_repository\venv\Lib\site-packages\django\template\context.py", line 158, in __copy__
    duplicate = super().__copy__()
  File "C:\abay_repository\venv\Lib\site-packages\django\template\context.py", line 39, in __copy__
    duplicate.dicts = self.dicts[:]
    ^^^^^^^^^^^^^^^
AttributeError: 'super' object has no attribute 'dicts' and no __dict__ for setting new attributes
Internal Server Error: /admin/accounts/customuser/
Traceback (most recent call last):
  File "C:\abay_repository\venv\Lib\site-packages\django\core\handlers\exception.py", line 55, in inner
    response = get_response(request)
  File "C:\abay_repository\venv\Lib\site-packages\django\core\handlers\base.py", line 220, in _get_response
    response = response.render()
  File "C:\abay_repository\venv\Lib\site-packages\django\template\response.py", line 114, in render
    self.content = self.rendered_content
                   ^^^^^^^^^^^^^^^^^^^^^
  File "C:\abay_repository\venv\Lib\site-packages\django\template\response.py", line 92, in rendered_content
    return template.render(context, self._request)
           ~~~~~~~~~~~~~~~^^^^^^^^^^^^^^^^^^^^^^^^
  File "C:\abay_repository\venv\Lib\site-packages\django\template\backends\django.py", line 61, in render
    return self.template.render(context)
           ~~~~~~~~~~~~~~~~~~~~^^^^^^^^^
  File "C:\abay_repository\venv\Lib\site-packages\django\template\base.py", line 171, in render
    return self._render(context)
           ~~~~~~~~~~~~^^^^^^^^^
  File "C:\abay_repository\venv\Lib\site-packages\django\template\base.py", line 163, in _render
    return self.nodelist.render(context)
           ~~~~~~~~~~~~~~~~~~~~^^^^^^^^^
  File "C:\abay_repository\venv\Lib\site-packages\django\template\base.py", line 1000, in render
    return SafeString("".join([node.render_annotated(context) for node in self]))
                               ~~~~~~~~~~~~~~~~~~~~~^^^^^^^^^
  File "C:\abay_repository\venv\Lib\site-packages\django\template\base.py", line 961, in render_annotated
    return self.render(context)
           ~~~~~~~~~~~^^^^^^^^^
  File "C:\abay_repository\venv\Lib\site-packages\django\template\loader_tags.py", line 159, in render
    return compiled_parent._render(context)
           ~~~~~~~~~~~~~~~~~~~~~~~^^^^^^^^^
  File "C:\abay_repository\venv\Lib\site-packages\django\template\base.py", line 163, in _render
    return self.nodelist.render(context)
           ~~~~~~~~~~~~~~~~~~~~^^^^^^^^^
  File "C:\abay_repository\venv\Lib\site-packages\django\template\base.py", line 1000, in render
    return SafeString("".join([node.render_annotated(context) for node in self]))
                               ~~~~~~~~~~~~~~~~~~~~~^^^^^^^^^
  File "C:\abay_repository\venv\Lib\site-packages\django\template\base.py", line 961, in render_annotated
    return self.render(context)
           ~~~~~~~~~~~^^^^^^^^^
  File "C:\abay_repository\venv\Lib\site-packages\django\template\loader_tags.py", line 159, in render
    return compiled_parent._render(context)
           ~~~~~~~~~~~~~~~~~~~~~~~^^^^^^^^^
  File "C:\abay_repository\venv\Lib\site-packages\django\template\base.py", line 163, in _render
    return self.nodelist.render(context)
           ~~~~~~~~~~~~~~~~~~~~^^^^^^^^^
  File "C:\abay_repository\venv\Lib\site-packages\django\template\base.py", line 1000, in render
    return SafeString("".join([node.render_annotated(context) for node in self]))
                               ~~~~~~~~~~~~~~~~~~~~~^^^^^^^^^
  File "C:\abay_repository\venv\Lib\site-packages\django\template\base.py", line 961, in render_annotated
    return self.render(context)
           ~~~~~~~~~~~^^^^^^^^^
  File "C:\abay_repository\venv\Lib\site-packages\django\template\loader_tags.py", line 65, in render
    result = block.nodelist.render(context)
  File "C:\abay_repository\venv\Lib\site-packages\django\template\base.py", line 1000, in render
    return SafeString("".join([node.render_annotated(context) for node in self]))
                               ~~~~~~~~~~~~~~~~~~~~~^^^^^^^^^
  File "C:\abay_repository\venv\Lib\site-packages\django\template\base.py", line 961, in render_annotated
    return self.render(context)
           ~~~~~~~~~~~^^^^^^^^^
  File "C:\abay_repository\venv\Lib\site-packages\django\template\loader_tags.py", line 65, in render
    result = block.nodelist.render(context)
  File "C:\abay_repository\venv\Lib\site-packages\django\template\base.py", line 1000, in render
    return SafeString("".join([node.render_annotated(context) for node in self]))
                               ~~~~~~~~~~~~~~~~~~~~~^^^^^^^^^
  File "C:\abay_repository\venv\Lib\site-packages\django\template\base.py", line 961, in render_annotated
    return self.render(context)
           ~~~~~~~~~~~^^^^^^^^^
  File "C:\abay_repository\venv\Lib\site-packages\django\template\loader_tags.py", line 65, in render
    result = block.nodelist.render(context)
  File "C:\abay_repository\venv\Lib\site-packages\django\template\base.py", line 1000, in render
    return SafeString("".join([node.render_annotated(context) for node in self]))
                               ~~~~~~~~~~~~~~~~~~~~~^^^^^^^^^
  File "C:\abay_repository\venv\Lib\site-packages\django\template\base.py", line 961, in render_annotated
    return self.render(context)
           ~~~~~~~~~~~^^^^^^^^^
  File "C:\abay_repository\venv\Lib\site-packages\django\contrib\admin\templatetags\base.py", line 45, in render
    return super().render(context)
           ~~~~~~~~~~~~~~^^^^^^^^^
  File "C:\abay_repository\venv\Lib\site-packages\django\template\library.py", line 271, in render
    new_context = context.new(_dict)
  File "C:\abay_repository\venv\Lib\site-packages\django\template\context.py", line 273, in new
    new_context = super().new(values)
  File "C:\abay_repository\venv\Lib\site-packages\django\template\context.py", line 110, in new
    new_context = copy(self)
  File "C:\Python314\Lib\copy.py", line 82, in copy
    return copier(x)
  File "C:\abay_repository\venv\Lib\site-packages\django\template\context.py", line 158, in __copy__
    duplicate = super().__copy__()
  File "C:\abay_repository\venv\Lib\site-packages\django\template\context.py", line 39, in __copy__
    duplicate.dicts = self.dicts[:]
    ^^^^^^^^^^^^^^^
AttributeError: 'super' object has no attribute 'dicts' and no __dict__ for setting new attributes
"GET /admin/accounts/customuser/ HTTP/1.1" 500 369947
"GET /admin/accounts/customuser/ HTTP/1.1" 500 369947
Not Found: /royalties/
Not Found: /royalties/
"GET /royalties/ HTTP/1.1" 404 3526
"GET /royalties/ HTTP/1.1" 404 3526
"GET / HTTP/1.1" 200 29408
"GET / HTTP/1.1" 200 29408
"GET /dashboard/redirect/ HTTP/1.1" 302 0
"GET /dashboard/redirect/ HTTP/1.1" 302 0
"GET /dashboard/admin/ HTTP/1.1" 200 51333
"GET /dashboard/admin/ HTTP/1.1" 200 51333
"GET /dashboard/admin/ HTTP/1.1" 200 47615
"GET /dashboard/admin/ HTTP/1.1" 200 47615
"GET /admin/ HTTP/1.1" 200 6741
"GET /admin/ HTTP/1.1" 200 6741
Internal Server Error: /admin/accounts/authorprofile/
Traceback (most recent call last):
  File "C:\abay_repository\venv\Lib\site-packages\django\core\handlers\exception.py", line 55, in inner
    response = get_response(request)
  File "C:\abay_repository\venv\Lib\site-packages\django\core\handlers\base.py", line 220, in _get_response
    response = response.render()
  File "C:\abay_repository\venv\Lib\site-packages\django\template\response.py", line 114, in render
    self.content = self.rendered_content
                   ^^^^^^^^^^^^^^^^^^^^^
  File "C:\abay_repository\venv\Lib\site-packages\django\template\response.py", line 92, in rendered_content
    return template.render(context, self._request)
           ~~~~~~~~~~~~~~~^^^^^^^^^^^^^^^^^^^^^^^^
  File "C:\abay_repository\venv\Lib\site-packages\django\template\backends\django.py", line 61, in render
    return self.template.render(context)
           ~~~~~~~~~~~~~~~~~~~~^^^^^^^^^
  File "C:\abay_repository\venv\Lib\site-packages\django\template\base.py", line 171, in render
    return self._render(context)
           ~~~~~~~~~~~~^^^^^^^^^
  File "C:\abay_repository\venv\Lib\site-packages\django\template\base.py", line 163, in _render
    return self.nodelist.render(context)
           ~~~~~~~~~~~~~~~~~~~~^^^^^^^^^
  File "C:\abay_repository\venv\Lib\site-packages\django\template\base.py", line 1000, in render
    return SafeString("".join([node.render_annotated(context) for node in self]))
                               ~~~~~~~~~~~~~~~~~~~~~^^^^^^^^^
  File "C:\abay_repository\venv\Lib\site-packages\django\template\base.py", line 961, in render_annotated
    return self.render(context)
           ~~~~~~~~~~~^^^^^^^^^
  File "C:\abay_repository\venv\Lib\site-packages\django\template\loader_tags.py", line 159, in render
    return compiled_parent._render(context)
           ~~~~~~~~~~~~~~~~~~~~~~~^^^^^^^^^
  File "C:\abay_repository\venv\Lib\site-packages\django\template\base.py", line 163, in _render
    return self.nodelist.render(context)
           ~~~~~~~~~~~~~~~~~~~~^^^^^^^^^
  File "C:\abay_repository\venv\Lib\site-packages\django\template\base.py", line 1000, in render
    return SafeString("".join([node.render_annotated(context) for node in self]))
                               ~~~~~~~~~~~~~~~~~~~~~^^^^^^^^^
  File "C:\abay_repository\venv\Lib\site-packages\django\template\base.py", line 961, in render_annotated
    return self.render(context)
           ~~~~~~~~~~~^^^^^^^^^
  File "C:\abay_repository\venv\Lib\site-packages\django\template\loader_tags.py", line 159, in render
    return compiled_parent._render(context)
           ~~~~~~~~~~~~~~~~~~~~~~~^^^^^^^^^
  File "C:\abay_repository\venv\Lib\site-packages\django\template\base.py", line 163, in _render
    return self.nodelist.render(context)
           ~~~~~~~~~~~~~~~~~~~~^^^^^^^^^
  File "C:\abay_repository\venv\Lib\site-packages\django\template\base.py", line 1000, in render
    return SafeString("".join([node.render_annotated(context) for node in self]))
                               ~~~~~~~~~~~~~~~~~~~~~^^^^^^^^^
  File "C:\abay_repository\venv\Lib\site-packages\django\template\base.py", line 961, in render_annotated
    return self.render(context)
           ~~~~~~~~~~~^^^^^^^^^
  File "C:\abay_repository\venv\Lib\site-packages\django\template\loader_tags.py", line 65, in render
    result = block.nodelist.render(context)
  File "C:\abay_repository\venv\Lib\site-packages\django\template\base.py", line 1000, in render
    return SafeString("".join([node.render_annotated(context) for node in self]))
                               ~~~~~~~~~~~~~~~~~~~~~^^^^^^^^^
  File "C:\abay_repository\venv\Lib\site-packages\django\template\base.py", line 961, in render_annotated
    return self.render(context)
           ~~~~~~~~~~~^^^^^^^^^
  File "C:\abay_repository\venv\Lib\site-packages\django\template\loader_tags.py", line 65, in render
    result = block.nodelist.render(context)
  File "C:\abay_repository\venv\Lib\site-packages\django\template\base.py", line 1000, in render
    return SafeString("".join([node.render_annotated(context) for node in self]))
                               ~~~~~~~~~~~~~~~~~~~~~^^^^^^^^^
  File "C:\abay_repository\venv\Lib\site-packages\django\template\base.py", line 961, in render_annotated
    return self.render(context)
           ~~~~~~~~~~~^^^^^^^^^
  File "C:\abay_repository\venv\Lib\site-packages\django\template\loader_tags.py", line 65, in render
    result = block.nodelist.render(context)
  File "C:\abay_repository\venv\Lib\site-packages\django\template\base.py", line 1000, in render
    return SafeString("".join([node.render_annotated(context) for node in self]))
                               ~~~~~~~~~~~~~~~~~~~~~^^^^^^^^^
  File "C:\abay_repository\venv\Lib\site-packages\django\template\base.py", line 961, in render_annotated
    return self.render(context)
           ~~~~~~~~~~~^^^^^^^^^
  File "C:\abay_repository\venv\Lib\site-packages\django\contrib\admin\templatetags\base.py", line 45, in render
    return super().render(context)
           ~~~~~~~~~~~~~~^^^^^^^^^
  File "C:\abay_repository\venv\Lib\site-packages\django\template\library.py", line 271, in render
    new_context = context.new(_dict)
  File "C:\abay_repository\venv\Lib\site-packages\django\template\context.py", line 273, in new
    new_context = super().new(values)
  File "C:\abay_repository\venv\Lib\site-packages\django\template\context.py", line 110, in new
    new_context = copy(self)
  File "C:\Python314\Lib\copy.py", line 82, in copy
    return copier(x)
  File "C:\abay_repository\venv\Lib\site-packages\django\template\context.py", line 158, in __copy__
    duplicate = super().__copy__()
  File "C:\abay_repository\venv\Lib\site-packages\django\template\context.py", line 39, in __copy__
    duplicate.dicts = self.dicts[:]
    ^^^^^^^^^^^^^^^
AttributeError: 'super' object has no attribute 'dicts' and no __dict__ for setting new attributes
Internal Server Error: /admin/accounts/authorprofile/
Traceback (most recent call last):
  File "C:\abay_repository\venv\Lib\site-packages\django\core\handlers\exception.py", line 55, in inner
    response = get_response(request)
  File "C:\abay_repository\venv\Lib\site-packages\django\core\handlers\base.py", line 220, in _get_response
    response = response.render()
  File "C:\abay_repository\venv\Lib\site-packages\django\template\response.py", line 114, in render
    self.content = self.rendered_content
                   ^^^^^^^^^^^^^^^^^^^^^
  File "C:\abay_repository\venv\Lib\site-packages\django\template\response.py", line 92, in rendered_content
    return template.render(context, self._request)
           ~~~~~~~~~~~~~~~^^^^^^^^^^^^^^^^^^^^^^^^
  File "C:\abay_repository\venv\Lib\site-packages\django\template\backends\django.py", line 61, in render
    return self.template.render(context)
           ~~~~~~~~~~~~~~~~~~~~^^^^^^^^^
  File "C:\abay_repository\venv\Lib\site-packages\django\template\base.py", line 171, in render
    return self._render(context)
           ~~~~~~~~~~~~^^^^^^^^^
  File "C:\abay_repository\venv\Lib\site-packages\django\template\base.py", line 163, in _render
    return self.nodelist.render(context)
           ~~~~~~~~~~~~~~~~~~~~^^^^^^^^^
  File "C:\abay_repository\venv\Lib\site-packages\django\template\base.py", line 1000, in render
    return SafeString("".join([node.render_annotated(context) for node in self]))
                               ~~~~~~~~~~~~~~~~~~~~~^^^^^^^^^
  File "C:\abay_repository\venv\Lib\site-packages\django\template\base.py", line 961, in render_annotated
    return self.render(context)
           ~~~~~~~~~~~^^^^^^^^^
  File "C:\abay_repository\venv\Lib\site-packages\django\template\loader_tags.py", line 159, in render
    return compiled_parent._render(context)
           ~~~~~~~~~~~~~~~~~~~~~~~^^^^^^^^^
  File "C:\abay_repository\venv\Lib\site-packages\django\template\base.py", line 163, in _render
    return self.nodelist.render(context)
           ~~~~~~~~~~~~~~~~~~~~^^^^^^^^^
  File "C:\abay_repository\venv\Lib\site-packages\django\template\base.py", line 1000, in render
    return SafeString("".join([node.render_annotated(context) for node in self]))
                               ~~~~~~~~~~~~~~~~~~~~~^^^^^^^^^
  File "C:\abay_repository\venv\Lib\site-packages\django\template\base.py", line 961, in render_annotated
    return self.render(context)
           ~~~~~~~~~~~^^^^^^^^^
  File "C:\abay_repository\venv\Lib\site-packages\django\template\loader_tags.py", line 159, in render
    return compiled_parent._render(context)
           ~~~~~~~~~~~~~~~~~~~~~~~^^^^^^^^^
  File "C:\abay_repository\venv\Lib\site-packages\django\template\base.py", line 163, in _render
    return self.nodelist.render(context)
           ~~~~~~~~~~~~~~~~~~~~^^^^^^^^^
  File "C:\abay_repository\venv\Lib\site-packages\django\template\base.py", line 1000, in render
    return SafeString("".join([node.render_annotated(context) for node in self]))
                               ~~~~~~~~~~~~~~~~~~~~~^^^^^^^^^
  File "C:\abay_repository\venv\Lib\site-packages\django\template\base.py", line 961, in render_annotated
    return self.render(context)
           ~~~~~~~~~~~^^^^^^^^^
  File "C:\abay_repository\venv\Lib\site-packages\django\template\loader_tags.py", line 65, in render
    result = block.nodelist.render(context)
  File "C:\abay_repository\venv\Lib\site-packages\django\template\base.py", line 1000, in render
    return SafeString("".join([node.render_annotated(context) for node in self]))
                               ~~~~~~~~~~~~~~~~~~~~~^^^^^^^^^
  File "C:\abay_repository\venv\Lib\site-packages\django\template\base.py", line 961, in render_annotated
    return self.render(context)
           ~~~~~~~~~~~^^^^^^^^^
  File "C:\abay_repository\venv\Lib\site-packages\django\template\loader_tags.py", line 65, in render
    result = block.nodelist.render(context)
  File "C:\abay_repository\venv\Lib\site-packages\django\template\base.py", line 1000, in render
    return SafeString("".join([node.render_annotated(context) for node in self]))
                               ~~~~~~~~~~~~~~~~~~~~~^^^^^^^^^
  File "C:\abay_repository\venv\Lib\site-packages\django\template\base.py", line 961, in render_annotated
    return self.render(context)
           ~~~~~~~~~~~^^^^^^^^^
  File "C:\abay_repository\venv\Lib\site-packages\django\template\loader_tags.py", line 65, in render
    result = block.nodelist.render(context)
  File "C:\abay_repository\venv\Lib\site-packages\django\template\base.py", line 1000, in render
    return SafeString("".join([node.render_annotated(context) for node in self]))
                               ~~~~~~~~~~~~~~~~~~~~~^^^^^^^^^
  File "C:\abay_repository\venv\Lib\site-packages\django\template\base.py", line 961, in render_annotated
    return self.render(context)
           ~~~~~~~~~~~^^^^^^^^^
  File "C:\abay_repository\venv\Lib\site-packages\django\contrib\admin\templatetags\base.py", line 45, in render
    return super().render(context)
           ~~~~~~~~~~~~~~^^^^^^^^^
  File "C:\abay_repository\venv\Lib\site-packages\django\template\library.py", line 271, in render
    new_context = context.new(_dict)
  File "C:\abay_repository\venv\Lib\site-packages\django\template\context.py", line 273, in new
    new_context = super().new(values)
  File "C:\abay_repository\venv\Lib\site-packages\django\template\context.py", line 110, in new
    new_context = copy(self)
  File "C:\Python314\Lib\copy.py", line 82, in copy
    return copier(x)
  File "C:\abay_repository\venv\Lib\site-packages\django\template\context.py", line 158, in __copy__
    duplicate = super().__copy__()
  File "C:\abay_repository\venv\Lib\site-packages\django\template\context.py", line 39, in __copy__
    duplicate.dicts = self.dicts[:]
    ^^^^^^^^^^^^^^^
AttributeError: 'super' object has no attribute 'dicts' and no __dict__ for setting new attributes
"GET /admin/accounts/authorprofile/ HTTP/1.1" 500 370551
"GET /admin/accounts/authorprofile/ HTTP/1.1" 500 370551
"GET /admin/ HTTP/1.1" 200 6741
"GET /admin/ HTTP/1.1" 200 6741
"GET /accounts/logout/ HTTP/1.1" 302 0
"GET /accounts/logout/ HTTP/1.1" 302 0
"GET / HTTP/1.1" 200 29607
"GET / HTTP/1.1" 200 29607
"GET /accounts/login/ HTTP/1.1" 200 17640
"GET /accounts/login/ HTTP/1.1" 200 17640
"POST /accounts/login/ HTTP/1.1" 200 17990
"POST /accounts/login/ HTTP/1.1" 200 17990
"POST /accounts/login/ HTTP/1.1" 302 0
"POST /accounts/login/ HTTP/1.1" 302 0
"GET /dashboard/author/ HTTP/1.1" 200 19720
"GET /dashboard/author/ HTTP/1.1" 200 19720
"GET /books/upload/ HTTP/1.1" 200 42298
"GET /books/upload/ HTTP/1.1" 200 42298
C:\abay_repository\books\views.py changed, reloading.
C:\abay_repository\books\views.py changed, reloading.
Watching for file changes with StatReloader
Watching for file changes with StatReloader
C:\abay_repository\books\urls.py changed, reloading.
C:\abay_repository\books\urls.py changed, reloading.
Watching for file changes with StatReloader
Watching for file changes with StatReloader
"GET /books/upload/ HTTP/1.1" 200 32620
"GET /books/upload/ HTTP/1.1" 200 32620
"GET / HTTP/1.1" 200 29946
"GET / HTTP/1.1" 200 29946
"GET /books/upload/ HTTP/1.1" 200 32620
"GET /books/upload/ HTTP/1.1" 200 32620
C:\abay_repository\books\models.py changed, reloading.
C:\abay_repository\books\models.py changed, reloading.
Watching for file changes with StatReloader
Watching for file changes with StatReloader
C:\abay_repository\books\views.py changed, reloading.
C:\abay_repository\books\views.py changed, reloading.
Watching for file changes with StatReloader
Watching for file changes with StatReloader
C:\abay_repository\books\urls.py changed, reloading.
C:\abay_repository\books\urls.py changed, reloading.
Watching for file changes with StatReloader
Watching for file changes with StatReloader
"GET /books/upload/ HTTP/1.1" 200 34313
"GET /books/upload/ HTTP/1.1" 200 34313
Watching for file changes with StatReloader
Watching for file changes with StatReloader
"GET / HTTP/1.1" 200 29946
"GET / HTTP/1.1" 200 29946
"GET /dashboard/redirect/ HTTP/1.1" 302 0
"GET /dashboard/redirect/ HTTP/1.1" 302 0
"GET /dashboard/author/ HTTP/1.1" 200 19389
"GET /dashboard/author/ HTTP/1.1" 200 19389
"GET /books/upload/ HTTP/1.1" 200 34313
"GET /books/upload/ HTTP/1.1" 200 34313
"GET /books/upload/ HTTP/1.1" 200 32278
"GET /books/upload/ HTTP/1.1" 200 32278
C:\abay_repository\books\views.py changed, reloading.
C:\abay_repository\books\views.py changed, reloading.
Watching for file changes with StatReloader
Watching for file changes with StatReloader
Not Found: /books/api/genres/
Not Found: /books/api/genres/
"GET /books/api/genres/ HTTP/1.1" 404 4838
"GET /books/api/genres/ HTTP/1.1" 404 4838
"GET /books/upload/ HTTP/1.1" 200 32278
"GET /books/upload/ HTTP/1.1" 200 32278
C:\abay_repository\books\views.py changed, reloading.
C:\abay_repository\books\views.py changed, reloading.
Watching for file changes with StatReloader
Watching for file changes with StatReloader
C:\abay_repository\books\models.py changed, reloading.
C:\abay_repository\books\models.py changed, reloading.
Watching for file changes with StatReloader
Watching for file changes with StatReloader
"GET /books/upload/ HTTP/1.1" 200 33702
"GET /books/upload/ HTTP/1.1" 200 33702
C:\abay_repository\books\urls.py changed, reloading.
C:\abay_repository\books\urls.py changed, reloading.
Watching for file changes with StatReloader
Watching for file changes with StatReloader
Watching for file changes with StatReloader
Watching for file changes with StatReloader
"GET / HTTP/1.1" 200 29946
"GET / HTTP/1.1" 200 29946
"GET /accounts/register/author/ HTTP/1.1" 302 0
"GET /accounts/register/author/ HTTP/1.1" 302 0
"GET /dashboard/redirect/ HTTP/1.1" 302 0
"GET /dashboard/redirect/ HTTP/1.1" 302 0
"GET /dashboard/author/ HTTP/1.1" 200 19389
"GET /dashboard/author/ HTTP/1.1" 200 19389
"GET /books/upload/ HTTP/1.1" 200 33702
"GET /books/upload/ HTTP/1.1" 200 33702
"GET /accounts/logout/ HTTP/1.1" 302 0
"GET /accounts/logout/ HTTP/1.1" 302 0
"GET / HTTP/1.1" 200 29607
"GET / HTTP/1.1" 200 29607
"GET /accounts/login/ HTTP/1.1" 200 17640
"GET /accounts/login/ HTTP/1.1" 200 17640
"POST /accounts/login/ HTTP/1.1" 200 17996
"POST /accounts/login/ HTTP/1.1" 200 17996
"POST /accounts/login/ HTTP/1.1" 200 17996
"POST /accounts/login/ HTTP/1.1" 200 17996
"POST /accounts/login/ HTTP/1.1" 302 0
"POST /accounts/login/ HTTP/1.1" 302 0
"GET /dashboard/admin/ HTTP/1.1" 200 47931
"GET /dashboard/admin/ HTTP/1.1" 200 47931
Not Found: /settings/
Not Found: /settings/
"GET /settings/ HTTP/1.1" 404 3633
"GET /settings/ HTTP/1.1" 404 3633
"GET /dashboard/admin/ HTTP/1.1" 200 47615
"GET /dashboard/admin/ HTTP/1.1" 200 47615
"GET /admin/ HTTP/1.1" 200 6741
"GET /admin/ HTTP/1.1" 200 6741
"GET /static/admin/css/dark_mode.css HTTP/1.1" 304 0
"GET /static/admin/css/base.css HTTP/1.1" 304 0
"GET /static/admin/css/dark_mode.css HTTP/1.1" 304 0
"GET /static/admin/css/base.css HTTP/1.1" 304 0
"GET /static/admin/css/nav_sidebar.css HTTP/1.1" 304 0
"GET /static/admin/css/nav_sidebar.css HTTP/1.1" 304 0
"GET /static/admin/css/dashboard.css HTTP/1.1" 304 0
"GET /static/admin/css/dashboard.css HTTP/1.1" 304 0
"GET /static/admin/css/responsive.css HTTP/1.1" 304 0
"GET /static/admin/css/responsive.css HTTP/1.1" 304 0
"GET /static/admin/js/theme.js HTTP/1.1" 304 0
"GET /static/admin/js/theme.js HTTP/1.1" 304 0
"GET /static/admin/js/nav_sidebar.js HTTP/1.1" 304 0
"GET /static/admin/js/nav_sidebar.js HTTP/1.1" 304 0
"GET /static/admin/img/icon-addlink.svg HTTP/1.1" 304 0
"GET /static/admin/img/icon-changelink.svg HTTP/1.1" 304 0
"GET /static/admin/img/icon-addlink.svg HTTP/1.1" 304 0
"GET /static/admin/img/icon-changelink.svg HTTP/1.1" 304 0
"GET /accounts/logout/ HTTP/1.1" 302 0
"GET /accounts/logout/ HTTP/1.1" 302 0
"GET / HTTP/1.1" 200 29607
"GET / HTTP/1.1" 200 29607
"GET /accounts/register/author/ HTTP/1.1" 200 37513
"GET /accounts/register/author/ HTTP/1.1" 200 37513
"GET /accounts/register/client/ HTTP/1.1" 200 34440
"GET /accounts/register/client/ HTTP/1.1" 200 34440
"GET /accounts/register/author/ HTTP/1.1" 200 37513
"GET /accounts/register/author/ HTTP/1.1" 200 37513
"GET / HTTP/1.1" 200 30284
"GET / HTTP/1.1" 200 30284
"GET /static/images/logo.png HTTP/1.1" 200 272043
"GET /static/images/logo.png HTTP/1.1" 200 272043
"GET /accounts/register/author/ HTTP/1.1" 200 38512
"GET /accounts/register/author/ HTTP/1.1" 200 38512
Not Found: /books/api/genres/
Not Found: /books/api/genres/
"GET /books/api/genres/ HTTP/1.1" 404 4838
"GET /books/api/genres/ HTTP/1.1" 404 4838
"GET /accounts/login/ HTTP/1.1" 200 18639
"GET /accounts/login/ HTTP/1.1" 200 18639
"POST /accounts/login/ HTTP/1.1" 302 0
"POST /accounts/login/ HTTP/1.1" 302 0
"GET /dashboard/admin/ HTTP/1.1" 200 48930
"GET /dashboard/admin/ HTTP/1.1" 200 48930
"GET /admin/ HTTP/1.1" 200 6741
"GET /admin/ HTTP/1.1" 200 6741
"GET /static/admin/css/base.css HTTP/1.1" 304 0
"GET /static/admin/css/base.css HTTP/1.1" 304 0
"GET /static/admin/css/dark_mode.css HTTP/1.1" 304 0
"GET /static/admin/css/nav_sidebar.css HTTP/1.1" 304 0
"GET /static/admin/css/dark_mode.css HTTP/1.1" 304 0
"GET /static/admin/css/nav_sidebar.css HTTP/1.1" 304 0
"GET /static/admin/css/dashboard.css HTTP/1.1" 304 0
"GET /static/admin/css/dashboard.css HTTP/1.1" 304 0
"GET /static/admin/css/responsive.css HTTP/1.1" 304 0
"GET /static/admin/css/responsive.css HTTP/1.1" 304 0
"GET /static/admin/js/nav_sidebar.js HTTP/1.1" 304 0
"GET /static/admin/js/theme.js HTTP/1.1" 304 0
"GET /static/admin/js/nav_sidebar.js HTTP/1.1" 304 0
"GET /static/admin/js/theme.js HTTP/1.1" 304 0
"GET /static/admin/img/icon-changelink.svg HTTP/1.1" 304 0
"GET /static/admin/img/icon-addlink.svg HTTP/1.1" 304 0
"GET /static/admin/img/icon-changelink.svg HTTP/1.1" 304 0
"GET /static/admin/img/icon-addlink.svg HTTP/1.1" 304 0
Internal Server Error: /admin/accounts/authorprofile/add/
Traceback (most recent call last):
  File "C:\abay_repository\venv\Lib\site-packages\django\core\handlers\exception.py", line 55, in inner
    response = get_response(request)
  File "C:\abay_repository\venv\Lib\site-packages\django\core\handlers\base.py", line 220, in _get_response
    response = response.render()
  File "C:\abay_repository\venv\Lib\site-packages\django\template\response.py", line 114, in render
    self.content = self.rendered_content
                   ^^^^^^^^^^^^^^^^^^^^^
  File "C:\abay_repository\venv\Lib\site-packages\django\template\response.py", line 92, in rendered_content
    return template.render(context, self._request)
           ~~~~~~~~~~~~~~~^^^^^^^^^^^^^^^^^^^^^^^^
  File "C:\abay_repository\venv\Lib\site-packages\django\template\backends\django.py", line 61, in render
    return self.template.render(context)
           ~~~~~~~~~~~~~~~~~~~~^^^^^^^^^
  File "C:\abay_repository\venv\Lib\site-packages\django\template\base.py", line 171, in render
    return self._render(context)
           ~~~~~~~~~~~~^^^^^^^^^
  File "C:\abay_repository\venv\Lib\site-packages\django\template\base.py", line 163, in _render
    return self.nodelist.render(context)
           ~~~~~~~~~~~~~~~~~~~~^^^^^^^^^
  File "C:\abay_repository\venv\Lib\site-packages\django\template\base.py", line 1000, in render
    return SafeString("".join([node.render_annotated(context) for node in self]))
                               ~~~~~~~~~~~~~~~~~~~~~^^^^^^^^^
  File "C:\abay_repository\venv\Lib\site-packages\django\template\base.py", line 961, in render_annotated
    return self.render(context)
           ~~~~~~~~~~~^^^^^^^^^
  File "C:\abay_repository\venv\Lib\site-packages\django\template\loader_tags.py", line 159, in render
    return compiled_parent._render(context)
           ~~~~~~~~~~~~~~~~~~~~~~~^^^^^^^^^
  File "C:\abay_repository\venv\Lib\site-packages\django\template\base.py", line 163, in _render
    return self.nodelist.render(context)
           ~~~~~~~~~~~~~~~~~~~~^^^^^^^^^
  File "C:\abay_repository\venv\Lib\site-packages\django\template\base.py", line 1000, in render
    return SafeString("".join([node.render_annotated(context) for node in self]))
                               ~~~~~~~~~~~~~~~~~~~~~^^^^^^^^^
  File "C:\abay_repository\venv\Lib\site-packages\django\template\base.py", line 961, in render_annotated
    return self.render(context)
           ~~~~~~~~~~~^^^^^^^^^
  File "C:\abay_repository\venv\Lib\site-packages\django\template\loader_tags.py", line 159, in render
    return compiled_parent._render(context)
           ~~~~~~~~~~~~~~~~~~~~~~~^^^^^^^^^
  File "C:\abay_repository\venv\Lib\site-packages\django\template\base.py", line 163, in _render
    return self.nodelist.render(context)
           ~~~~~~~~~~~~~~~~~~~~^^^^^^^^^
  File "C:\abay_repository\venv\Lib\site-packages\django\template\base.py", line 1000, in render
    return SafeString("".join([node.render_annotated(context) for node in self]))
                               ~~~~~~~~~~~~~~~~~~~~~^^^^^^^^^
  File "C:\abay_repository\venv\Lib\site-packages\django\template\base.py", line 961, in render_annotated
    return self.render(context)
           ~~~~~~~~~~~^^^^^^^^^
  File "C:\abay_repository\venv\Lib\site-packages\django\template\loader_tags.py", line 65, in render
    result = block.nodelist.render(context)
  File "C:\abay_repository\venv\Lib\site-packages\django\template\base.py", line 1000, in render
    return SafeString("".join([node.render_annotated(context) for node in self]))
                               ~~~~~~~~~~~~~~~~~~~~~^^^^^^^^^
  File "C:\abay_repository\venv\Lib\site-packages\django\template\base.py", line 961, in render_annotated
    return self.render(context)
           ~~~~~~~~~~~^^^^^^^^^
  File "C:\abay_repository\venv\Lib\site-packages\django\template\loader_tags.py", line 65, in render
    result = block.nodelist.render(context)
  File "C:\abay_repository\venv\Lib\site-packages\django\template\base.py", line 1000, in render
    return SafeString("".join([node.render_annotated(context) for node in self]))
                               ~~~~~~~~~~~~~~~~~~~~~^^^^^^^^^
  File "C:\abay_repository\venv\Lib\site-packages\django\template\base.py", line 961, in render_annotated
    return self.render(context)
           ~~~~~~~~~~~^^^^^^^^^
  File "C:\abay_repository\venv\Lib\site-packages\django\contrib\admin\templatetags\base.py", line 45, in render
    return super().render(context)
           ~~~~~~~~~~~~~~^^^^^^^^^
  File "C:\abay_repository\venv\Lib\site-packages\django\template\library.py", line 271, in render
    new_context = context.new(_dict)
  File "C:\abay_repository\venv\Lib\site-packages\django\template\context.py", line 273, in new
    new_context = super().new(values)
  File "C:\abay_repository\venv\Lib\site-packages\django\template\context.py", line 110, in new
    new_context = copy(self)
  File "C:\Python314\Lib\copy.py", line 82, in copy
    return copier(x)
  File "C:\abay_repository\venv\Lib\site-packages\django\template\context.py", line 158, in __copy__
    duplicate = super().__copy__()
  File "C:\abay_repository\venv\Lib\site-packages\django\template\context.py", line 39, in __copy__
    duplicate.dicts = self.dicts[:]
    ^^^^^^^^^^^^^^^
AttributeError: 'super' object has no attribute 'dicts' and no __dict__ for setting new attributes
Internal Server Error: /admin/accounts/authorprofile/add/
Traceback (most recent call last):
  File "C:\abay_repository\venv\Lib\site-packages\django\core\handlers\exception.py", line 55, in inner
    response = get_response(request)
  File "C:\abay_repository\venv\Lib\site-packages\django\core\handlers\base.py", line 220, in _get_response
    response = response.render()
  File "C:\abay_repository\venv\Lib\site-packages\django\template\response.py", line 114, in render
    self.content = self.rendered_content
                   ^^^^^^^^^^^^^^^^^^^^^
  File "C:\abay_repository\venv\Lib\site-packages\django\template\response.py", line 92, in rendered_content
    return template.render(context, self._request)
           ~~~~~~~~~~~~~~~^^^^^^^^^^^^^^^^^^^^^^^^
  File "C:\abay_repository\venv\Lib\site-packages\django\template\backends\django.py", line 61, in render
    return self.template.render(context)
           ~~~~~~~~~~~~~~~~~~~~^^^^^^^^^
  File "C:\abay_repository\venv\Lib\site-packages\django\template\base.py", line 171, in render
    return self._render(context)
           ~~~~~~~~~~~~^^^^^^^^^
  File "C:\abay_repository\venv\Lib\site-packages\django\template\base.py", line 163, in _render
    return self.nodelist.render(context)
           ~~~~~~~~~~~~~~~~~~~~^^^^^^^^^
  File "C:\abay_repository\venv\Lib\site-packages\django\template\base.py", line 1000, in render
    return SafeString("".join([node.render_annotated(context) for node in self]))
                               ~~~~~~~~~~~~~~~~~~~~~^^^^^^^^^
  File "C:\abay_repository\venv\Lib\site-packages\django\template\base.py", line 961, in render_annotated
    return self.render(context)
           ~~~~~~~~~~~^^^^^^^^^
  File "C:\abay_repository\venv\Lib\site-packages\django\template\loader_tags.py", line 159, in render
    return compiled_parent._render(context)
           ~~~~~~~~~~~~~~~~~~~~~~~^^^^^^^^^
  File "C:\abay_repository\venv\Lib\site-packages\django\template\base.py", line 163, in _render
    return self.nodelist.render(context)
           ~~~~~~~~~~~~~~~~~~~~^^^^^^^^^
  File "C:\abay_repository\venv\Lib\site-packages\django\template\base.py", line 1000, in render
    return SafeString("".join([node.render_annotated(context) for node in self]))
                               ~~~~~~~~~~~~~~~~~~~~~^^^^^^^^^
  File "C:\abay_repository\venv\Lib\site-packages\django\template\base.py", line 961, in render_annotated
    return self.render(context)
           ~~~~~~~~~~~^^^^^^^^^
  File "C:\abay_repository\venv\Lib\site-packages\django\template\loader_tags.py", line 159, in render
    return compiled_parent._render(context)
           ~~~~~~~~~~~~~~~~~~~~~~~^^^^^^^^^
  File "C:\abay_repository\venv\Lib\site-packages\django\template\base.py", line 163, in _render
    return self.nodelist.render(context)
           ~~~~~~~~~~~~~~~~~~~~^^^^^^^^^
  File "C:\abay_repository\venv\Lib\site-packages\django\template\base.py", line 1000, in render
    return SafeString("".join([node.render_annotated(context) for node in self]))
                               ~~~~~~~~~~~~~~~~~~~~~^^^^^^^^^
  File "C:\abay_repository\venv\Lib\site-packages\django\template\base.py", line 961, in render_annotated
    return self.render(context)
           ~~~~~~~~~~~^^^^^^^^^
  File "C:\abay_repository\venv\Lib\site-packages\django\template\loader_tags.py", line 65, in render
    result = block.nodelist.render(context)
  File "C:\abay_repository\venv\Lib\site-packages\django\template\base.py", line 1000, in render
    return SafeString("".join([node.render_annotated(context) for node in self]))
                               ~~~~~~~~~~~~~~~~~~~~~^^^^^^^^^
  File "C:\abay_repository\venv\Lib\site-packages\django\template\base.py", line 961, in render_annotated
    return self.render(context)
           ~~~~~~~~~~~^^^^^^^^^
  File "C:\abay_repository\venv\Lib\site-packages\django\template\loader_tags.py", line 65, in render
    result = block.nodelist.render(context)
  File "C:\abay_repository\venv\Lib\site-packages\django\template\base.py", line 1000, in render
    return SafeString("".join([node.render_annotated(context) for node in self]))
                               ~~~~~~~~~~~~~~~~~~~~~^^^^^^^^^
  File "C:\abay_repository\venv\Lib\site-packages\django\template\base.py", line 961, in render_annotated
    return self.render(context)
           ~~~~~~~~~~~^^^^^^^^^
  File "C:\abay_repository\venv\Lib\site-packages\django\contrib\admin\templatetags\base.py", line 45, in render
    return super().render(context)
           ~~~~~~~~~~~~~~^^^^^^^^^
  File "C:\abay_repository\venv\Lib\site-packages\django\template\library.py", line 271, in render
    new_context = context.new(_dict)
  File "C:\abay_repository\venv\Lib\site-packages\django\template\context.py", line 273, in new
    new_context = super().new(values)
  File "C:\abay_repository\venv\Lib\site-packages\django\template\context.py", line 110, in new
    new_context = copy(self)
  File "C:\Python314\Lib\copy.py", line 82, in copy
    return copier(x)
  File "C:\abay_repository\venv\Lib\site-packages\django\template\context.py", line 158, in __copy__
    duplicate = super().__copy__()
  File "C:\abay_repository\venv\Lib\site-packages\django\template\context.py", line 39, in __copy__
    duplicate.dicts = self.dicts[:]
    ^^^^^^^^^^^^^^^
AttributeError: 'super' object has no attribute 'dicts' and no __dict__ for setting new attributes
"GET /admin/accounts/authorprofile/add/ HTTP/1.1" 500 378269
"GET /admin/accounts/authorprofile/add/ HTTP/1.1" 500 378269
C:\abay_repository\accounts\admin.py changed, reloading.
C:\abay_repository\accounts\admin.py changed, reloading.
Watching for file changes with StatReloader
Watching for file changes with StatReloader
Internal Server Error: /admin/accounts/authorprofile/add/
Traceback (most recent call last):
  File "C:\abay_repository\venv\Lib\site-packages\django\core\handlers\exception.py", line 55, in inner
    response = get_response(request)
  File "C:\abay_repository\venv\Lib\site-packages\django\core\handlers\base.py", line 220, in _get_response
    response = response.render()
  File "C:\abay_repository\venv\Lib\site-packages\django\template\response.py", line 114, in render
    self.content = self.rendered_content
                   ^^^^^^^^^^^^^^^^^^^^^
  File "C:\abay_repository\venv\Lib\site-packages\django\template\response.py", line 92, in rendered_content
    return template.render(context, self._request)
           ~~~~~~~~~~~~~~~^^^^^^^^^^^^^^^^^^^^^^^^
  File "C:\abay_repository\venv\Lib\site-packages\django\template\backends\django.py", line 61, in render
    return self.template.render(context)
           ~~~~~~~~~~~~~~~~~~~~^^^^^^^^^
  File "C:\abay_repository\venv\Lib\site-packages\django\template\base.py", line 171, in render
    return self._render(context)
           ~~~~~~~~~~~~^^^^^^^^^
  File "C:\abay_repository\venv\Lib\site-packages\django\template\base.py", line 163, in _render
    return self.nodelist.render(context)
           ~~~~~~~~~~~~~~~~~~~~^^^^^^^^^
  File "C:\abay_repository\venv\Lib\site-packages\django\template\base.py", line 1000, in render
    return SafeString("".join([node.render_annotated(context) for node in self]))
                               ~~~~~~~~~~~~~~~~~~~~~^^^^^^^^^
  File "C:\abay_repository\venv\Lib\site-packages\django\template\base.py", line 961, in render_annotated
    return self.render(context)
           ~~~~~~~~~~~^^^^^^^^^
  File "C:\abay_repository\venv\Lib\site-packages\django\template\loader_tags.py", line 159, in render
    return compiled_parent._render(context)
           ~~~~~~~~~~~~~~~~~~~~~~~^^^^^^^^^
  File "C:\abay_repository\venv\Lib\site-packages\django\template\base.py", line 163, in _render
    return self.nodelist.render(context)
           ~~~~~~~~~~~~~~~~~~~~^^^^^^^^^
  File "C:\abay_repository\venv\Lib\site-packages\django\template\base.py", line 1000, in render
    return SafeString("".join([node.render_annotated(context) for node in self]))
                               ~~~~~~~~~~~~~~~~~~~~~^^^^^^^^^
  File "C:\abay_repository\venv\Lib\site-packages\django\template\base.py", line 961, in render_annotated
    return self.render(context)
           ~~~~~~~~~~~^^^^^^^^^
  File "C:\abay_repository\venv\Lib\site-packages\django\template\loader_tags.py", line 159, in render
    return compiled_parent._render(context)
           ~~~~~~~~~~~~~~~~~~~~~~~^^^^^^^^^
  File "C:\abay_repository\venv\Lib\site-packages\django\template\base.py", line 163, in _render
    return self.nodelist.render(context)
           ~~~~~~~~~~~~~~~~~~~~^^^^^^^^^
  File "C:\abay_repository\venv\Lib\site-packages\django\template\base.py", line 1000, in render
    return SafeString("".join([node.render_annotated(context) for node in self]))
                               ~~~~~~~~~~~~~~~~~~~~~^^^^^^^^^
  File "C:\abay_repository\venv\Lib\site-packages\django\template\base.py", line 961, in render_annotated
    return self.render(context)
           ~~~~~~~~~~~^^^^^^^^^
  File "C:\abay_repository\venv\Lib\site-packages\django\template\loader_tags.py", line 65, in render
    result = block.nodelist.render(context)
  File "C:\abay_repository\venv\Lib\site-packages\django\template\base.py", line 1000, in render
    return SafeString("".join([node.render_annotated(context) for node in self]))
                               ~~~~~~~~~~~~~~~~~~~~~^^^^^^^^^
  File "C:\abay_repository\venv\Lib\site-packages\django\template\base.py", line 961, in render_annotated
    return self.render(context)
           ~~~~~~~~~~~^^^^^^^^^
  File "C:\abay_repository\venv\Lib\site-packages\django\template\loader_tags.py", line 65, in render
    result = block.nodelist.render(context)
  File "C:\abay_repository\venv\Lib\site-packages\django\template\base.py", line 1000, in render
    return SafeString("".join([node.render_annotated(context) for node in self]))
                               ~~~~~~~~~~~~~~~~~~~~~^^^^^^^^^
  File "C:\abay_repository\venv\Lib\site-packages\django\template\base.py", line 961, in render_annotated
    return self.render(context)
           ~~~~~~~~~~~^^^^^^^^^
  File "C:\abay_repository\venv\Lib\site-packages\django\contrib\admin\templatetags\base.py", line 45, in render
    return super().render(context)
           ~~~~~~~~~~~~~~^^^^^^^^^
  File "C:\abay_repository\venv\Lib\site-packages\django\template\library.py", line 271, in render
    new_context = context.new(_dict)
  File "C:\abay_repository\venv\Lib\site-packages\django\template\context.py", line 273, in new
    new_context = super().new(values)
  File "C:\abay_repository\venv\Lib\site-packages\django\template\context.py", line 110, in new
    new_context = copy(self)
  File "C:\Python314\Lib\copy.py", line 82, in copy
    return copier(x)
  File "C:\abay_repository\venv\Lib\site-packages\django\template\context.py", line 158, in __copy__
    duplicate = super().__copy__()
  File "C:\abay_repository\venv\Lib\site-packages\django\template\context.py", line 39, in __copy__
    duplicate.dicts = self.dicts[:]
    ^^^^^^^^^^^^^^^
AttributeError: 'super' object has no attribute 'dicts' and no __dict__ for setting new attributes
Internal Server Error: /admin/accounts/authorprofile/add/
Traceback (most recent call last):
  File "C:\abay_repository\venv\Lib\site-packages\django\core\handlers\exception.py", line 55, in inner
    response = get_response(request)
  File "C:\abay_repository\venv\Lib\site-packages\django\core\handlers\base.py", line 220, in _get_response
    response = response.render()
  File "C:\abay_repository\venv\Lib\site-packages\django\template\response.py", line 114, in render
    self.content = self.rendered_content
                   ^^^^^^^^^^^^^^^^^^^^^
  File "C:\abay_repository\venv\Lib\site-packages\django\template\response.py", line 92, in rendered_content
    return template.render(context, self._request)
           ~~~~~~~~~~~~~~~^^^^^^^^^^^^^^^^^^^^^^^^
  File "C:\abay_repository\venv\Lib\site-packages\django\template\backends\django.py", line 61, in render
    return self.template.render(context)
           ~~~~~~~~~~~~~~~~~~~~^^^^^^^^^
  File "C:\abay_repository\venv\Lib\site-packages\django\template\base.py", line 171, in render
    return self._render(context)
           ~~~~~~~~~~~~^^^^^^^^^
  File "C:\abay_repository\venv\Lib\site-packages\django\template\base.py", line 163, in _render
    return self.nodelist.render(context)
           ~~~~~~~~~~~~~~~~~~~~^^^^^^^^^
  File "C:\abay_repository\venv\Lib\site-packages\django\template\base.py", line 1000, in render
    return SafeString("".join([node.render_annotated(context) for node in self]))
                               ~~~~~~~~~~~~~~~~~~~~~^^^^^^^^^
  File "C:\abay_repository\venv\Lib\site-packages\django\template\base.py", line 961, in render_annotated
    return self.render(context)
           ~~~~~~~~~~~^^^^^^^^^
  File "C:\abay_repository\venv\Lib\site-packages\django\template\loader_tags.py", line 159, in render
    return compiled_parent._render(context)
           ~~~~~~~~~~~~~~~~~~~~~~~^^^^^^^^^
  File "C:\abay_repository\venv\Lib\site-packages\django\template\base.py", line 163, in _render
    return self.nodelist.render(context)
           ~~~~~~~~~~~~~~~~~~~~^^^^^^^^^
  File "C:\abay_repository\venv\Lib\site-packages\django\template\base.py", line 1000, in render
    return SafeString("".join([node.render_annotated(context) for node in self]))
                               ~~~~~~~~~~~~~~~~~~~~~^^^^^^^^^
  File "C:\abay_repository\venv\Lib\site-packages\django\template\base.py", line 961, in render_annotated
    return self.render(context)
           ~~~~~~~~~~~^^^^^^^^^
  File "C:\abay_repository\venv\Lib\site-packages\django\template\loader_tags.py", line 159, in render
    return compiled_parent._render(context)
           ~~~~~~~~~~~~~~~~~~~~~~~^^^^^^^^^
  File "C:\abay_repository\venv\Lib\site-packages\django\template\base.py", line 163, in _render
    return self.nodelist.render(context)
           ~~~~~~~~~~~~~~~~~~~~^^^^^^^^^
  File "C:\abay_repository\venv\Lib\site-packages\django\template\base.py", line 1000, in render
    return SafeString("".join([node.render_annotated(context) for node in self]))
                               ~~~~~~~~~~~~~~~~~~~~~^^^^^^^^^
  File "C:\abay_repository\venv\Lib\site-packages\django\template\base.py", line 961, in render_annotated
    return self.render(context)
           ~~~~~~~~~~~^^^^^^^^^
  File "C:\abay_repository\venv\Lib\site-packages\django\template\loader_tags.py", line 65, in render
    result = block.nodelist.render(context)
  File "C:\abay_repository\venv\Lib\site-packages\django\template\base.py", line 1000, in render
    return SafeString("".join([node.render_annotated(context) for node in self]))
                               ~~~~~~~~~~~~~~~~~~~~~^^^^^^^^^
  File "C:\abay_repository\venv\Lib\site-packages\django\template\base.py", line 961, in render_annotated
    return self.render(context)
           ~~~~~~~~~~~^^^^^^^^^
  File "C:\abay_repository\venv\Lib\site-packages\django\template\loader_tags.py", line 65, in render
    result = block.nodelist.render(context)
  File "C:\abay_repository\venv\Lib\site-packages\django\template\base.py", line 1000, in render
    return SafeString("".join([node.render_annotated(context) for node in self]))
                               ~~~~~~~~~~~~~~~~~~~~~^^^^^^^^^
  File "C:\abay_repository\venv\Lib\site-packages\django\template\base.py", line 961, in render_annotated
    return self.render(context)
           ~~~~~~~~~~~^^^^^^^^^
  File "C:\abay_repository\venv\Lib\site-packages\django\contrib\admin\templatetags\base.py", line 45, in render
    return super().render(context)
           ~~~~~~~~~~~~~~^^^^^^^^^
  File "C:\abay_repository\venv\Lib\site-packages\django\template\library.py", line 271, in render
    new_context = context.new(_dict)
  File "C:\abay_repository\venv\Lib\site-packages\django\template\context.py", line 273, in new
    new_context = super().new(values)
  File "C:\abay_repository\venv\Lib\site-packages\django\template\context.py", line 110, in new
    new_context = copy(self)
  File "C:\Python314\Lib\copy.py", line 82, in copy
    return copier(x)
  File "C:\abay_repository\venv\Lib\site-packages\django\template\context.py", line 158, in __copy__
    duplicate = super().__copy__()
  File "C:\abay_repository\venv\Lib\site-packages\django\template\context.py", line 39, in __copy__
    duplicate.dicts = self.dicts[:]
    ^^^^^^^^^^^^^^^
AttributeError: 'super' object has no attribute 'dicts' and no __dict__ for setting new attributes
"GET /admin/accounts/authorprofile/add/ HTTP/1.1" 500 392515
"GET /admin/accounts/authorprofile/add/ HTTP/1.1" 500 392515
C:\abay_repository\accounts\admin.py changed, reloading.
C:\abay_repository\accounts\admin.py changed, reloading.
Watching for file changes with StatReloader
Watching for file changes with StatReloader
Internal Server Error: /admin/accounts/authorprofile/add/
Traceback (most recent call last):
  File "C:\abay_repository\venv\Lib\site-packages\django\core\handlers\exception.py", line 55, in inner
    response = get_response(request)
  File "C:\abay_repository\venv\Lib\site-packages\django\core\handlers\base.py", line 220, in _get_response
    response = response.render()
  File "C:\abay_repository\venv\Lib\site-packages\django\template\response.py", line 114, in render
    self.content = self.rendered_content
                   ^^^^^^^^^^^^^^^^^^^^^
  File "C:\abay_repository\venv\Lib\site-packages\django\template\response.py", line 92, in rendered_content
    return template.render(context, self._request)
           ~~~~~~~~~~~~~~~^^^^^^^^^^^^^^^^^^^^^^^^
  File "C:\abay_repository\venv\Lib\site-packages\django\template\backends\django.py", line 61, in render
    return self.template.render(context)
           ~~~~~~~~~~~~~~~~~~~~^^^^^^^^^
  File "C:\abay_repository\venv\Lib\site-packages\django\template\base.py", line 171, in render
    return self._render(context)
           ~~~~~~~~~~~~^^^^^^^^^
  File "C:\abay_repository\venv\Lib\site-packages\django\template\base.py", line 163, in _render
    return self.nodelist.render(context)
           ~~~~~~~~~~~~~~~~~~~~^^^^^^^^^
  File "C:\abay_repository\venv\Lib\site-packages\django\template\base.py", line 1000, in render
    return SafeString("".join([node.render_annotated(context) for node in self]))
                               ~~~~~~~~~~~~~~~~~~~~~^^^^^^^^^
  File "C:\abay_repository\venv\Lib\site-packages\django\template\base.py", line 961, in render_annotated
    return self.render(context)
           ~~~~~~~~~~~^^^^^^^^^
  File "C:\abay_repository\venv\Lib\site-packages\django\template\loader_tags.py", line 159, in render
    return compiled_parent._render(context)
           ~~~~~~~~~~~~~~~~~~~~~~~^^^^^^^^^
  File "C:\abay_repository\venv\Lib\site-packages\django\template\base.py", line 163, in _render
    return self.nodelist.render(context)
           ~~~~~~~~~~~~~~~~~~~~^^^^^^^^^
  File "C:\abay_repository\venv\Lib\site-packages\django\template\base.py", line 1000, in render
    return SafeString("".join([node.render_annotated(context) for node in self]))
                               ~~~~~~~~~~~~~~~~~~~~~^^^^^^^^^
  File "C:\abay_repository\venv\Lib\site-packages\django\template\base.py", line 961, in render_annotated
    return self.render(context)
           ~~~~~~~~~~~^^^^^^^^^
  File "C:\abay_repository\venv\Lib\site-packages\django\template\loader_tags.py", line 159, in render
    return compiled_parent._render(context)
           ~~~~~~~~~~~~~~~~~~~~~~~^^^^^^^^^
  File "C:\abay_repository\venv\Lib\site-packages\django\template\base.py", line 163, in _render
    return self.nodelist.render(context)
           ~~~~~~~~~~~~~~~~~~~~^^^^^^^^^
  File "C:\abay_repository\venv\Lib\site-packages\django\template\base.py", line 1000, in render
    return SafeString("".join([node.render_annotated(context) for node in self]))
                               ~~~~~~~~~~~~~~~~~~~~~^^^^^^^^^
  File "C:\abay_repository\venv\Lib\site-packages\django\template\base.py", line 961, in render_annotated
    return self.render(context)
           ~~~~~~~~~~~^^^^^^^^^
  File "C:\abay_repository\venv\Lib\site-packages\django\template\loader_tags.py", line 65, in render
    result = block.nodelist.render(context)
  File "C:\abay_repository\venv\Lib\site-packages\django\template\base.py", line 1000, in render
    return SafeString("".join([node.render_annotated(context) for node in self]))
                               ~~~~~~~~~~~~~~~~~~~~~^^^^^^^^^
  File "C:\abay_repository\venv\Lib\site-packages\django\template\base.py", line 961, in render_annotated
    return self.render(context)
           ~~~~~~~~~~~^^^^^^^^^
  File "C:\abay_repository\venv\Lib\site-packages\django\template\loader_tags.py", line 65, in render
    result = block.nodelist.render(context)
  File "C:\abay_repository\venv\Lib\site-packages\django\template\base.py", line 1000, in render
    return SafeString("".join([node.render_annotated(context) for node in self]))
                               ~~~~~~~~~~~~~~~~~~~~~^^^^^^^^^
  File "C:\abay_repository\venv\Lib\site-packages\django\template\base.py", line 961, in render_annotated
    return self.render(context)
           ~~~~~~~~~~~^^^^^^^^^
  File "C:\abay_repository\venv\Lib\site-packages\django\contrib\admin\templatetags\base.py", line 45, in render
    return super().render(context)
           ~~~~~~~~~~~~~~^^^^^^^^^
  File "C:\abay_repository\venv\Lib\site-packages\django\template\library.py", line 271, in render
    new_context = context.new(_dict)
  File "C:\abay_repository\venv\Lib\site-packages\django\template\context.py", line 273, in new
    new_context = super().new(values)
  File "C:\abay_repository\venv\Lib\site-packages\django\template\context.py", line 110, in new
    new_context = copy(self)
  File "C:\Python314\Lib\copy.py", line 82, in copy
    return copier(x)
  File "C:\abay_repository\venv\Lib\site-packages\django\template\context.py", line 158, in __copy__
    duplicate = super().__copy__()
  File "C:\abay_repository\venv\Lib\site-packages\django\template\context.py", line 39, in __copy__
    duplicate.dicts = self.dicts[:]
    ^^^^^^^^^^^^^^^
AttributeError: 'super' object has no attribute 'dicts' and no __dict__ for setting new attributes
Internal Server Error: /admin/accounts/authorprofile/add/
Traceback (most recent call last):
  File "C:\abay_repository\venv\Lib\site-packages\django\core\handlers\exception.py", line 55, in inner
    response = get_response(request)
  File "C:\abay_repository\venv\Lib\site-packages\django\core\handlers\base.py", line 220, in _get_response
    response = response.render()
  File "C:\abay_repository\venv\Lib\site-packages\django\template\response.py", line 114, in render
    self.content = self.rendered_content
                   ^^^^^^^^^^^^^^^^^^^^^
  File "C:\abay_repository\venv\Lib\site-packages\django\template\response.py", line 92, in rendered_content
    return template.render(context, self._request)
           ~~~~~~~~~~~~~~~^^^^^^^^^^^^^^^^^^^^^^^^
  File "C:\abay_repository\venv\Lib\site-packages\django\template\backends\django.py", line 61, in render
    return self.template.render(context)
           ~~~~~~~~~~~~~~~~~~~~^^^^^^^^^
  File "C:\abay_repository\venv\Lib\site-packages\django\template\base.py", line 171, in render
    return self._render(context)
           ~~~~~~~~~~~~^^^^^^^^^
  File "C:\abay_repository\venv\Lib\site-packages\django\template\base.py", line 163, in _render
    return self.nodelist.render(context)
           ~~~~~~~~~~~~~~~~~~~~^^^^^^^^^
  File "C:\abay_repository\venv\Lib\site-packages\django\template\base.py", line 1000, in render
    return SafeString("".join([node.render_annotated(context) for node in self]))
                               ~~~~~~~~~~~~~~~~~~~~~^^^^^^^^^
  File "C:\abay_repository\venv\Lib\site-packages\django\template\base.py", line 961, in render_annotated
    return self.render(context)
           ~~~~~~~~~~~^^^^^^^^^
  File "C:\abay_repository\venv\Lib\site-packages\django\template\loader_tags.py", line 159, in render
    return compiled_parent._render(context)
           ~~~~~~~~~~~~~~~~~~~~~~~^^^^^^^^^
  File "C:\abay_repository\venv\Lib\site-packages\django\template\base.py", line 163, in _render
    return self.nodelist.render(context)
           ~~~~~~~~~~~~~~~~~~~~^^^^^^^^^
  File "C:\abay_repository\venv\Lib\site-packages\django\template\base.py", line 1000, in render
    return SafeString("".join([node.render_annotated(context) for node in self]))
                               ~~~~~~~~~~~~~~~~~~~~~^^^^^^^^^
  File "C:\abay_repository\venv\Lib\site-packages\django\template\base.py", line 961, in render_annotated
    return self.render(context)
           ~~~~~~~~~~~^^^^^^^^^
  File "C:\abay_repository\venv\Lib\site-packages\django\template\loader_tags.py", line 159, in render
    return compiled_parent._render(context)
           ~~~~~~~~~~~~~~~~~~~~~~~^^^^^^^^^
  File "C:\abay_repository\venv\Lib\site-packages\django\template\base.py", line 163, in _render
    return self.nodelist.render(context)
           ~~~~~~~~~~~~~~~~~~~~^^^^^^^^^
  File "C:\abay_repository\venv\Lib\site-packages\django\template\base.py", line 1000, in render
    return SafeString("".join([node.render_annotated(context) for node in self]))
                               ~~~~~~~~~~~~~~~~~~~~~^^^^^^^^^
  File "C:\abay_repository\venv\Lib\site-packages\django\template\base.py", line 961, in render_annotated
    return self.render(context)
           ~~~~~~~~~~~^^^^^^^^^
  File "C:\abay_repository\venv\Lib\site-packages\django\template\loader_tags.py", line 65, in render
    result = block.nodelist.render(context)
  File "C:\abay_repository\venv\Lib\site-packages\django\template\base.py", line 1000, in render
    return SafeString("".join([node.render_annotated(context) for node in self]))
                               ~~~~~~~~~~~~~~~~~~~~~^^^^^^^^^
  File "C:\abay_repository\venv\Lib\site-packages\django\template\base.py", line 961, in render_annotated
    return self.render(context)
           ~~~~~~~~~~~^^^^^^^^^
  File "C:\abay_repository\venv\Lib\site-packages\django\template\loader_tags.py", line 65, in render
    result = block.nodelist.render(context)
  File "C:\abay_repository\venv\Lib\site-packages\django\template\base.py", line 1000, in render
    return SafeString("".join([node.render_annotated(context) for node in self]))
                               ~~~~~~~~~~~~~~~~~~~~~^^^^^^^^^
  File "C:\abay_repository\venv\Lib\site-packages\django\template\base.py", line 961, in render_annotated
    return self.render(context)
           ~~~~~~~~~~~^^^^^^^^^
  File "C:\abay_repository\venv\Lib\site-packages\django\contrib\admin\templatetags\base.py", line 45, in render
    return super().render(context)
           ~~~~~~~~~~~~~~^^^^^^^^^
  File "C:\abay_repository\venv\Lib\site-packages\django\template\library.py", line 271, in render
    new_context = context.new(_dict)
  File "C:\abay_repository\venv\Lib\site-packages\django\template\context.py", line 273, in new
    new_context = super().new(values)
  File "C:\abay_repository\venv\Lib\site-packages\django\template\context.py", line 110, in new
    new_context = copy(self)
  File "C:\Python314\Lib\copy.py", line 82, in copy
    return copier(x)
  File "C:\abay_repository\venv\Lib\site-packages\django\template\context.py", line 158, in __copy__
    duplicate = super().__copy__()
  File "C:\abay_repository\venv\Lib\site-packages\django\template\context.py", line 39, in __copy__
    duplicate.dicts = self.dicts[:]
    ^^^^^^^^^^^^^^^
AttributeError: 'super' object has no attribute 'dicts' and no __dict__ for setting new attributes
"GET /admin/accounts/authorprofile/add/ HTTP/1.1" 500 394175
"GET /admin/accounts/authorprofile/add/ HTTP/1.1" 500 394175
Watching for file changes with StatReloader
Watching for file changes with StatReloader
Internal Server Error: /admin/accounts/authorprofile/add/
Traceback (most recent call last):
  File "C:\abay_repository\venv\Lib\site-packages\django\core\handlers\exception.py", line 55, in inner
    response = get_response(request)
  File "C:\abay_repository\venv\Lib\site-packages\django\core\handlers\base.py", line 220, in _get_response
    response = response.render()
  File "C:\abay_repository\venv\Lib\site-packages\django\template\response.py", line 114, in render
    self.content = self.rendered_content
                   ^^^^^^^^^^^^^^^^^^^^^
  File "C:\abay_repository\venv\Lib\site-packages\django\template\response.py", line 92, in rendered_content
    return template.render(context, self._request)
           ~~~~~~~~~~~~~~~^^^^^^^^^^^^^^^^^^^^^^^^
  File "C:\abay_repository\venv\Lib\site-packages\django\template\backends\django.py", line 61, in render
    return self.template.render(context)
           ~~~~~~~~~~~~~~~~~~~~^^^^^^^^^
  File "C:\abay_repository\venv\Lib\site-packages\django\template\base.py", line 171, in render
    return self._render(context)
           ~~~~~~~~~~~~^^^^^^^^^
  File "C:\abay_repository\venv\Lib\site-packages\django\template\base.py", line 163, in _render
    return self.nodelist.render(context)
           ~~~~~~~~~~~~~~~~~~~~^^^^^^^^^
  File "C:\abay_repository\venv\Lib\site-packages\django\template\base.py", line 1000, in render
    return SafeString("".join([node.render_annotated(context) for node in self]))
                               ~~~~~~~~~~~~~~~~~~~~~^^^^^^^^^
  File "C:\abay_repository\venv\Lib\site-packages\django\template\base.py", line 961, in render_annotated
    return self.render(context)
           ~~~~~~~~~~~^^^^^^^^^
  File "C:\abay_repository\venv\Lib\site-packages\django\template\loader_tags.py", line 159, in render
    return compiled_parent._render(context)
           ~~~~~~~~~~~~~~~~~~~~~~~^^^^^^^^^
  File "C:\abay_repository\venv\Lib\site-packages\django\template\base.py", line 163, in _render
    return self.nodelist.render(context)
           ~~~~~~~~~~~~~~~~~~~~^^^^^^^^^
  File "C:\abay_repository\venv\Lib\site-packages\django\template\base.py", line 1000, in render
    return SafeString("".join([node.render_annotated(context) for node in self]))
                               ~~~~~~~~~~~~~~~~~~~~~^^^^^^^^^
  File "C:\abay_repository\venv\Lib\site-packages\django\template\base.py", line 961, in render_annotated
    return self.render(context)
           ~~~~~~~~~~~^^^^^^^^^
  File "C:\abay_repository\venv\Lib\site-packages\django\template\loader_tags.py", line 159, in render
    return compiled_parent._render(context)
           ~~~~~~~~~~~~~~~~~~~~~~~^^^^^^^^^
  File "C:\abay_repository\venv\Lib\site-packages\django\template\base.py", line 163, in _render
    return self.nodelist.render(context)
           ~~~~~~~~~~~~~~~~~~~~^^^^^^^^^
  File "C:\abay_repository\venv\Lib\site-packages\django\template\base.py", line 1000, in render
    return SafeString("".join([node.render_annotated(context) for node in self]))
                               ~~~~~~~~~~~~~~~~~~~~~^^^^^^^^^
  File "C:\abay_repository\venv\Lib\site-packages\django\template\base.py", line 961, in render_annotated
    return self.render(context)
           ~~~~~~~~~~~^^^^^^^^^
  File "C:\abay_repository\venv\Lib\site-packages\django\template\loader_tags.py", line 65, in render
    result = block.nodelist.render(context)
  File "C:\abay_repository\venv\Lib\site-packages\django\template\base.py", line 1000, in render
    return SafeString("".join([node.render_annotated(context) for node in self]))
                               ~~~~~~~~~~~~~~~~~~~~~^^^^^^^^^
  File "C:\abay_repository\venv\Lib\site-packages\django\template\base.py", line 961, in render_annotated
    return self.render(context)
           ~~~~~~~~~~~^^^^^^^^^
  File "C:\abay_repository\venv\Lib\site-packages\django\template\loader_tags.py", line 65, in render
    result = block.nodelist.render(context)
  File "C:\abay_repository\venv\Lib\site-packages\django\template\base.py", line 1000, in render
    return SafeString("".join([node.render_annotated(context) for node in self]))
                               ~~~~~~~~~~~~~~~~~~~~~^^^^^^^^^
  File "C:\abay_repository\venv\Lib\site-packages\django\template\base.py", line 961, in render_annotated
    return self.render(context)
           ~~~~~~~~~~~^^^^^^^^^
  File "C:\abay_repository\venv\Lib\site-packages\django\contrib\admin\templatetags\base.py", line 45, in render
    return super().render(context)
           ~~~~~~~~~~~~~~^^^^^^^^^
  File "C:\abay_repository\venv\Lib\site-packages\django\template\library.py", line 271, in render
    new_context = context.new(_dict)
  File "C:\abay_repository\venv\Lib\site-packages\django\template\context.py", line 273, in new
    new_context = super().new(values)
  File "C:\abay_repository\venv\Lib\site-packages\django\template\context.py", line 110, in new
    new_context = copy(self)
  File "C:\Python314\Lib\copy.py", line 82, in copy
    return copier(x)
  File "C:\abay_repository\venv\Lib\site-packages\django\template\context.py", line 158, in __copy__
    duplicate = super().__copy__()
  File "C:\abay_repository\venv\Lib\site-packages\django\template\context.py", line 39, in __copy__
    duplicate.dicts = self.dicts[:]
    ^^^^^^^^^^^^^^^
AttributeError: 'super' object has no attribute 'dicts' and no __dict__ for setting new attributes
Internal Server Error: /admin/accounts/authorprofile/add/
Traceback (most recent call last):
  File "C:\abay_repository\venv\Lib\site-packages\django\core\handlers\exception.py", line 55, in inner
    response = get_response(request)
  File "C:\abay_repository\venv\Lib\site-packages\django\core\handlers\base.py", line 220, in _get_response
    response = response.render()
  File "C:\abay_repository\venv\Lib\site-packages\django\template\response.py", line 114, in render
    self.content = self.rendered_content
                   ^^^^^^^^^^^^^^^^^^^^^
  File "C:\abay_repository\venv\Lib\site-packages\django\template\response.py", line 92, in rendered_content
    return template.render(context, self._request)
           ~~~~~~~~~~~~~~~^^^^^^^^^^^^^^^^^^^^^^^^
  File "C:\abay_repository\venv\Lib\site-packages\django\template\backends\django.py", line 61, in render
    return self.template.render(context)
           ~~~~~~~~~~~~~~~~~~~~^^^^^^^^^
  File "C:\abay_repository\venv\Lib\site-packages\django\template\base.py", line 171, in render
    return self._render(context)
           ~~~~~~~~~~~~^^^^^^^^^
  File "C:\abay_repository\venv\Lib\site-packages\django\template\base.py", line 163, in _render
    return self.nodelist.render(context)
           ~~~~~~~~~~~~~~~~~~~~^^^^^^^^^
  File "C:\abay_repository\venv\Lib\site-packages\django\template\base.py", line 1000, in render
    return SafeString("".join([node.render_annotated(context) for node in self]))
                               ~~~~~~~~~~~~~~~~~~~~~^^^^^^^^^
  File "C:\abay_repository\venv\Lib\site-packages\django\template\base.py", line 961, in render_annotated
    return self.render(context)
           ~~~~~~~~~~~^^^^^^^^^
  File "C:\abay_repository\venv\Lib\site-packages\django\template\loader_tags.py", line 159, in render
    return compiled_parent._render(context)
           ~~~~~~~~~~~~~~~~~~~~~~~^^^^^^^^^
  File "C:\abay_repository\venv\Lib\site-packages\django\template\base.py", line 163, in _render
    return self.nodelist.render(context)
           ~~~~~~~~~~~~~~~~~~~~^^^^^^^^^
  File "C:\abay_repository\venv\Lib\site-packages\django\template\base.py", line 1000, in render
    return SafeString("".join([node.render_annotated(context) for node in self]))
                               ~~~~~~~~~~~~~~~~~~~~~^^^^^^^^^
  File "C:\abay_repository\venv\Lib\site-packages\django\template\base.py", line 961, in render_annotated
    return self.render(context)
           ~~~~~~~~~~~^^^^^^^^^
  File "C:\abay_repository\venv\Lib\site-packages\django\template\loader_tags.py", line 159, in render
    return compiled_parent._render(context)
           ~~~~~~~~~~~~~~~~~~~~~~~^^^^^^^^^
  File "C:\abay_repository\venv\Lib\site-packages\django\template\base.py", line 163, in _render
    return self.nodelist.render(context)
           ~~~~~~~~~~~~~~~~~~~~^^^^^^^^^
  File "C:\abay_repository\venv\Lib\site-packages\django\template\base.py", line 1000, in render
    return SafeString("".join([node.render_annotated(context) for node in self]))
                               ~~~~~~~~~~~~~~~~~~~~~^^^^^^^^^
  File "C:\abay_repository\venv\Lib\site-packages\django\template\base.py", line 961, in render_annotated
    return self.render(context)
           ~~~~~~~~~~~^^^^^^^^^
  File "C:\abay_repository\venv\Lib\site-packages\django\template\loader_tags.py", line 65, in render
    result = block.nodelist.render(context)
  File "C:\abay_repository\venv\Lib\site-packages\django\template\base.py", line 1000, in render
    return SafeString("".join([node.render_annotated(context) for node in self]))
                               ~~~~~~~~~~~~~~~~~~~~~^^^^^^^^^
  File "C:\abay_repository\venv\Lib\site-packages\django\template\base.py", line 961, in render_annotated
    return self.render(context)
           ~~~~~~~~~~~^^^^^^^^^
  File "C:\abay_repository\venv\Lib\site-packages\django\template\loader_tags.py", line 65, in render
    result = block.nodelist.render(context)
  File "C:\abay_repository\venv\Lib\site-packages\django\template\base.py", line 1000, in render
    return SafeString("".join([node.render_annotated(context) for node in self]))
                               ~~~~~~~~~~~~~~~~~~~~~^^^^^^^^^
  File "C:\abay_repository\venv\Lib\site-packages\django\template\base.py", line 961, in render_annotated
    return self.render(context)
           ~~~~~~~~~~~^^^^^^^^^
  File "C:\abay_repository\venv\Lib\site-packages\django\contrib\admin\templatetags\base.py", line 45, in render
    return super().render(context)
           ~~~~~~~~~~~~~~^^^^^^^^^
  File "C:\abay_repository\venv\Lib\site-packages\django\template\library.py", line 271, in render
    new_context = context.new(_dict)
  File "C:\abay_repository\venv\Lib\site-packages\django\template\context.py", line 273, in new
    new_context = super().new(values)
  File "C:\abay_repository\venv\Lib\site-packages\django\template\context.py", line 110, in new
    new_context = copy(self)
  File "C:\Python314\Lib\copy.py", line 82, in copy
    return copier(x)
  File "C:\abay_repository\venv\Lib\site-packages\django\template\context.py", line 158, in __copy__
    duplicate = super().__copy__()
  File "C:\abay_repository\venv\Lib\site-packages\django\template\context.py", line 39, in __copy__
    duplicate.dicts = self.dicts[:]
    ^^^^^^^^^^^^^^^
AttributeError: 'super' object has no attribute 'dicts' and no __dict__ for setting new attributes
"GET /admin/accounts/authorprofile/add/ HTTP/1.1" 500 394175
"GET /admin/accounts/authorprofile/add/ HTTP/1.1" 500 394175
Internal Server Error: /admin/accounts/authorprofile/add/
Traceback (most recent call last):
  File "C:\abay_repository\venv\Lib\site-packages\django\core\handlers\exception.py", line 55, in inner
    response = get_response(request)
  File "C:\abay_repository\venv\Lib\site-packages\django\core\handlers\base.py", line 220, in _get_response
    response = response.render()
  File "C:\abay_repository\venv\Lib\site-packages\django\template\response.py", line 114, in render
    self.content = self.rendered_content
                   ^^^^^^^^^^^^^^^^^^^^^
  File "C:\abay_repository\venv\Lib\site-packages\django\template\response.py", line 92, in rendered_content
    return template.render(context, self._request)
           ~~~~~~~~~~~~~~~^^^^^^^^^^^^^^^^^^^^^^^^
  File "C:\abay_repository\venv\Lib\site-packages\django\template\backends\django.py", line 61, in render
    return self.template.render(context)
           ~~~~~~~~~~~~~~~~~~~~^^^^^^^^^
  File "C:\abay_repository\venv\Lib\site-packages\django\template\base.py", line 171, in render
    return self._render(context)
           ~~~~~~~~~~~~^^^^^^^^^
  File "C:\abay_repository\venv\Lib\site-packages\django\template\base.py", line 163, in _render
    return self.nodelist.render(context)
           ~~~~~~~~~~~~~~~~~~~~^^^^^^^^^
  File "C:\abay_repository\venv\Lib\site-packages\django\template\base.py", line 1000, in render
    return SafeString("".join([node.render_annotated(context) for node in self]))
                               ~~~~~~~~~~~~~~~~~~~~~^^^^^^^^^
  File "C:\abay_repository\venv\Lib\site-packages\django\template\base.py", line 961, in render_annotated
    return self.render(context)
           ~~~~~~~~~~~^^^^^^^^^
  File "C:\abay_repository\venv\Lib\site-packages\django\template\loader_tags.py", line 159, in render
    return compiled_parent._render(context)
           ~~~~~~~~~~~~~~~~~~~~~~~^^^^^^^^^
  File "C:\abay_repository\venv\Lib\site-packages\django\template\base.py", line 163, in _render
    return self.nodelist.render(context)
           ~~~~~~~~~~~~~~~~~~~~^^^^^^^^^
  File "C:\abay_repository\venv\Lib\site-packages\django\template\base.py", line 1000, in render
    return SafeString("".join([node.render_annotated(context) for node in self]))
                               ~~~~~~~~~~~~~~~~~~~~~^^^^^^^^^
  File "C:\abay_repository\venv\Lib\site-packages\django\template\base.py", line 961, in render_annotated
    return self.render(context)
           ~~~~~~~~~~~^^^^^^^^^
  File "C:\abay_repository\venv\Lib\site-packages\django\template\loader_tags.py", line 159, in render
    return compiled_parent._render(context)
           ~~~~~~~~~~~~~~~~~~~~~~~^^^^^^^^^
  File "C:\abay_repository\venv\Lib\site-packages\django\template\base.py", line 163, in _render
    return self.nodelist.render(context)
           ~~~~~~~~~~~~~~~~~~~~^^^^^^^^^
  File "C:\abay_repository\venv\Lib\site-packages\django\template\base.py", line 1000, in render
    return SafeString("".join([node.render_annotated(context) for node in self]))
                               ~~~~~~~~~~~~~~~~~~~~~^^^^^^^^^
  File "C:\abay_repository\venv\Lib\site-packages\django\template\base.py", line 961, in render_annotated
    return self.render(context)
           ~~~~~~~~~~~^^^^^^^^^
  File "C:\abay_repository\venv\Lib\site-packages\django\template\loader_tags.py", line 65, in render
    result = block.nodelist.render(context)
  File "C:\abay_repository\venv\Lib\site-packages\django\template\base.py", line 1000, in render
    return SafeString("".join([node.render_annotated(context) for node in self]))
                               ~~~~~~~~~~~~~~~~~~~~~^^^^^^^^^
  File "C:\abay_repository\venv\Lib\site-packages\django\template\base.py", line 961, in render_annotated
    return self.render(context)
           ~~~~~~~~~~~^^^^^^^^^
  File "C:\abay_repository\venv\Lib\site-packages\django\template\loader_tags.py", line 65, in render
    result = block.nodelist.render(context)
  File "C:\abay_repository\venv\Lib\site-packages\django\template\base.py", line 1000, in render
    return SafeString("".join([node.render_annotated(context) for node in self]))
                               ~~~~~~~~~~~~~~~~~~~~~^^^^^^^^^
  File "C:\abay_repository\venv\Lib\site-packages\django\template\base.py", line 961, in render_annotated
    return self.render(context)
           ~~~~~~~~~~~^^^^^^^^^
  File "C:\abay_repository\venv\Lib\site-packages\django\contrib\admin\templatetags\base.py", line 45, in render
    return super().render(context)
           ~~~~~~~~~~~~~~^^^^^^^^^
  File "C:\abay_repository\venv\Lib\site-packages\django\template\library.py", line 271, in render
    new_context = context.new(_dict)
  File "C:\abay_repository\venv\Lib\site-packages\django\template\context.py", line 273, in new
    new_context = super().new(values)
  File "C:\abay_repository\venv\Lib\site-packages\django\template\context.py", line 110, in new
    new_context = copy(self)
  File "C:\Python314\Lib\copy.py", line 82, in copy
    return copier(x)
  File "C:\abay_repository\venv\Lib\site-packages\django\template\context.py", line 158, in __copy__
    duplicate = super().__copy__()
  File "C:\abay_repository\venv\Lib\site-packages\django\template\context.py", line 39, in __copy__
    duplicate.dicts = self.dicts[:]
    ^^^^^^^^^^^^^^^
AttributeError: 'super' object has no attribute 'dicts' and no __dict__ for setting new attributes
Internal Server Error: /admin/accounts/authorprofile/add/
Traceback (most recent call last):
  File "C:\abay_repository\venv\Lib\site-packages\django\core\handlers\exception.py", line 55, in inner
    response = get_response(request)
  File "C:\abay_repository\venv\Lib\site-packages\django\core\handlers\base.py", line 220, in _get_response
    response = response.render()
  File "C:\abay_repository\venv\Lib\site-packages\django\template\response.py", line 114, in render
    self.content = self.rendered_content
                   ^^^^^^^^^^^^^^^^^^^^^
  File "C:\abay_repository\venv\Lib\site-packages\django\template\response.py", line 92, in rendered_content
    return template.render(context, self._request)
           ~~~~~~~~~~~~~~~^^^^^^^^^^^^^^^^^^^^^^^^
  File "C:\abay_repository\venv\Lib\site-packages\django\template\backends\django.py", line 61, in render
    return self.template.render(context)
           ~~~~~~~~~~~~~~~~~~~~^^^^^^^^^
  File "C:\abay_repository\venv\Lib\site-packages\django\template\base.py", line 171, in render
    return self._render(context)
           ~~~~~~~~~~~~^^^^^^^^^
  File "C:\abay_repository\venv\Lib\site-packages\django\template\base.py", line 163, in _render
    return self.nodelist.render(context)
           ~~~~~~~~~~~~~~~~~~~~^^^^^^^^^
  File "C:\abay_repository\venv\Lib\site-packages\django\template\base.py", line 1000, in render
    return SafeString("".join([node.render_annotated(context) for node in self]))
                               ~~~~~~~~~~~~~~~~~~~~~^^^^^^^^^
  File "C:\abay_repository\venv\Lib\site-packages\django\template\base.py", line 961, in render_annotated
    return self.render(context)
           ~~~~~~~~~~~^^^^^^^^^
  File "C:\abay_repository\venv\Lib\site-packages\django\template\loader_tags.py", line 159, in render
    return compiled_parent._render(context)
           ~~~~~~~~~~~~~~~~~~~~~~~^^^^^^^^^
  File "C:\abay_repository\venv\Lib\site-packages\django\template\base.py", line 163, in _render
    return self.nodelist.render(context)
           ~~~~~~~~~~~~~~~~~~~~^^^^^^^^^
  File "C:\abay_repository\venv\Lib\site-packages\django\template\base.py", line 1000, in render
    return SafeString("".join([node.render_annotated(context) for node in self]))
                               ~~~~~~~~~~~~~~~~~~~~~^^^^^^^^^
  File "C:\abay_repository\venv\Lib\site-packages\django\template\base.py", line 961, in render_annotated
    return self.render(context)
           ~~~~~~~~~~~^^^^^^^^^
  File "C:\abay_repository\venv\Lib\site-packages\django\template\loader_tags.py", line 159, in render
    return compiled_parent._render(context)
           ~~~~~~~~~~~~~~~~~~~~~~~^^^^^^^^^
  File "C:\abay_repository\venv\Lib\site-packages\django\template\base.py", line 163, in _render
    return self.nodelist.render(context)
           ~~~~~~~~~~~~~~~~~~~~^^^^^^^^^
  File "C:\abay_repository\venv\Lib\site-packages\django\template\base.py", line 1000, in render
    return SafeString("".join([node.render_annotated(context) for node in self]))
                               ~~~~~~~~~~~~~~~~~~~~~^^^^^^^^^
  File "C:\abay_repository\venv\Lib\site-packages\django\template\base.py", line 961, in render_annotated
    return self.render(context)
           ~~~~~~~~~~~^^^^^^^^^
  File "C:\abay_repository\venv\Lib\site-packages\django\template\loader_tags.py", line 65, in render
    result = block.nodelist.render(context)
  File "C:\abay_repository\venv\Lib\site-packages\django\template\base.py", line 1000, in render
    return SafeString("".join([node.render_annotated(context) for node in self]))
                               ~~~~~~~~~~~~~~~~~~~~~^^^^^^^^^
  File "C:\abay_repository\venv\Lib\site-packages\django\template\base.py", line 961, in render_annotated
    return self.render(context)
           ~~~~~~~~~~~^^^^^^^^^
  File "C:\abay_repository\venv\Lib\site-packages\django\template\loader_tags.py", line 65, in render
    result = block.nodelist.render(context)
  File "C:\abay_repository\venv\Lib\site-packages\django\template\base.py", line 1000, in render
    return SafeString("".join([node.render_annotated(context) for node in self]))
                               ~~~~~~~~~~~~~~~~~~~~~^^^^^^^^^
  File "C:\abay_repository\venv\Lib\site-packages\django\template\base.py", line 961, in render_annotated
    return self.render(context)
           ~~~~~~~~~~~^^^^^^^^^
  File "C:\abay_repository\venv\Lib\site-packages\django\contrib\admin\templatetags\base.py", line 45, in render
    return super().render(context)
           ~~~~~~~~~~~~~~^^^^^^^^^
  File "C:\abay_repository\venv\Lib\site-packages\django\template\library.py", line 271, in render
    new_context = context.new(_dict)
  File "C:\abay_repository\venv\Lib\site-packages\django\template\context.py", line 273, in new
    new_context = super().new(values)
  File "C:\abay_repository\venv\Lib\site-packages\django\template\context.py", line 110, in new
    new_context = copy(self)
  File "C:\Python314\Lib\copy.py", line 82, in copy
    return copier(x)
  File "C:\abay_repository\venv\Lib\site-packages\django\template\context.py", line 158, in __copy__
    duplicate = super().__copy__()
  File "C:\abay_repository\venv\Lib\site-packages\django\template\context.py", line 39, in __copy__
    duplicate.dicts = self.dicts[:]
    ^^^^^^^^^^^^^^^
AttributeError: 'super' object has no attribute 'dicts' and no __dict__ for setting new attributes
"GET /admin/accounts/authorprofile/add/ HTTP/1.1" 500 394175
"GET /admin/accounts/authorprofile/add/ HTTP/1.1" 500 394175
"GET / HTTP/1.1" 200 30407
"GET / HTTP/1.1" 200 30407
"GET /dashboard/redirect/ HTTP/1.1" 302 0
"GET /dashboard/redirect/ HTTP/1.1" 302 0
"GET /dashboard/admin/ HTTP/1.1" 200 48614
"GET /dashboard/admin/ HTTP/1.1" 200 48614
"GET /admin/ HTTP/1.1" 200 6741
"GET /admin/ HTTP/1.1" 200 6741
Internal Server Error: /admin/accounts/authorprofile/
Traceback (most recent call last):
  File "C:\abay_repository\venv\Lib\site-packages\django\core\handlers\exception.py", line 55, in inner
    response = get_response(request)
  File "C:\abay_repository\venv\Lib\site-packages\django\core\handlers\base.py", line 220, in _get_response
    response = response.render()
  File "C:\abay_repository\venv\Lib\site-packages\django\template\response.py", line 114, in render
    self.content = self.rendered_content
                   ^^^^^^^^^^^^^^^^^^^^^
  File "C:\abay_repository\venv\Lib\site-packages\django\template\response.py", line 92, in rendered_content
    return template.render(context, self._request)
           ~~~~~~~~~~~~~~~^^^^^^^^^^^^^^^^^^^^^^^^
  File "C:\abay_repository\venv\Lib\site-packages\django\template\backends\django.py", line 61, in render
    return self.template.render(context)
           ~~~~~~~~~~~~~~~~~~~~^^^^^^^^^
  File "C:\abay_repository\venv\Lib\site-packages\django\template\base.py", line 171, in render
    return self._render(context)
           ~~~~~~~~~~~~^^^^^^^^^
  File "C:\abay_repository\venv\Lib\site-packages\django\template\base.py", line 163, in _render
    return self.nodelist.render(context)
           ~~~~~~~~~~~~~~~~~~~~^^^^^^^^^
  File "C:\abay_repository\venv\Lib\site-packages\django\template\base.py", line 1000, in render
    return SafeString("".join([node.render_annotated(context) for node in self]))
                               ~~~~~~~~~~~~~~~~~~~~~^^^^^^^^^
  File "C:\abay_repository\venv\Lib\site-packages\django\template\base.py", line 961, in render_annotated
    return self.render(context)
           ~~~~~~~~~~~^^^^^^^^^
  File "C:\abay_repository\venv\Lib\site-packages\django\template\loader_tags.py", line 159, in render
    return compiled_parent._render(context)
           ~~~~~~~~~~~~~~~~~~~~~~~^^^^^^^^^
  File "C:\abay_repository\venv\Lib\site-packages\django\template\base.py", line 163, in _render
    return self.nodelist.render(context)
           ~~~~~~~~~~~~~~~~~~~~^^^^^^^^^
  File "C:\abay_repository\venv\Lib\site-packages\django\template\base.py", line 1000, in render
    return SafeString("".join([node.render_annotated(context) for node in self]))
                               ~~~~~~~~~~~~~~~~~~~~~^^^^^^^^^
  File "C:\abay_repository\venv\Lib\site-packages\django\template\base.py", line 961, in render_annotated
    return self.render(context)
           ~~~~~~~~~~~^^^^^^^^^
  File "C:\abay_repository\venv\Lib\site-packages\django\template\loader_tags.py", line 159, in render
    return compiled_parent._render(context)
           ~~~~~~~~~~~~~~~~~~~~~~~^^^^^^^^^
  File "C:\abay_repository\venv\Lib\site-packages\django\template\base.py", line 163, in _render
    return self.nodelist.render(context)
           ~~~~~~~~~~~~~~~~~~~~^^^^^^^^^
  File "C:\abay_repository\venv\Lib\site-packages\django\template\base.py", line 1000, in render
    return SafeString("".join([node.render_annotated(context) for node in self]))
                               ~~~~~~~~~~~~~~~~~~~~~^^^^^^^^^
  File "C:\abay_repository\venv\Lib\site-packages\django\template\base.py", line 961, in render_annotated
    return self.render(context)
           ~~~~~~~~~~~^^^^^^^^^
  File "C:\abay_repository\venv\Lib\site-packages\django\template\loader_tags.py", line 65, in render
    result = block.nodelist.render(context)
  File "C:\abay_repository\venv\Lib\site-packages\django\template\base.py", line 1000, in render
    return SafeString("".join([node.render_annotated(context) for node in self]))
                               ~~~~~~~~~~~~~~~~~~~~~^^^^^^^^^
  File "C:\abay_repository\venv\Lib\site-packages\django\template\base.py", line 961, in render_annotated
    return self.render(context)
           ~~~~~~~~~~~^^^^^^^^^
  File "C:\abay_repository\venv\Lib\site-packages\django\template\loader_tags.py", line 65, in render
    result = block.nodelist.render(context)
  File "C:\abay_repository\venv\Lib\site-packages\django\template\base.py", line 1000, in render
    return SafeString("".join([node.render_annotated(context) for node in self]))
                               ~~~~~~~~~~~~~~~~~~~~~^^^^^^^^^
  File "C:\abay_repository\venv\Lib\site-packages\django\template\base.py", line 961, in render_annotated
    return self.render(context)
           ~~~~~~~~~~~^^^^^^^^^
  File "C:\abay_repository\venv\Lib\site-packages\django\template\loader_tags.py", line 65, in render
    result = block.nodelist.render(context)
  File "C:\abay_repository\venv\Lib\site-packages\django\template\base.py", line 1000, in render
    return SafeString("".join([node.render_annotated(context) for node in self]))
                               ~~~~~~~~~~~~~~~~~~~~~^^^^^^^^^
  File "C:\abay_repository\venv\Lib\site-packages\django\template\base.py", line 961, in render_annotated
    return self.render(context)
           ~~~~~~~~~~~^^^^^^^^^
  File "C:\abay_repository\venv\Lib\site-packages\django\contrib\admin\templatetags\base.py", line 45, in render
    return super().render(context)
           ~~~~~~~~~~~~~~^^^^^^^^^
  File "C:\abay_repository\venv\Lib\site-packages\django\template\library.py", line 271, in render
    new_context = context.new(_dict)
  File "C:\abay_repository\venv\Lib\site-packages\django\template\context.py", line 273, in new
    new_context = super().new(values)
  File "C:\abay_repository\venv\Lib\site-packages\django\template\context.py", line 110, in new
    new_context = copy(self)
  File "C:\Python314\Lib\copy.py", line 82, in copy
    return copier(x)
  File "C:\abay_repository\venv\Lib\site-packages\django\template\context.py", line 158, in __copy__
    duplicate = super().__copy__()
  File "C:\abay_repository\venv\Lib\site-packages\django\template\context.py", line 39, in __copy__
    duplicate.dicts = self.dicts[:]
    ^^^^^^^^^^^^^^^
AttributeError: 'super' object has no attribute 'dicts' and no __dict__ for setting new attributes
Internal Server Error: /admin/accounts/authorprofile/
Traceback (most recent call last):
  File "C:\abay_repository\venv\Lib\site-packages\django\core\handlers\exception.py", line 55, in inner
    response = get_response(request)
  File "C:\abay_repository\venv\Lib\site-packages\django\core\handlers\base.py", line 220, in _get_response
    response = response.render()
  File "C:\abay_repository\venv\Lib\site-packages\django\template\response.py", line 114, in render
    self.content = self.rendered_content
                   ^^^^^^^^^^^^^^^^^^^^^
  File "C:\abay_repository\venv\Lib\site-packages\django\template\response.py", line 92, in rendered_content
    return template.render(context, self._request)
           ~~~~~~~~~~~~~~~^^^^^^^^^^^^^^^^^^^^^^^^
  File "C:\abay_repository\venv\Lib\site-packages\django\template\backends\django.py", line 61, in render
    return self.template.render(context)
           ~~~~~~~~~~~~~~~~~~~~^^^^^^^^^
  File "C:\abay_repository\venv\Lib\site-packages\django\template\base.py", line 171, in render
    return self._render(context)
           ~~~~~~~~~~~~^^^^^^^^^
  File "C:\abay_repository\venv\Lib\site-packages\django\template\base.py", line 163, in _render
    return self.nodelist.render(context)
           ~~~~~~~~~~~~~~~~~~~~^^^^^^^^^
  File "C:\abay_repository\venv\Lib\site-packages\django\template\base.py", line 1000, in render
    return SafeString("".join([node.render_annotated(context) for node in self]))
                               ~~~~~~~~~~~~~~~~~~~~~^^^^^^^^^
  File "C:\abay_repository\venv\Lib\site-packages\django\template\base.py", line 961, in render_annotated
    return self.render(context)
           ~~~~~~~~~~~^^^^^^^^^
  File "C:\abay_repository\venv\Lib\site-packages\django\template\loader_tags.py", line 159, in render
    return compiled_parent._render(context)
           ~~~~~~~~~~~~~~~~~~~~~~~^^^^^^^^^
  File "C:\abay_repository\venv\Lib\site-packages\django\template\base.py", line 163, in _render
    return self.nodelist.render(context)
           ~~~~~~~~~~~~~~~~~~~~^^^^^^^^^
  File "C:\abay_repository\venv\Lib\site-packages\django\template\base.py", line 1000, in render
    return SafeString("".join([node.render_annotated(context) for node in self]))
                               ~~~~~~~~~~~~~~~~~~~~~^^^^^^^^^
  File "C:\abay_repository\venv\Lib\site-packages\django\template\base.py", line 961, in render_annotated
    return self.render(context)
           ~~~~~~~~~~~^^^^^^^^^
  File "C:\abay_repository\venv\Lib\site-packages\django\template\loader_tags.py", line 159, in render
    return compiled_parent._render(context)
           ~~~~~~~~~~~~~~~~~~~~~~~^^^^^^^^^
  File "C:\abay_repository\venv\Lib\site-packages\django\template\base.py", line 163, in _render
    return self.nodelist.render(context)
           ~~~~~~~~~~~~~~~~~~~~^^^^^^^^^
  File "C:\abay_repository\venv\Lib\site-packages\django\template\base.py", line 1000, in render
    return SafeString("".join([node.render_annotated(context) for node in self]))
                               ~~~~~~~~~~~~~~~~~~~~~^^^^^^^^^
  File "C:\abay_repository\venv\Lib\site-packages\django\template\base.py", line 961, in render_annotated
    return self.render(context)
           ~~~~~~~~~~~^^^^^^^^^
  File "C:\abay_repository\venv\Lib\site-packages\django\template\loader_tags.py", line 65, in render
    result = block.nodelist.render(context)
  File "C:\abay_repository\venv\Lib\site-packages\django\template\base.py", line 1000, in render
    return SafeString("".join([node.render_annotated(context) for node in self]))
                               ~~~~~~~~~~~~~~~~~~~~~^^^^^^^^^
  File "C:\abay_repository\venv\Lib\site-packages\django\template\base.py", line 961, in render_annotated
    return self.render(context)
           ~~~~~~~~~~~^^^^^^^^^
  File "C:\abay_repository\venv\Lib\site-packages\django\template\loader_tags.py", line 65, in render
    result = block.nodelist.render(context)
  File "C:\abay_repository\venv\Lib\site-packages\django\template\base.py", line 1000, in render
    return SafeString("".join([node.render_annotated(context) for node in self]))
                               ~~~~~~~~~~~~~~~~~~~~~^^^^^^^^^
  File "C:\abay_repository\venv\Lib\site-packages\django\template\base.py", line 961, in render_annotated
    return self.render(context)
           ~~~~~~~~~~~^^^^^^^^^
  File "C:\abay_repository\venv\Lib\site-packages\django\template\loader_tags.py", line 65, in render
    result = block.nodelist.render(context)
  File "C:\abay_repository\venv\Lib\site-packages\django\template\base.py", line 1000, in render
    return SafeString("".join([node.render_annotated(context) for node in self]))
                               ~~~~~~~~~~~~~~~~~~~~~^^^^^^^^^
  File "C:\abay_repository\venv\Lib\site-packages\django\template\base.py", line 961, in render_annotated
    return self.render(context)
           ~~~~~~~~~~~^^^^^^^^^
  File "C:\abay_repository\venv\Lib\site-packages\django\contrib\admin\templatetags\base.py", line 45, in render
    return super().render(context)
           ~~~~~~~~~~~~~~^^^^^^^^^
  File "C:\abay_repository\venv\Lib\site-packages\django\template\library.py", line 271, in render
    new_context = context.new(_dict)
  File "C:\abay_repository\venv\Lib\site-packages\django\template\context.py", line 273, in new
    new_context = super().new(values)
  File "C:\abay_repository\venv\Lib\site-packages\django\template\context.py", line 110, in new
    new_context = copy(self)
  File "C:\Python314\Lib\copy.py", line 82, in copy
    return copier(x)
  File "C:\abay_repository\venv\Lib\site-packages\django\template\context.py", line 158, in __copy__
    duplicate = super().__copy__()
  File "C:\abay_repository\venv\Lib\site-packages\django\template\context.py", line 39, in __copy__
    duplicate.dicts = self.dicts[:]
    ^^^^^^^^^^^^^^^
AttributeError: 'super' object has no attribute 'dicts' and no __dict__ for setting new attributes
"GET /admin/accounts/authorprofile/ HTTP/1.1" 500 370823
"GET /admin/accounts/authorprofile/ HTTP/1.1" 500 370823
"GET /admin/ HTTP/1.1" 200 6741
"GET /admin/ HTTP/1.1" 200 6741
Internal Server Error: /admin/auth/group/
Traceback (most recent call last):
  File "C:\abay_repository\venv\Lib\site-packages\django\core\handlers\exception.py", line 55, in inner
    response = get_response(request)
  File "C:\abay_repository\venv\Lib\site-packages\django\core\handlers\base.py", line 220, in _get_response
    response = response.render()
  File "C:\abay_repository\venv\Lib\site-packages\django\template\response.py", line 114, in render
    self.content = self.rendered_content
                   ^^^^^^^^^^^^^^^^^^^^^
  File "C:\abay_repository\venv\Lib\site-packages\django\template\response.py", line 92, in rendered_content
    return template.render(context, self._request)
           ~~~~~~~~~~~~~~~^^^^^^^^^^^^^^^^^^^^^^^^
  File "C:\abay_repository\venv\Lib\site-packages\django\template\backends\django.py", line 61, in render
    return self.template.render(context)
           ~~~~~~~~~~~~~~~~~~~~^^^^^^^^^
  File "C:\abay_repository\venv\Lib\site-packages\django\template\base.py", line 171, in render
    return self._render(context)
           ~~~~~~~~~~~~^^^^^^^^^
  File "C:\abay_repository\venv\Lib\site-packages\django\template\base.py", line 163, in _render
    return self.nodelist.render(context)
           ~~~~~~~~~~~~~~~~~~~~^^^^^^^^^
  File "C:\abay_repository\venv\Lib\site-packages\django\template\base.py", line 1000, in render
    return SafeString("".join([node.render_annotated(context) for node in self]))
                               ~~~~~~~~~~~~~~~~~~~~~^^^^^^^^^
  File "C:\abay_repository\venv\Lib\site-packages\django\template\base.py", line 961, in render_annotated
    return self.render(context)
           ~~~~~~~~~~~^^^^^^^^^
  File "C:\abay_repository\venv\Lib\site-packages\django\template\loader_tags.py", line 159, in render
    return compiled_parent._render(context)
           ~~~~~~~~~~~~~~~~~~~~~~~^^^^^^^^^
  File "C:\abay_repository\venv\Lib\site-packages\django\template\base.py", line 163, in _render
    return self.nodelist.render(context)
           ~~~~~~~~~~~~~~~~~~~~^^^^^^^^^
  File "C:\abay_repository\venv\Lib\site-packages\django\template\base.py", line 1000, in render
    return SafeString("".join([node.render_annotated(context) for node in self]))
                               ~~~~~~~~~~~~~~~~~~~~~^^^^^^^^^
  File "C:\abay_repository\venv\Lib\site-packages\django\template\base.py", line 961, in render_annotated
    return self.render(context)
           ~~~~~~~~~~~^^^^^^^^^
  File "C:\abay_repository\venv\Lib\site-packages\django\template\loader_tags.py", line 159, in render
    return compiled_parent._render(context)
           ~~~~~~~~~~~~~~~~~~~~~~~^^^^^^^^^
  File "C:\abay_repository\venv\Lib\site-packages\django\template\base.py", line 163, in _render
    return self.nodelist.render(context)
           ~~~~~~~~~~~~~~~~~~~~^^^^^^^^^
  File "C:\abay_repository\venv\Lib\site-packages\django\template\base.py", line 1000, in render
    return SafeString("".join([node.render_annotated(context) for node in self]))
                               ~~~~~~~~~~~~~~~~~~~~~^^^^^^^^^
  File "C:\abay_repository\venv\Lib\site-packages\django\template\base.py", line 961, in render_annotated
    return self.render(context)
           ~~~~~~~~~~~^^^^^^^^^
  File "C:\abay_repository\venv\Lib\site-packages\django\template\loader_tags.py", line 65, in render
    result = block.nodelist.render(context)
  File "C:\abay_repository\venv\Lib\site-packages\django\template\base.py", line 1000, in render
    return SafeString("".join([node.render_annotated(context) for node in self]))
                               ~~~~~~~~~~~~~~~~~~~~~^^^^^^^^^
  File "C:\abay_repository\venv\Lib\site-packages\django\template\base.py", line 961, in render_annotated
    return self.render(context)
           ~~~~~~~~~~~^^^^^^^^^
  File "C:\abay_repository\venv\Lib\site-packages\django\template\loader_tags.py", line 65, in render
    result = block.nodelist.render(context)
  File "C:\abay_repository\venv\Lib\site-packages\django\template\base.py", line 1000, in render
    return SafeString("".join([node.render_annotated(context) for node in self]))
                               ~~~~~~~~~~~~~~~~~~~~~^^^^^^^^^
  File "C:\abay_repository\venv\Lib\site-packages\django\template\base.py", line 961, in render_annotated
    return self.render(context)
           ~~~~~~~~~~~^^^^^^^^^
  File "C:\abay_repository\venv\Lib\site-packages\django\template\loader_tags.py", line 65, in render
    result = block.nodelist.render(context)
  File "C:\abay_repository\venv\Lib\site-packages\django\template\base.py", line 1000, in render
    return SafeString("".join([node.render_annotated(context) for node in self]))
                               ~~~~~~~~~~~~~~~~~~~~~^^^^^^^^^
  File "C:\abay_repository\venv\Lib\site-packages\django\template\base.py", line 961, in render_annotated
    return self.render(context)
           ~~~~~~~~~~~^^^^^^^^^
  File "C:\abay_repository\venv\Lib\site-packages\django\contrib\admin\templatetags\base.py", line 45, in render
    return super().render(context)
           ~~~~~~~~~~~~~~^^^^^^^^^
  File "C:\abay_repository\venv\Lib\site-packages\django\template\library.py", line 271, in render
    new_context = context.new(_dict)
  File "C:\abay_repository\venv\Lib\site-packages\django\template\context.py", line 273, in new
    new_context = super().new(values)
  File "C:\abay_repository\venv\Lib\site-packages\django\template\context.py", line 110, in new
    new_context = copy(self)
  File "C:\Python314\Lib\copy.py", line 82, in copy
    return copier(x)
  File "C:\abay_repository\venv\Lib\site-packages\django\template\context.py", line 158, in __copy__
    duplicate = super().__copy__()
  File "C:\abay_repository\venv\Lib\site-packages\django\template\context.py", line 39, in __copy__
    duplicate.dicts = self.dicts[:]
    ^^^^^^^^^^^^^^^
AttributeError: 'super' object has no attribute 'dicts' and no __dict__ for setting new attributes
Internal Server Error: /admin/auth/group/
Traceback (most recent call last):
  File "C:\abay_repository\venv\Lib\site-packages\django\core\handlers\exception.py", line 55, in inner
    response = get_response(request)
  File "C:\abay_repository\venv\Lib\site-packages\django\core\handlers\base.py", line 220, in _get_response
    response = response.render()
  File "C:\abay_repository\venv\Lib\site-packages\django\template\response.py", line 114, in render
    self.content = self.rendered_content
                   ^^^^^^^^^^^^^^^^^^^^^
  File "C:\abay_repository\venv\Lib\site-packages\django\template\response.py", line 92, in rendered_content
    return template.render(context, self._request)
           ~~~~~~~~~~~~~~~^^^^^^^^^^^^^^^^^^^^^^^^
  File "C:\abay_repository\venv\Lib\site-packages\django\template\backends\django.py", line 61, in render
    return self.template.render(context)
           ~~~~~~~~~~~~~~~~~~~~^^^^^^^^^
  File "C:\abay_repository\venv\Lib\site-packages\django\template\base.py", line 171, in render
    return self._render(context)
           ~~~~~~~~~~~~^^^^^^^^^
  File "C:\abay_repository\venv\Lib\site-packages\django\template\base.py", line 163, in _render
    return self.nodelist.render(context)
           ~~~~~~~~~~~~~~~~~~~~^^^^^^^^^
  File "C:\abay_repository\venv\Lib\site-packages\django\template\base.py", line 1000, in render
    return SafeString("".join([node.render_annotated(context) for node in self]))
                               ~~~~~~~~~~~~~~~~~~~~~^^^^^^^^^
  File "C:\abay_repository\venv\Lib\site-packages\django\template\base.py", line 961, in render_annotated
    return self.render(context)
           ~~~~~~~~~~~^^^^^^^^^
  File "C:\abay_repository\venv\Lib\site-packages\django\template\loader_tags.py", line 159, in render
    return compiled_parent._render(context)
           ~~~~~~~~~~~~~~~~~~~~~~~^^^^^^^^^
  File "C:\abay_repository\venv\Lib\site-packages\django\template\base.py", line 163, in _render
    return self.nodelist.render(context)
           ~~~~~~~~~~~~~~~~~~~~^^^^^^^^^
  File "C:\abay_repository\venv\Lib\site-packages\django\template\base.py", line 1000, in render
    return SafeString("".join([node.render_annotated(context) for node in self]))
                               ~~~~~~~~~~~~~~~~~~~~~^^^^^^^^^
  File "C:\abay_repository\venv\Lib\site-packages\django\template\base.py", line 961, in render_annotated
    return self.render(context)
           ~~~~~~~~~~~^^^^^^^^^
  File "C:\abay_repository\venv\Lib\site-packages\django\template\loader_tags.py", line 159, in render
    return compiled_parent._render(context)
           ~~~~~~~~~~~~~~~~~~~~~~~^^^^^^^^^
  File "C:\abay_repository\venv\Lib\site-packages\django\template\base.py", line 163, in _render
    return self.nodelist.render(context)
           ~~~~~~~~~~~~~~~~~~~~^^^^^^^^^
  File "C:\abay_repository\venv\Lib\site-packages\django\template\base.py", line 1000, in render
    return SafeString("".join([node.render_annotated(context) for node in self]))
                               ~~~~~~~~~~~~~~~~~~~~~^^^^^^^^^
  File "C:\abay_repository\venv\Lib\site-packages\django\template\base.py", line 961, in render_annotated
    return self.render(context)
           ~~~~~~~~~~~^^^^^^^^^
  File "C:\abay_repository\venv\Lib\site-packages\django\template\loader_tags.py", line 65, in render
    result = block.nodelist.render(context)
  File "C:\abay_repository\venv\Lib\site-packages\django\template\base.py", line 1000, in render
    return SafeString("".join([node.render_annotated(context) for node in self]))
                               ~~~~~~~~~~~~~~~~~~~~~^^^^^^^^^
  File "C:\abay_repository\venv\Lib\site-packages\django\template\base.py", line 961, in render_annotated
    return self.render(context)
           ~~~~~~~~~~~^^^^^^^^^
  File "C:\abay_repository\venv\Lib\site-packages\django\template\loader_tags.py", line 65, in render
    result = block.nodelist.render(context)
  File "C:\abay_repository\venv\Lib\site-packages\django\template\base.py", line 1000, in render
    return SafeString("".join([node.render_annotated(context) for node in self]))
                               ~~~~~~~~~~~~~~~~~~~~~^^^^^^^^^
  File "C:\abay_repository\venv\Lib\site-packages\django\template\base.py", line 961, in render_annotated
    return self.render(context)
           ~~~~~~~~~~~^^^^^^^^^
  File "C:\abay_repository\venv\Lib\site-packages\django\template\loader_tags.py", line 65, in render
    result = block.nodelist.render(context)
  File "C:\abay_repository\venv\Lib\site-packages\django\template\base.py", line 1000, in render
    return SafeString("".join([node.render_annotated(context) for node in self]))
                               ~~~~~~~~~~~~~~~~~~~~~^^^^^^^^^
  File "C:\abay_repository\venv\Lib\site-packages\django\template\base.py", line 961, in render_annotated
    return self.render(context)
           ~~~~~~~~~~~^^^^^^^^^
  File "C:\abay_repository\venv\Lib\site-packages\django\contrib\admin\templatetags\base.py", line 45, in render
    return super().render(context)
           ~~~~~~~~~~~~~~^^^^^^^^^
  File "C:\abay_repository\venv\Lib\site-packages\django\template\library.py", line 271, in render
    new_context = context.new(_dict)
  File "C:\abay_repository\venv\Lib\site-packages\django\template\context.py", line 273, in new
    new_context = super().new(values)
  File "C:\abay_repository\venv\Lib\site-packages\django\template\context.py", line 110, in new
    new_context = copy(self)
  File "C:\Python314\Lib\copy.py", line 82, in copy
    return copier(x)
  File "C:\abay_repository\venv\Lib\site-packages\django\template\context.py", line 158, in __copy__
    duplicate = super().__copy__()
  File "C:\abay_repository\venv\Lib\site-packages\django\template\context.py", line 39, in __copy__
    duplicate.dicts = self.dicts[:]
    ^^^^^^^^^^^^^^^
AttributeError: 'super' object has no attribute 'dicts' and no __dict__ for setting new attributes
"GET /admin/auth/group/ HTTP/1.1" 500 369391
"GET /admin/auth/group/ HTTP/1.1" 500 369391
"GET /admin/ HTTP/1.1" 200 6741
"GET /admin/ HTTP/1.1" 200 6741
Not Found: /admin/books/book/
Not Found: /admin/books/book/
"GET /admin/books/book/ HTTP/1.1" 404 4699
"GET /admin/books/book/ HTTP/1.1" 404 4699
C:\abay_repository\books\admin.py changed, reloading.
C:\abay_repository\books\admin.py changed, reloading.
Watching for file changes with StatReloader
Watching for file changes with StatReloader
C:\abay_repository\books\models.py changed, reloading.
C:\abay_repository\books\models.py changed, reloading.
Watching for file changes with StatReloader
Watching for file changes with StatReloader
C:\abay_repository\books\admin.py changed, reloading.
C:\abay_repository\books\admin.py changed, reloading.
Watching for file changes with StatReloader
Watching for file changes with StatReloader
C:\abay_repository\payments\models.py changed, reloading.
C:\abay_repository\payments\models.py changed, reloading.
Watching for file changes with StatReloader
Watching for file changes with StatReloader
C:\abay_repository\payments\admin.py changed, reloading.
C:\abay_repository\payments\admin.py changed, reloading.
Watching for file changes with StatReloader
Watching for file changes with StatReloader
C:\abay_repository\royalties\admin.py changed, reloading.
C:\abay_repository\royalties\admin.py changed, reloading.
Watching for file changes with StatReloader
Watching for file changes with StatReloader
C:\abay_repository\royalties\admin.py changed, reloading.
C:\abay_repository\royalties\admin.py changed, reloading.
Watching for file changes with StatReloader
Watching for file changes with StatReloader
C:\abay_repository\reviews\admin.py changed, reloading.
C:\abay_repository\reviews\admin.py changed, reloading.
Watching for file changes with StatReloader
Watching for file changes with StatReloader
C:\abay_repository\books\admin.py changed, reloading.
C:\abay_repository\books\admin.py changed, reloading.
Watching for file changes with StatReloader
Watching for file changes with StatReloader
Internal Server Error: /admin/books/book/
Traceback (most recent call last):
  File "C:\abay_repository\venv\Lib\site-packages\django\core\handlers\exception.py", line 55, in inner
    response = get_response(request)
  File "C:\abay_repository\venv\Lib\site-packages\django\core\handlers\base.py", line 220, in _get_response
    response = response.render()
  File "C:\abay_repository\venv\Lib\site-packages\django\template\response.py", line 114, in render
    self.content = self.rendered_content
                   ^^^^^^^^^^^^^^^^^^^^^
  File "C:\abay_repository\venv\Lib\site-packages\django\template\response.py", line 92, in rendered_content
    return template.render(context, self._request)
           ~~~~~~~~~~~~~~~^^^^^^^^^^^^^^^^^^^^^^^^
  File "C:\abay_repository\venv\Lib\site-packages\django\template\backends\django.py", line 61, in render
    return self.template.render(context)
           ~~~~~~~~~~~~~~~~~~~~^^^^^^^^^
  File "C:\abay_repository\venv\Lib\site-packages\django\template\base.py", line 171, in render
    return self._render(context)
           ~~~~~~~~~~~~^^^^^^^^^
  File "C:\abay_repository\venv\Lib\site-packages\django\template\base.py", line 163, in _render
    return self.nodelist.render(context)
           ~~~~~~~~~~~~~~~~~~~~^^^^^^^^^
  File "C:\abay_repository\venv\Lib\site-packages\django\template\base.py", line 1000, in render
    return SafeString("".join([node.render_annotated(context) for node in self]))
                               ~~~~~~~~~~~~~~~~~~~~~^^^^^^^^^
  File "C:\abay_repository\venv\Lib\site-packages\django\template\base.py", line 961, in render_annotated
    return self.render(context)
           ~~~~~~~~~~~^^^^^^^^^
  File "C:\abay_repository\venv\Lib\site-packages\django\template\loader_tags.py", line 159, in render
    return compiled_parent._render(context)
           ~~~~~~~~~~~~~~~~~~~~~~~^^^^^^^^^
  File "C:\abay_repository\venv\Lib\site-packages\django\template\base.py", line 163, in _render
    return self.nodelist.render(context)
           ~~~~~~~~~~~~~~~~~~~~^^^^^^^^^
  File "C:\abay_repository\venv\Lib\site-packages\django\template\base.py", line 1000, in render
    return SafeString("".join([node.render_annotated(context) for node in self]))
                               ~~~~~~~~~~~~~~~~~~~~~^^^^^^^^^
  File "C:\abay_repository\venv\Lib\site-packages\django\template\base.py", line 961, in render_annotated
    return self.render(context)
           ~~~~~~~~~~~^^^^^^^^^
  File "C:\abay_repository\venv\Lib\site-packages\django\template\loader_tags.py", line 159, in render
    return compiled_parent._render(context)
           ~~~~~~~~~~~~~~~~~~~~~~~^^^^^^^^^
  File "C:\abay_repository\venv\Lib\site-packages\django\template\base.py", line 163, in _render
    return self.nodelist.render(context)
           ~~~~~~~~~~~~~~~~~~~~^^^^^^^^^
  File "C:\abay_repository\venv\Lib\site-packages\django\template\base.py", line 1000, in render
    return SafeString("".join([node.render_annotated(context) for node in self]))
                               ~~~~~~~~~~~~~~~~~~~~~^^^^^^^^^
  File "C:\abay_repository\venv\Lib\site-packages\django\template\base.py", line 961, in render_annotated
    return self.render(context)
           ~~~~~~~~~~~^^^^^^^^^
  File "C:\abay_repository\venv\Lib\site-packages\django\template\loader_tags.py", line 65, in render
    result = block.nodelist.render(context)
  File "C:\abay_repository\venv\Lib\site-packages\django\template\base.py", line 1000, in render
    return SafeString("".join([node.render_annotated(context) for node in self]))
                               ~~~~~~~~~~~~~~~~~~~~~^^^^^^^^^
  File "C:\abay_repository\venv\Lib\site-packages\django\template\base.py", line 961, in render_annotated
    return self.render(context)
           ~~~~~~~~~~~^^^^^^^^^
  File "C:\abay_repository\venv\Lib\site-packages\django\template\loader_tags.py", line 65, in render
    result = block.nodelist.render(context)
  File "C:\abay_repository\venv\Lib\site-packages\django\template\base.py", line 1000, in render
    return SafeString("".join([node.render_annotated(context) for node in self]))
                               ~~~~~~~~~~~~~~~~~~~~~^^^^^^^^^
  File "C:\abay_repository\venv\Lib\site-packages\django\template\base.py", line 961, in render_annotated
    return self.render(context)
           ~~~~~~~~~~~^^^^^^^^^
  File "C:\abay_repository\venv\Lib\site-packages\django\template\loader_tags.py", line 65, in render
    result = block.nodelist.render(context)
  File "C:\abay_repository\venv\Lib\site-packages\django\template\base.py", line 1000, in render
    return SafeString("".join([node.render_annotated(context) for node in self]))
                               ~~~~~~~~~~~~~~~~~~~~~^^^^^^^^^
  File "C:\abay_repository\venv\Lib\site-packages\django\template\base.py", line 961, in render_annotated
    return self.render(context)
           ~~~~~~~~~~~^^^^^^^^^
  File "C:\abay_repository\venv\Lib\site-packages\django\contrib\admin\templatetags\base.py", line 45, in render
    return super().render(context)
           ~~~~~~~~~~~~~~^^^^^^^^^
  File "C:\abay_repository\venv\Lib\site-packages\django\template\library.py", line 271, in render
    new_context = context.new(_dict)
  File "C:\abay_repository\venv\Lib\site-packages\django\template\context.py", line 273, in new
    new_context = super().new(values)
  File "C:\abay_repository\venv\Lib\site-packages\django\template\context.py", line 110, in new
    new_context = copy(self)
  File "C:\Python314\Lib\copy.py", line 82, in copy
    return copier(x)
  File "C:\abay_repository\venv\Lib\site-packages\django\template\context.py", line 158, in __copy__
    duplicate = super().__copy__()
  File "C:\abay_repository\venv\Lib\site-packages\django\template\context.py", line 39, in __copy__
    duplicate.dicts = self.dicts[:]
    ^^^^^^^^^^^^^^^
AttributeError: 'super' object has no attribute 'dicts' and no __dict__ for setting new attributes
Internal Server Error: /admin/books/book/
Traceback (most recent call last):
  File "C:\abay_repository\venv\Lib\site-packages\django\core\handlers\exception.py", line 55, in inner
    response = get_response(request)
  File "C:\abay_repository\venv\Lib\site-packages\django\core\handlers\base.py", line 220, in _get_response
    response = response.render()
  File "C:\abay_repository\venv\Lib\site-packages\django\template\response.py", line 114, in render
    self.content = self.rendered_content
                   ^^^^^^^^^^^^^^^^^^^^^
  File "C:\abay_repository\venv\Lib\site-packages\django\template\response.py", line 92, in rendered_content
    return template.render(context, self._request)
           ~~~~~~~~~~~~~~~^^^^^^^^^^^^^^^^^^^^^^^^
  File "C:\abay_repository\venv\Lib\site-packages\django\template\backends\django.py", line 61, in render
    return self.template.render(context)
           ~~~~~~~~~~~~~~~~~~~~^^^^^^^^^
  File "C:\abay_repository\venv\Lib\site-packages\django\template\base.py", line 171, in render
    return self._render(context)
           ~~~~~~~~~~~~^^^^^^^^^
  File "C:\abay_repository\venv\Lib\site-packages\django\template\base.py", line 163, in _render
    return self.nodelist.render(context)
           ~~~~~~~~~~~~~~~~~~~~^^^^^^^^^
  File "C:\abay_repository\venv\Lib\site-packages\django\template\base.py", line 1000, in render
    return SafeString("".join([node.render_annotated(context) for node in self]))
                               ~~~~~~~~~~~~~~~~~~~~~^^^^^^^^^
  File "C:\abay_repository\venv\Lib\site-packages\django\template\base.py", line 961, in render_annotated
    return self.render(context)
           ~~~~~~~~~~~^^^^^^^^^
  File "C:\abay_repository\venv\Lib\site-packages\django\template\loader_tags.py", line 159, in render
    return compiled_parent._render(context)
           ~~~~~~~~~~~~~~~~~~~~~~~^^^^^^^^^
  File "C:\abay_repository\venv\Lib\site-packages\django\template\base.py", line 163, in _render
    return self.nodelist.render(context)
           ~~~~~~~~~~~~~~~~~~~~^^^^^^^^^
  File "C:\abay_repository\venv\Lib\site-packages\django\template\base.py", line 1000, in render
    return SafeString("".join([node.render_annotated(context) for node in self]))
                               ~~~~~~~~~~~~~~~~~~~~~^^^^^^^^^
  File "C:\abay_repository\venv\Lib\site-packages\django\template\base.py", line 961, in render_annotated
    return self.render(context)
           ~~~~~~~~~~~^^^^^^^^^
  File "C:\abay_repository\venv\Lib\site-packages\django\template\loader_tags.py", line 159, in render
    return compiled_parent._render(context)
           ~~~~~~~~~~~~~~~~~~~~~~~^^^^^^^^^
  File "C:\abay_repository\venv\Lib\site-packages\django\template\base.py", line 163, in _render
    return self.nodelist.render(context)
           ~~~~~~~~~~~~~~~~~~~~^^^^^^^^^
  File "C:\abay_repository\venv\Lib\site-packages\django\template\base.py", line 1000, in render
    return SafeString("".join([node.render_annotated(context) for node in self]))
                               ~~~~~~~~~~~~~~~~~~~~~^^^^^^^^^
  File "C:\abay_repository\venv\Lib\site-packages\django\template\base.py", line 961, in render_annotated
    return self.render(context)
           ~~~~~~~~~~~^^^^^^^^^
  File "C:\abay_repository\venv\Lib\site-packages\django\template\loader_tags.py", line 65, in render
    result = block.nodelist.render(context)
  File "C:\abay_repository\venv\Lib\site-packages\django\template\base.py", line 1000, in render
    return SafeString("".join([node.render_annotated(context) for node in self]))
                               ~~~~~~~~~~~~~~~~~~~~~^^^^^^^^^
  File "C:\abay_repository\venv\Lib\site-packages\django\template\base.py", line 961, in render_annotated
    return self.render(context)
           ~~~~~~~~~~~^^^^^^^^^
  File "C:\abay_repository\venv\Lib\site-packages\django\template\loader_tags.py", line 65, in render
    result = block.nodelist.render(context)
  File "C:\abay_repository\venv\Lib\site-packages\django\template\base.py", line 1000, in render
    return SafeString("".join([node.render_annotated(context) for node in self]))
                               ~~~~~~~~~~~~~~~~~~~~~^^^^^^^^^
  File "C:\abay_repository\venv\Lib\site-packages\django\template\base.py", line 961, in render_annotated
    return self.render(context)
           ~~~~~~~~~~~^^^^^^^^^
  File "C:\abay_repository\venv\Lib\site-packages\django\template\loader_tags.py", line 65, in render
    result = block.nodelist.render(context)
  File "C:\abay_repository\venv\Lib\site-packages\django\template\base.py", line 1000, in render
    return SafeString("".join([node.render_annotated(context) for node in self]))
                               ~~~~~~~~~~~~~~~~~~~~~^^^^^^^^^
  File "C:\abay_repository\venv\Lib\site-packages\django\template\base.py", line 961, in render_annotated
    return self.render(context)
           ~~~~~~~~~~~^^^^^^^^^
  File "C:\abay_repository\venv\Lib\site-packages\django\contrib\admin\templatetags\base.py", line 45, in render
    return super().render(context)
           ~~~~~~~~~~~~~~^^^^^^^^^
  File "C:\abay_repository\venv\Lib\site-packages\django\template\library.py", line 271, in render
    new_context = context.new(_dict)
  File "C:\abay_repository\venv\Lib\site-packages\django\template\context.py", line 273, in new
    new_context = super().new(values)
  File "C:\abay_repository\venv\Lib\site-packages\django\template\context.py", line 110, in new
    new_context = copy(self)
  File "C:\Python314\Lib\copy.py", line 82, in copy
    return copier(x)
  File "C:\abay_repository\venv\Lib\site-packages\django\template\context.py", line 158, in __copy__
    duplicate = super().__copy__()
  File "C:\abay_repository\venv\Lib\site-packages\django\template\context.py", line 39, in __copy__
    duplicate.dicts = self.dicts[:]
    ^^^^^^^^^^^^^^^
AttributeError: 'super' object has no attribute 'dicts' and no __dict__ for setting new attributes
"GET /admin/books/book/ HTTP/1.1" 500 464817
"GET /admin/books/book/ HTTP/1.1" 500 464817
Watching for file changes with StatReloader
Watching for file changes with StatReloader
"GET /books/upload/ HTTP/1.1" 302 0
"GET /books/upload/ HTTP/1.1" 302 0
"GET /books/ HTTP/1.1" 200 21654
"GET /books/ HTTP/1.1" 200 21654
"GET /accounts/logout/ HTTP/1.1" 302 0
"GET /accounts/logout/ HTTP/1.1" 302 0
"GET / HTTP/1.1" 200 30606
"GET / HTTP/1.1" 200 30606
C:\abay_repository\payments\admin.py changed, reloading.
C:\abay_repository\payments\admin.py changed, reloading.
Watching for file changes with StatReloader
Watching for file changes with StatReloader
C:\abay_repository\accounts\admin.py changed, reloading.
C:\abay_repository\accounts\admin.py changed, reloading.
Watching for file changes with StatReloader
Watching for file changes with StatReloader
"GET /admin/books/book/ HTTP/1.1" 302 0
"GET /admin/books/book/ HTTP/1.1" 302 0
"GET /admin/login/?next=/admin/books/book/ HTTP/1.1" 200 4184
"GET /admin/login/?next=/admin/books/book/ HTTP/1.1" 200 4184
"GET /static/admin/css/login.css HTTP/1.1" 200 958
"GET /static/admin/css/login.css HTTP/1.1" 200 958
"POST /admin/login/?next=/admin/books/book/ HTTP/1.1" 302 0
"POST /admin/login/?next=/admin/books/book/ HTTP/1.1" 302 0
Internal Server Error: /admin/books/book/
Traceback (most recent call last):
  File "C:\abay_repository\venv\Lib\site-packages\django\core\handlers\exception.py", line 55, in inner
    response = get_response(request)
  File "C:\abay_repository\venv\Lib\site-packages\django\core\handlers\base.py", line 220, in _get_response
    response = response.render()
  File "C:\abay_repository\venv\Lib\site-packages\django\template\response.py", line 114, in render
    self.content = self.rendered_content
                   ^^^^^^^^^^^^^^^^^^^^^
  File "C:\abay_repository\venv\Lib\site-packages\django\template\response.py", line 92, in rendered_content
    return template.render(context, self._request)
           ~~~~~~~~~~~~~~~^^^^^^^^^^^^^^^^^^^^^^^^
  File "C:\abay_repository\venv\Lib\site-packages\django\template\backends\django.py", line 61, in render
    return self.template.render(context)
           ~~~~~~~~~~~~~~~~~~~~^^^^^^^^^
  File "C:\abay_repository\venv\Lib\site-packages\django\template\base.py", line 171, in render
    return self._render(context)
           ~~~~~~~~~~~~^^^^^^^^^
  File "C:\abay_repository\venv\Lib\site-packages\django\template\base.py", line 163, in _render
    return self.nodelist.render(context)
           ~~~~~~~~~~~~~~~~~~~~^^^^^^^^^
  File "C:\abay_repository\venv\Lib\site-packages\django\template\base.py", line 1000, in render
    return SafeString("".join([node.render_annotated(context) for node in self]))
                               ~~~~~~~~~~~~~~~~~~~~~^^^^^^^^^
  File "C:\abay_repository\venv\Lib\site-packages\django\template\base.py", line 961, in render_annotated
    return self.render(context)
           ~~~~~~~~~~~^^^^^^^^^
  File "C:\abay_repository\venv\Lib\site-packages\django\template\loader_tags.py", line 159, in render
    return compiled_parent._render(context)
           ~~~~~~~~~~~~~~~~~~~~~~~^^^^^^^^^
  File "C:\abay_repository\venv\Lib\site-packages\django\template\base.py", line 163, in _render
    return self.nodelist.render(context)
           ~~~~~~~~~~~~~~~~~~~~^^^^^^^^^
  File "C:\abay_repository\venv\Lib\site-packages\django\template\base.py", line 1000, in render
    return SafeString("".join([node.render_annotated(context) for node in self]))
                               ~~~~~~~~~~~~~~~~~~~~~^^^^^^^^^
  File "C:\abay_repository\venv\Lib\site-packages\django\template\base.py", line 961, in render_annotated
    return self.render(context)
           ~~~~~~~~~~~^^^^^^^^^
  File "C:\abay_repository\venv\Lib\site-packages\django\template\loader_tags.py", line 159, in render
    return compiled_parent._render(context)
           ~~~~~~~~~~~~~~~~~~~~~~~^^^^^^^^^
  File "C:\abay_repository\venv\Lib\site-packages\django\template\base.py", line 163, in _render
    return self.nodelist.render(context)
           ~~~~~~~~~~~~~~~~~~~~^^^^^^^^^
  File "C:\abay_repository\venv\Lib\site-packages\django\template\base.py", line 1000, in render
    return SafeString("".join([node.render_annotated(context) for node in self]))
                               ~~~~~~~~~~~~~~~~~~~~~^^^^^^^^^
  File "C:\abay_repository\venv\Lib\site-packages\django\template\base.py", line 961, in render_annotated
    return self.render(context)
           ~~~~~~~~~~~^^^^^^^^^
  File "C:\abay_repository\venv\Lib\site-packages\django\template\loader_tags.py", line 65, in render
    result = block.nodelist.render(context)
  File "C:\abay_repository\venv\Lib\site-packages\django\template\base.py", line 1000, in render
    return SafeString("".join([node.render_annotated(context) for node in self]))
                               ~~~~~~~~~~~~~~~~~~~~~^^^^^^^^^
  File "C:\abay_repository\venv\Lib\site-packages\django\template\base.py", line 961, in render_annotated
    return self.render(context)
           ~~~~~~~~~~~^^^^^^^^^
  File "C:\abay_repository\venv\Lib\site-packages\django\template\loader_tags.py", line 65, in render
    result = block.nodelist.render(context)
  File "C:\abay_repository\venv\Lib\site-packages\django\template\base.py", line 1000, in render
    return SafeString("".join([node.render_annotated(context) for node in self]))
                               ~~~~~~~~~~~~~~~~~~~~~^^^^^^^^^
  File "C:\abay_repository\venv\Lib\site-packages\django\template\base.py", line 961, in render_annotated
    return self.render(context)
           ~~~~~~~~~~~^^^^^^^^^
  File "C:\abay_repository\venv\Lib\site-packages\django\template\loader_tags.py", line 65, in render
    result = block.nodelist.render(context)
  File "C:\abay_repository\venv\Lib\site-packages\django\template\base.py", line 1000, in render
    return SafeString("".join([node.render_annotated(context) for node in self]))
                               ~~~~~~~~~~~~~~~~~~~~~^^^^^^^^^
  File "C:\abay_repository\venv\Lib\site-packages\django\template\base.py", line 961, in render_annotated
    return self.render(context)
           ~~~~~~~~~~~^^^^^^^^^
  File "C:\abay_repository\venv\Lib\site-packages\django\contrib\admin\templatetags\base.py", line 45, in render
    return super().render(context)
           ~~~~~~~~~~~~~~^^^^^^^^^
  File "C:\abay_repository\venv\Lib\site-packages\django\template\library.py", line 271, in render
    new_context = context.new(_dict)
  File "C:\abay_repository\venv\Lib\site-packages\django\template\context.py", line 273, in new
    new_context = super().new(values)
  File "C:\abay_repository\venv\Lib\site-packages\django\template\context.py", line 110, in new
    new_context = copy(self)
  File "C:\Python314\Lib\copy.py", line 82, in copy
    return copier(x)
  File "C:\abay_repository\venv\Lib\site-packages\django\template\context.py", line 158, in __copy__
    duplicate = super().__copy__()
  File "C:\abay_repository\venv\Lib\site-packages\django\template\context.py", line 39, in __copy__
    duplicate.dicts = self.dicts[:]
    ^^^^^^^^^^^^^^^
AttributeError: 'super' object has no attribute 'dicts' and no __dict__ for setting new attributes
Internal Server Error: /admin/books/book/
Traceback (most recent call last):
  File "C:\abay_repository\venv\Lib\site-packages\django\core\handlers\exception.py", line 55, in inner
    response = get_response(request)
  File "C:\abay_repository\venv\Lib\site-packages\django\core\handlers\base.py", line 220, in _get_response
    response = response.render()
  File "C:\abay_repository\venv\Lib\site-packages\django\template\response.py", line 114, in render
    self.content = self.rendered_content
                   ^^^^^^^^^^^^^^^^^^^^^
  File "C:\abay_repository\venv\Lib\site-packages\django\template\response.py", line 92, in rendered_content
    return template.render(context, self._request)
           ~~~~~~~~~~~~~~~^^^^^^^^^^^^^^^^^^^^^^^^
  File "C:\abay_repository\venv\Lib\site-packages\django\template\backends\django.py", line 61, in render
    return self.template.render(context)
           ~~~~~~~~~~~~~~~~~~~~^^^^^^^^^
  File "C:\abay_repository\venv\Lib\site-packages\django\template\base.py", line 171, in render
    return self._render(context)
           ~~~~~~~~~~~~^^^^^^^^^
  File "C:\abay_repository\venv\Lib\site-packages\django\template\base.py", line 163, in _render
    return self.nodelist.render(context)
           ~~~~~~~~~~~~~~~~~~~~^^^^^^^^^
  File "C:\abay_repository\venv\Lib\site-packages\django\template\base.py", line 1000, in render
    return SafeString("".join([node.render_annotated(context) for node in self]))
                               ~~~~~~~~~~~~~~~~~~~~~^^^^^^^^^
  File "C:\abay_repository\venv\Lib\site-packages\django\template\base.py", line 961, in render_annotated
    return self.render(context)
           ~~~~~~~~~~~^^^^^^^^^
  File "C:\abay_repository\venv\Lib\site-packages\django\template\loader_tags.py", line 159, in render
    return compiled_parent._render(context)
           ~~~~~~~~~~~~~~~~~~~~~~~^^^^^^^^^
  File "C:\abay_repository\venv\Lib\site-packages\django\template\base.py", line 163, in _render
    return self.nodelist.render(context)
           ~~~~~~~~~~~~~~~~~~~~^^^^^^^^^
  File "C:\abay_repository\venv\Lib\site-packages\django\template\base.py", line 1000, in render
    return SafeString("".join([node.render_annotated(context) for node in self]))
                               ~~~~~~~~~~~~~~~~~~~~~^^^^^^^^^
  File "C:\abay_repository\venv\Lib\site-packages\django\template\base.py", line 961, in render_annotated
    return self.render(context)
           ~~~~~~~~~~~^^^^^^^^^
  File "C:\abay_repository\venv\Lib\site-packages\django\template\loader_tags.py", line 159, in render
    return compiled_parent._render(context)
           ~~~~~~~~~~~~~~~~~~~~~~~^^^^^^^^^
  File "C:\abay_repository\venv\Lib\site-packages\django\template\base.py", line 163, in _render
    return self.nodelist.render(context)
           ~~~~~~~~~~~~~~~~~~~~^^^^^^^^^
  File "C:\abay_repository\venv\Lib\site-packages\django\template\base.py", line 1000, in render
    return SafeString("".join([node.render_annotated(context) for node in self]))
                               ~~~~~~~~~~~~~~~~~~~~~^^^^^^^^^
  File "C:\abay_repository\venv\Lib\site-packages\django\template\base.py", line 961, in render_annotated
    return self.render(context)
           ~~~~~~~~~~~^^^^^^^^^
  File "C:\abay_repository\venv\Lib\site-packages\django\template\loader_tags.py", line 65, in render
    result = block.nodelist.render(context)
  File "C:\abay_repository\venv\Lib\site-packages\django\template\base.py", line 1000, in render
    return SafeString("".join([node.render_annotated(context) for node in self]))
                               ~~~~~~~~~~~~~~~~~~~~~^^^^^^^^^
  File "C:\abay_repository\venv\Lib\site-packages\django\template\base.py", line 961, in render_annotated
    return self.render(context)
           ~~~~~~~~~~~^^^^^^^^^
  File "C:\abay_repository\venv\Lib\site-packages\django\template\loader_tags.py", line 65, in render
    result = block.nodelist.render(context)
  File "C:\abay_repository\venv\Lib\site-packages\django\template\base.py", line 1000, in render
    return SafeString("".join([node.render_annotated(context) for node in self]))
                               ~~~~~~~~~~~~~~~~~~~~~^^^^^^^^^
  File "C:\abay_repository\venv\Lib\site-packages\django\template\base.py", line 961, in render_annotated
    return self.render(context)
           ~~~~~~~~~~~^^^^^^^^^
  File "C:\abay_repository\venv\Lib\site-packages\django\template\loader_tags.py", line 65, in render
    result = block.nodelist.render(context)
  File "C:\abay_repository\venv\Lib\site-packages\django\template\base.py", line 1000, in render
    return SafeString("".join([node.render_annotated(context) for node in self]))
                               ~~~~~~~~~~~~~~~~~~~~~^^^^^^^^^
  File "C:\abay_repository\venv\Lib\site-packages\django\template\base.py", line 961, in render_annotated
    return self.render(context)
           ~~~~~~~~~~~^^^^^^^^^
  File "C:\abay_repository\venv\Lib\site-packages\django\contrib\admin\templatetags\base.py", line 45, in render
    return super().render(context)
           ~~~~~~~~~~~~~~^^^^^^^^^
  File "C:\abay_repository\venv\Lib\site-packages\django\template\library.py", line 271, in render
    new_context = context.new(_dict)
  File "C:\abay_repository\venv\Lib\site-packages\django\template\context.py", line 273, in new
    new_context = super().new(values)
  File "C:\abay_repository\venv\Lib\site-packages\django\template\context.py", line 110, in new
    new_context = copy(self)
  File "C:\Python314\Lib\copy.py", line 82, in copy
    return copier(x)
  File "C:\abay_repository\venv\Lib\site-packages\django\template\context.py", line 158, in __copy__
    duplicate = super().__copy__()
  File "C:\abay_repository\venv\Lib\site-packages\django\template\context.py", line 39, in __copy__
    duplicate.dicts = self.dicts[:]
    ^^^^^^^^^^^^^^^
AttributeError: 'super' object has no attribute 'dicts' and no __dict__ for setting new attributes
"GET /admin/books/book/ HTTP/1.1" 500 464838
"GET /admin/books/book/ HTTP/1.1" 500 464838
C:\abay_repository\config\__init__.py changed, reloading.
C:\abay_repository\config\__init__.py changed, reloading.
Watching for file changes with StatReloader
Watching for file changes with StatReloader
C:\abay_repository\books\admin.py changed, reloading.
C:\abay_repository\books\admin.py changed, reloading.
Watching for file changes with StatReloader
Watching for file changes with StatReloader
Internal Server Error: /admin/books/book/
Traceback (most recent call last):
  File "C:\abay_repository\venv\Lib\site-packages\django\core\handlers\exception.py", line 55, in inner
    response = get_response(request)
  File "C:\abay_repository\venv\Lib\site-packages\django\core\handlers\base.py", line 220, in _get_response
    response = response.render()
  File "C:\abay_repository\venv\Lib\site-packages\django\template\response.py", line 114, in render
    self.content = self.rendered_content
                   ^^^^^^^^^^^^^^^^^^^^^
  File "C:\abay_repository\venv\Lib\site-packages\django\template\response.py", line 92, in rendered_content
    return template.render(context, self._request)
           ~~~~~~~~~~~~~~~^^^^^^^^^^^^^^^^^^^^^^^^
  File "C:\abay_repository\venv\Lib\site-packages\django\template\backends\django.py", line 61, in render
    return self.template.render(context)
           ~~~~~~~~~~~~~~~~~~~~^^^^^^^^^
  File "C:\abay_repository\venv\Lib\site-packages\django\template\base.py", line 171, in render
    return self._render(context)
           ~~~~~~~~~~~~^^^^^^^^^
  File "C:\abay_repository\venv\Lib\site-packages\django\template\base.py", line 163, in _render
    return self.nodelist.render(context)
           ~~~~~~~~~~~~~~~~~~~~^^^^^^^^^
  File "C:\abay_repository\venv\Lib\site-packages\django\template\base.py", line 1000, in render
    return SafeString("".join([node.render_annotated(context) for node in self]))
                               ~~~~~~~~~~~~~~~~~~~~~^^^^^^^^^
  File "C:\abay_repository\venv\Lib\site-packages\django\template\base.py", line 961, in render_annotated
    return self.render(context)
           ~~~~~~~~~~~^^^^^^^^^
  File "C:\abay_repository\venv\Lib\site-packages\django\template\loader_tags.py", line 159, in render
    return compiled_parent._render(context)
           ~~~~~~~~~~~~~~~~~~~~~~~^^^^^^^^^
  File "C:\abay_repository\venv\Lib\site-packages\django\template\base.py", line 163, in _render
    return self.nodelist.render(context)
           ~~~~~~~~~~~~~~~~~~~~^^^^^^^^^
  File "C:\abay_repository\venv\Lib\site-packages\django\template\base.py", line 1000, in render
    return SafeString("".join([node.render_annotated(context) for node in self]))
                               ~~~~~~~~~~~~~~~~~~~~~^^^^^^^^^
  File "C:\abay_repository\venv\Lib\site-packages\django\template\base.py", line 961, in render_annotated
    return self.render(context)
           ~~~~~~~~~~~^^^^^^^^^
  File "C:\abay_repository\venv\Lib\site-packages\django\template\loader_tags.py", line 159, in render
    return compiled_parent._render(context)
           ~~~~~~~~~~~~~~~~~~~~~~~^^^^^^^^^
  File "C:\abay_repository\venv\Lib\site-packages\django\template\base.py", line 163, in _render
    return self.nodelist.render(context)
           ~~~~~~~~~~~~~~~~~~~~^^^^^^^^^
  File "C:\abay_repository\venv\Lib\site-packages\django\template\base.py", line 1000, in render
    return SafeString("".join([node.render_annotated(context) for node in self]))
                               ~~~~~~~~~~~~~~~~~~~~~^^^^^^^^^
  File "C:\abay_repository\venv\Lib\site-packages\django\template\base.py", line 961, in render_annotated
    return self.render(context)
           ~~~~~~~~~~~^^^^^^^^^
  File "C:\abay_repository\venv\Lib\site-packages\django\template\loader_tags.py", line 65, in render
    result = block.nodelist.render(context)
  File "C:\abay_repository\venv\Lib\site-packages\django\template\base.py", line 1000, in render
    return SafeString("".join([node.render_annotated(context) for node in self]))
                               ~~~~~~~~~~~~~~~~~~~~~^^^^^^^^^
  File "C:\abay_repository\venv\Lib\site-packages\django\template\base.py", line 961, in render_annotated
    return self.render(context)
           ~~~~~~~~~~~^^^^^^^^^
  File "C:\abay_repository\venv\Lib\site-packages\django\template\loader_tags.py", line 65, in render
    result = block.nodelist.render(context)
  File "C:\abay_repository\venv\Lib\site-packages\django\template\base.py", line 1000, in render
    return SafeString("".join([node.render_annotated(context) for node in self]))
                               ~~~~~~~~~~~~~~~~~~~~~^^^^^^^^^
  File "C:\abay_repository\venv\Lib\site-packages\django\template\base.py", line 961, in render_annotated
    return self.render(context)
           ~~~~~~~~~~~^^^^^^^^^
  File "C:\abay_repository\venv\Lib\site-packages\django\template\loader_tags.py", line 65, in render
    result = block.nodelist.render(context)
  File "C:\abay_repository\venv\Lib\site-packages\django\template\base.py", line 1000, in render
    return SafeString("".join([node.render_annotated(context) for node in self]))
                               ~~~~~~~~~~~~~~~~~~~~~^^^^^^^^^
  File "C:\abay_repository\venv\Lib\site-packages\django\template\base.py", line 961, in render_annotated
    return self.render(context)
           ~~~~~~~~~~~^^^^^^^^^
  File "C:\abay_repository\venv\Lib\site-packages\django\contrib\admin\templatetags\base.py", line 45, in render
    return super().render(context)
           ~~~~~~~~~~~~~~^^^^^^^^^
  File "C:\abay_repository\venv\Lib\site-packages\django\template\library.py", line 278, in render
    return t.render(new_context)
           ~~~~~~~~^^^^^^^^^^^^^
  File "C:\abay_repository\venv\Lib\site-packages\django\template\base.py", line 167, in render
    with context.render_context.push_state(self):
         ^^^^^^^^^^^^^^^^^^^^^^
AttributeError: 'PatchedRequestContext' object has no attribute 'render_context'
Internal Server Error: /admin/books/book/
Traceback (most recent call last):
  File "C:\abay_repository\venv\Lib\site-packages\django\core\handlers\exception.py", line 55, in inner
    response = get_response(request)
  File "C:\abay_repository\venv\Lib\site-packages\django\core\handlers\base.py", line 220, in _get_response
    response = response.render()
  File "C:\abay_repository\venv\Lib\site-packages\django\template\response.py", line 114, in render
    self.content = self.rendered_content
                   ^^^^^^^^^^^^^^^^^^^^^
  File "C:\abay_repository\venv\Lib\site-packages\django\template\response.py", line 92, in rendered_content
    return template.render(context, self._request)
           ~~~~~~~~~~~~~~~^^^^^^^^^^^^^^^^^^^^^^^^
  File "C:\abay_repository\venv\Lib\site-packages\django\template\backends\django.py", line 61, in render
    return self.template.render(context)
           ~~~~~~~~~~~~~~~~~~~~^^^^^^^^^
  File "C:\abay_repository\venv\Lib\site-packages\django\template\base.py", line 171, in render
    return self._render(context)
           ~~~~~~~~~~~~^^^^^^^^^
  File "C:\abay_repository\venv\Lib\site-packages\django\template\base.py", line 163, in _render
    return self.nodelist.render(context)
           ~~~~~~~~~~~~~~~~~~~~^^^^^^^^^
  File "C:\abay_repository\venv\Lib\site-packages\django\template\base.py", line 1000, in render
    return SafeString("".join([node.render_annotated(context) for node in self]))
                               ~~~~~~~~~~~~~~~~~~~~~^^^^^^^^^
  File "C:\abay_repository\venv\Lib\site-packages\django\template\base.py", line 961, in render_annotated
    return self.render(context)
           ~~~~~~~~~~~^^^^^^^^^
  File "C:\abay_repository\venv\Lib\site-packages\django\template\loader_tags.py", line 159, in render
    return compiled_parent._render(context)
           ~~~~~~~~~~~~~~~~~~~~~~~^^^^^^^^^
  File "C:\abay_repository\venv\Lib\site-packages\django\template\base.py", line 163, in _render
    return self.nodelist.render(context)
           ~~~~~~~~~~~~~~~~~~~~^^^^^^^^^
  File "C:\abay_repository\venv\Lib\site-packages\django\template\base.py", line 1000, in render
    return SafeString("".join([node.render_annotated(context) for node in self]))
                               ~~~~~~~~~~~~~~~~~~~~~^^^^^^^^^
  File "C:\abay_repository\venv\Lib\site-packages\django\template\base.py", line 961, in render_annotated
    return self.render(context)
           ~~~~~~~~~~~^^^^^^^^^
  File "C:\abay_repository\venv\Lib\site-packages\django\template\loader_tags.py", line 159, in render
    return compiled_parent._render(context)
           ~~~~~~~~~~~~~~~~~~~~~~~^^^^^^^^^
  File "C:\abay_repository\venv\Lib\site-packages\django\template\base.py", line 163, in _render
    return self.nodelist.render(context)
           ~~~~~~~~~~~~~~~~~~~~^^^^^^^^^
  File "C:\abay_repository\venv\Lib\site-packages\django\template\base.py", line 1000, in render
    return SafeString("".join([node.render_annotated(context) for node in self]))
                               ~~~~~~~~~~~~~~~~~~~~~^^^^^^^^^
  File "C:\abay_repository\venv\Lib\site-packages\django\template\base.py", line 961, in render_annotated
    return self.render(context)
           ~~~~~~~~~~~^^^^^^^^^
  File "C:\abay_repository\venv\Lib\site-packages\django\template\loader_tags.py", line 65, in render
    result = block.nodelist.render(context)
  File "C:\abay_repository\venv\Lib\site-packages\django\template\base.py", line 1000, in render
    return SafeString("".join([node.render_annotated(context) for node in self]))
                               ~~~~~~~~~~~~~~~~~~~~~^^^^^^^^^
  File "C:\abay_repository\venv\Lib\site-packages\django\template\base.py", line 961, in render_annotated
    return self.render(context)
           ~~~~~~~~~~~^^^^^^^^^
  File "C:\abay_repository\venv\Lib\site-packages\django\template\loader_tags.py", line 65, in render
    result = block.nodelist.render(context)
  File "C:\abay_repository\venv\Lib\site-packages\django\template\base.py", line 1000, in render
    return SafeString("".join([node.render_annotated(context) for node in self]))
                               ~~~~~~~~~~~~~~~~~~~~~^^^^^^^^^
  File "C:\abay_repository\venv\Lib\site-packages\django\template\base.py", line 961, in render_annotated
    return self.render(context)
           ~~~~~~~~~~~^^^^^^^^^
  File "C:\abay_repository\venv\Lib\site-packages\django\template\loader_tags.py", line 65, in render
    result = block.nodelist.render(context)
  File "C:\abay_repository\venv\Lib\site-packages\django\template\base.py", line 1000, in render
    return SafeString("".join([node.render_annotated(context) for node in self]))
                               ~~~~~~~~~~~~~~~~~~~~~^^^^^^^^^
  File "C:\abay_repository\venv\Lib\site-packages\django\template\base.py", line 961, in render_annotated
    return self.render(context)
           ~~~~~~~~~~~^^^^^^^^^
  File "C:\abay_repository\venv\Lib\site-packages\django\contrib\admin\templatetags\base.py", line 45, in render
    return super().render(context)
           ~~~~~~~~~~~~~~^^^^^^^^^
  File "C:\abay_repository\venv\Lib\site-packages\django\template\library.py", line 278, in render
    return t.render(new_context)
           ~~~~~~~~^^^^^^^^^^^^^
  File "C:\abay_repository\venv\Lib\site-packages\django\template\base.py", line 167, in render
    with context.render_context.push_state(self):
         ^^^^^^^^^^^^^^^^^^^^^^
AttributeError: 'PatchedRequestContext' object has no attribute 'render_context'
"GET /admin/books/book/ HTTP/1.1" 500 416461
"GET /admin/books/book/ HTTP/1.1" 500 416461
"GET /admin/login/?next=/admin/books/book/ HTTP/1.1" 302 0
"GET /admin/login/?next=/admin/books/book/ HTTP/1.1" 302 0
"GET /admin/ HTTP/1.1" 200 11932
"GET /admin/ HTTP/1.1" 200 11932
Internal Server Error: /admin/accounts/authorprofile/add/
Traceback (most recent call last):
  File "C:\abay_repository\venv\Lib\site-packages\django\core\handlers\exception.py", line 55, in inner
    response = get_response(request)
  File "C:\abay_repository\venv\Lib\site-packages\django\core\handlers\base.py", line 220, in _get_response
    response = response.render()
  File "C:\abay_repository\venv\Lib\site-packages\django\template\response.py", line 114, in render
    self.content = self.rendered_content
                   ^^^^^^^^^^^^^^^^^^^^^
  File "C:\abay_repository\venv\Lib\site-packages\django\template\response.py", line 92, in rendered_content
    return template.render(context, self._request)
           ~~~~~~~~~~~~~~~^^^^^^^^^^^^^^^^^^^^^^^^
  File "C:\abay_repository\venv\Lib\site-packages\django\template\backends\django.py", line 61, in render
    return self.template.render(context)
           ~~~~~~~~~~~~~~~~~~~~^^^^^^^^^
  File "C:\abay_repository\venv\Lib\site-packages\django\template\base.py", line 171, in render
    return self._render(context)
           ~~~~~~~~~~~~^^^^^^^^^
  File "C:\abay_repository\venv\Lib\site-packages\django\template\base.py", line 163, in _render
    return self.nodelist.render(context)
           ~~~~~~~~~~~~~~~~~~~~^^^^^^^^^
  File "C:\abay_repository\venv\Lib\site-packages\django\template\base.py", line 1000, in render
    return SafeString("".join([node.render_annotated(context) for node in self]))
                               ~~~~~~~~~~~~~~~~~~~~~^^^^^^^^^
  File "C:\abay_repository\venv\Lib\site-packages\django\template\base.py", line 961, in render_annotated
    return self.render(context)
           ~~~~~~~~~~~^^^^^^^^^
  File "C:\abay_repository\venv\Lib\site-packages\django\template\loader_tags.py", line 159, in render
    return compiled_parent._render(context)
           ~~~~~~~~~~~~~~~~~~~~~~~^^^^^^^^^
  File "C:\abay_repository\venv\Lib\site-packages\django\template\base.py", line 163, in _render
    return self.nodelist.render(context)
           ~~~~~~~~~~~~~~~~~~~~^^^^^^^^^
  File "C:\abay_repository\venv\Lib\site-packages\django\template\base.py", line 1000, in render
    return SafeString("".join([node.render_annotated(context) for node in self]))
                               ~~~~~~~~~~~~~~~~~~~~~^^^^^^^^^
  File "C:\abay_repository\venv\Lib\site-packages\django\template\base.py", line 961, in render_annotated
    return self.render(context)
           ~~~~~~~~~~~^^^^^^^^^
  File "C:\abay_repository\venv\Lib\site-packages\django\template\loader_tags.py", line 159, in render
    return compiled_parent._render(context)
           ~~~~~~~~~~~~~~~~~~~~~~~^^^^^^^^^
  File "C:\abay_repository\venv\Lib\site-packages\django\template\base.py", line 163, in _render
    return self.nodelist.render(context)
           ~~~~~~~~~~~~~~~~~~~~^^^^^^^^^
  File "C:\abay_repository\venv\Lib\site-packages\django\template\base.py", line 1000, in render
    return SafeString("".join([node.render_annotated(context) for node in self]))
                               ~~~~~~~~~~~~~~~~~~~~~^^^^^^^^^
  File "C:\abay_repository\venv\Lib\site-packages\django\template\base.py", line 961, in render_annotated
    return self.render(context)
           ~~~~~~~~~~~^^^^^^^^^
  File "C:\abay_repository\venv\Lib\site-packages\django\template\loader_tags.py", line 65, in render
    result = block.nodelist.render(context)
  File "C:\abay_repository\venv\Lib\site-packages\django\template\base.py", line 1000, in render
    return SafeString("".join([node.render_annotated(context) for node in self]))
                               ~~~~~~~~~~~~~~~~~~~~~^^^^^^^^^
  File "C:\abay_repository\venv\Lib\site-packages\django\template\base.py", line 961, in render_annotated
    return self.render(context)
           ~~~~~~~~~~~^^^^^^^^^
  File "C:\abay_repository\venv\Lib\site-packages\django\template\loader_tags.py", line 65, in render
    result = block.nodelist.render(context)
  File "C:\abay_repository\venv\Lib\site-packages\django\template\base.py", line 1000, in render
    return SafeString("".join([node.render_annotated(context) for node in self]))
                               ~~~~~~~~~~~~~~~~~~~~~^^^^^^^^^
  File "C:\abay_repository\venv\Lib\site-packages\django\template\base.py", line 961, in render_annotated
    return self.render(context)
           ~~~~~~~~~~~^^^^^^^^^
  File "C:\abay_repository\venv\Lib\site-packages\django\contrib\admin\templatetags\base.py", line 45, in render
    return super().render(context)
           ~~~~~~~~~~~~~~^^^^^^^^^
  File "C:\abay_repository\venv\Lib\site-packages\django\template\library.py", line 278, in render
    return t.render(new_context)
           ~~~~~~~~^^^^^^^^^^^^^
  File "C:\abay_repository\venv\Lib\site-packages\django\template\base.py", line 167, in render
    with context.render_context.push_state(self):
         ^^^^^^^^^^^^^^^^^^^^^^
AttributeError: 'PatchedRequestContext' object has no attribute 'render_context'
Internal Server Error: /admin/accounts/authorprofile/add/
Traceback (most recent call last):
  File "C:\abay_repository\venv\Lib\site-packages\django\core\handlers\exception.py", line 55, in inner
    response = get_response(request)
  File "C:\abay_repository\venv\Lib\site-packages\django\core\handlers\base.py", line 220, in _get_response
    response = response.render()
  File "C:\abay_repository\venv\Lib\site-packages\django\template\response.py", line 114, in render
    self.content = self.rendered_content
                   ^^^^^^^^^^^^^^^^^^^^^
  File "C:\abay_repository\venv\Lib\site-packages\django\template\response.py", line 92, in rendered_content
    return template.render(context, self._request)
           ~~~~~~~~~~~~~~~^^^^^^^^^^^^^^^^^^^^^^^^
  File "C:\abay_repository\venv\Lib\site-packages\django\template\backends\django.py", line 61, in render
    return self.template.render(context)
           ~~~~~~~~~~~~~~~~~~~~^^^^^^^^^
  File "C:\abay_repository\venv\Lib\site-packages\django\template\base.py", line 171, in render
    return self._render(context)
           ~~~~~~~~~~~~^^^^^^^^^
  File "C:\abay_repository\venv\Lib\site-packages\django\template\base.py", line 163, in _render
    return self.nodelist.render(context)
           ~~~~~~~~~~~~~~~~~~~~^^^^^^^^^
  File "C:\abay_repository\venv\Lib\site-packages\django\template\base.py", line 1000, in render
    return SafeString("".join([node.render_annotated(context) for node in self]))
                               ~~~~~~~~~~~~~~~~~~~~~^^^^^^^^^
  File "C:\abay_repository\venv\Lib\site-packages\django\template\base.py", line 961, in render_annotated
    return self.render(context)
           ~~~~~~~~~~~^^^^^^^^^
  File "C:\abay_repository\venv\Lib\site-packages\django\template\loader_tags.py", line 159, in render
    return compiled_parent._render(context)
           ~~~~~~~~~~~~~~~~~~~~~~~^^^^^^^^^
  File "C:\abay_repository\venv\Lib\site-packages\django\template\base.py", line 163, in _render
    return self.nodelist.render(context)
           ~~~~~~~~~~~~~~~~~~~~^^^^^^^^^
  File "C:\abay_repository\venv\Lib\site-packages\django\template\base.py", line 1000, in render
    return SafeString("".join([node.render_annotated(context) for node in self]))
                               ~~~~~~~~~~~~~~~~~~~~~^^^^^^^^^
  File "C:\abay_repository\venv\Lib\site-packages\django\template\base.py", line 961, in render_annotated
    return self.render(context)
           ~~~~~~~~~~~^^^^^^^^^
  File "C:\abay_repository\venv\Lib\site-packages\django\template\loader_tags.py", line 159, in render
    return compiled_parent._render(context)
           ~~~~~~~~~~~~~~~~~~~~~~~^^^^^^^^^
  File "C:\abay_repository\venv\Lib\site-packages\django\template\base.py", line 163, in _render
    return self.nodelist.render(context)
           ~~~~~~~~~~~~~~~~~~~~^^^^^^^^^
  File "C:\abay_repository\venv\Lib\site-packages\django\template\base.py", line 1000, in render
    return SafeString("".join([node.render_annotated(context) for node in self]))
                               ~~~~~~~~~~~~~~~~~~~~~^^^^^^^^^
  File "C:\abay_repository\venv\Lib\site-packages\django\template\base.py", line 961, in render_annotated
    return self.render(context)
           ~~~~~~~~~~~^^^^^^^^^
  File "C:\abay_repository\venv\Lib\site-packages\django\template\loader_tags.py", line 65, in render
    result = block.nodelist.render(context)
  File "C:\abay_repository\venv\Lib\site-packages\django\template\base.py", line 1000, in render
    return SafeString("".join([node.render_annotated(context) for node in self]))
                               ~~~~~~~~~~~~~~~~~~~~~^^^^^^^^^
  File "C:\abay_repository\venv\Lib\site-packages\django\template\base.py", line 961, in render_annotated
    return self.render(context)
           ~~~~~~~~~~~^^^^^^^^^
  File "C:\abay_repository\venv\Lib\site-packages\django\template\loader_tags.py", line 65, in render
    result = block.nodelist.render(context)
  File "C:\abay_repository\venv\Lib\site-packages\django\template\base.py", line 1000, in render
    return SafeString("".join([node.render_annotated(context) for node in self]))
                               ~~~~~~~~~~~~~~~~~~~~~^^^^^^^^^
  File "C:\abay_repository\venv\Lib\site-packages\django\template\base.py", line 961, in render_annotated
    return self.render(context)
           ~~~~~~~~~~~^^^^^^^^^
  File "C:\abay_repository\venv\Lib\site-packages\django\contrib\admin\templatetags\base.py", line 45, in render
    return super().render(context)
           ~~~~~~~~~~~~~~^^^^^^^^^
  File "C:\abay_repository\venv\Lib\site-packages\django\template\library.py", line 278, in render
    return t.render(new_context)
           ~~~~~~~~^^^^^^^^^^^^^
  File "C:\abay_repository\venv\Lib\site-packages\django\template\base.py", line 167, in render
    with context.render_context.push_state(self):
         ^^^^^^^^^^^^^^^^^^^^^^
AttributeError: 'PatchedRequestContext' object has no attribute 'render_context'
"GET /admin/accounts/authorprofile/add/ HTTP/1.1" 500 376683
"GET /admin/accounts/authorprofile/add/ HTTP/1.1" 500 376683
"GET /admin/ HTTP/1.1" 200 11932
"GET /admin/ HTTP/1.1" 200 11932
Internal Server Error: /admin/accounts/customuser/add/
Traceback (most recent call last):
  File "C:\abay_repository\venv\Lib\site-packages\django\core\handlers\exception.py", line 55, in inner
    response = get_response(request)
  File "C:\abay_repository\venv\Lib\site-packages\django\core\handlers\base.py", line 220, in _get_response
    response = response.render()
  File "C:\abay_repository\venv\Lib\site-packages\django\template\response.py", line 114, in render
    self.content = self.rendered_content
                   ^^^^^^^^^^^^^^^^^^^^^
  File "C:\abay_repository\venv\Lib\site-packages\django\template\response.py", line 92, in rendered_content
    return template.render(context, self._request)
           ~~~~~~~~~~~~~~~^^^^^^^^^^^^^^^^^^^^^^^^
  File "C:\abay_repository\venv\Lib\site-packages\django\template\backends\django.py", line 61, in render
    return self.template.render(context)
           ~~~~~~~~~~~~~~~~~~~~^^^^^^^^^
  File "C:\abay_repository\venv\Lib\site-packages\django\template\base.py", line 171, in render
    return self._render(context)
           ~~~~~~~~~~~~^^^^^^^^^
  File "C:\abay_repository\venv\Lib\site-packages\django\template\base.py", line 163, in _render
    return self.nodelist.render(context)
           ~~~~~~~~~~~~~~~~~~~~^^^^^^^^^
  File "C:\abay_repository\venv\Lib\site-packages\django\template\base.py", line 1000, in render
    return SafeString("".join([node.render_annotated(context) for node in self]))
                               ~~~~~~~~~~~~~~~~~~~~~^^^^^^^^^
  File "C:\abay_repository\venv\Lib\site-packages\django\template\base.py", line 961, in render_annotated
    return self.render(context)
           ~~~~~~~~~~~^^^^^^^^^
  File "C:\abay_repository\venv\Lib\site-packages\django\template\loader_tags.py", line 159, in render
    return compiled_parent._render(context)
           ~~~~~~~~~~~~~~~~~~~~~~~^^^^^^^^^
  File "C:\abay_repository\venv\Lib\site-packages\django\template\base.py", line 163, in _render
    return self.nodelist.render(context)
           ~~~~~~~~~~~~~~~~~~~~^^^^^^^^^
  File "C:\abay_repository\venv\Lib\site-packages\django\template\base.py", line 1000, in render
    return SafeString("".join([node.render_annotated(context) for node in self]))
                               ~~~~~~~~~~~~~~~~~~~~~^^^^^^^^^
  File "C:\abay_repository\venv\Lib\site-packages\django\template\base.py", line 961, in render_annotated
    return self.render(context)
           ~~~~~~~~~~~^^^^^^^^^
  File "C:\abay_repository\venv\Lib\site-packages\django\template\loader_tags.py", line 159, in render
    return compiled_parent._render(context)
           ~~~~~~~~~~~~~~~~~~~~~~~^^^^^^^^^
  File "C:\abay_repository\venv\Lib\site-packages\django\template\base.py", line 163, in _render
    return self.nodelist.render(context)
           ~~~~~~~~~~~~~~~~~~~~^^^^^^^^^
  File "C:\abay_repository\venv\Lib\site-packages\django\template\base.py", line 1000, in render
    return SafeString("".join([node.render_annotated(context) for node in self]))
                               ~~~~~~~~~~~~~~~~~~~~~^^^^^^^^^
  File "C:\abay_repository\venv\Lib\site-packages\django\template\base.py", line 961, in render_annotated
    return self.render(context)
           ~~~~~~~~~~~^^^^^^^^^
  File "C:\abay_repository\venv\Lib\site-packages\django\template\loader_tags.py", line 159, in render
    return compiled_parent._render(context)
           ~~~~~~~~~~~~~~~~~~~~~~~^^^^^^^^^
  File "C:\abay_repository\venv\Lib\site-packages\django\template\base.py", line 163, in _render
    return self.nodelist.render(context)
           ~~~~~~~~~~~~~~~~~~~~^^^^^^^^^
  File "C:\abay_repository\venv\Lib\site-packages\django\template\base.py", line 1000, in render
    return SafeString("".join([node.render_annotated(context) for node in self]))
                               ~~~~~~~~~~~~~~~~~~~~~^^^^^^^^^
  File "C:\abay_repository\venv\Lib\site-packages\django\template\base.py", line 961, in render_annotated
    return self.render(context)
           ~~~~~~~~~~~^^^^^^^^^
  File "C:\abay_repository\venv\Lib\site-packages\django\template\loader_tags.py", line 65, in render
    result = block.nodelist.render(context)
  File "C:\abay_repository\venv\Lib\site-packages\django\template\base.py", line 1000, in render
    return SafeString("".join([node.render_annotated(context) for node in self]))
                               ~~~~~~~~~~~~~~~~~~~~~^^^^^^^^^
  File "C:\abay_repository\venv\Lib\site-packages\django\template\base.py", line 961, in render_annotated
    return self.render(context)
           ~~~~~~~~~~~^^^^^^^^^
  File "C:\abay_repository\venv\Lib\site-packages\django\template\loader_tags.py", line 65, in render
    result = block.nodelist.render(context)
  File "C:\abay_repository\venv\Lib\site-packages\django\template\base.py", line 1000, in render
    return SafeString("".join([node.render_annotated(context) for node in self]))
                               ~~~~~~~~~~~~~~~~~~~~~^^^^^^^^^
  File "C:\abay_repository\venv\Lib\site-packages\django\template\base.py", line 961, in render_annotated
    return self.render(context)
           ~~~~~~~~~~~^^^^^^^^^
  File "C:\abay_repository\venv\Lib\site-packages\django\contrib\admin\templatetags\base.py", line 45, in render
    return super().render(context)
           ~~~~~~~~~~~~~~^^^^^^^^^
  File "C:\abay_repository\venv\Lib\site-packages\django\template\library.py", line 278, in render
    return t.render(new_context)
           ~~~~~~~~^^^^^^^^^^^^^
  File "C:\abay_repository\venv\Lib\site-packages\django\template\base.py", line 167, in render
    with context.render_context.push_state(self):
         ^^^^^^^^^^^^^^^^^^^^^^
AttributeError: 'PatchedRequestContext' object has no attribute 'render_context'
Internal Server Error: /admin/accounts/customuser/add/
Traceback (most recent call last):
  File "C:\abay_repository\venv\Lib\site-packages\django\core\handlers\exception.py", line 55, in inner
    response = get_response(request)
  File "C:\abay_repository\venv\Lib\site-packages\django\core\handlers\base.py", line 220, in _get_response
    response = response.render()
  File "C:\abay_repository\venv\Lib\site-packages\django\template\response.py", line 114, in render
    self.content = self.rendered_content
                   ^^^^^^^^^^^^^^^^^^^^^
  File "C:\abay_repository\venv\Lib\site-packages\django\template\response.py", line 92, in rendered_content
    return template.render(context, self._request)
           ~~~~~~~~~~~~~~~^^^^^^^^^^^^^^^^^^^^^^^^
  File "C:\abay_repository\venv\Lib\site-packages\django\template\backends\django.py", line 61, in render
    return self.template.render(context)
           ~~~~~~~~~~~~~~~~~~~~^^^^^^^^^
  File "C:\abay_repository\venv\Lib\site-packages\django\template\base.py", line 171, in render
    return self._render(context)
           ~~~~~~~~~~~~^^^^^^^^^
  File "C:\abay_repository\venv\Lib\site-packages\django\template\base.py", line 163, in _render
    return self.nodelist.render(context)
           ~~~~~~~~~~~~~~~~~~~~^^^^^^^^^
  File "C:\abay_repository\venv\Lib\site-packages\django\template\base.py", line 1000, in render
    return SafeString("".join([node.render_annotated(context) for node in self]))
                               ~~~~~~~~~~~~~~~~~~~~~^^^^^^^^^
  File "C:\abay_repository\venv\Lib\site-packages\django\template\base.py", line 961, in render_annotated
    return self.render(context)
           ~~~~~~~~~~~^^^^^^^^^
  File "C:\abay_repository\venv\Lib\site-packages\django\template\loader_tags.py", line 159, in render
    return compiled_parent._render(context)
           ~~~~~~~~~~~~~~~~~~~~~~~^^^^^^^^^
  File "C:\abay_repository\venv\Lib\site-packages\django\template\base.py", line 163, in _render
    return self.nodelist.render(context)
           ~~~~~~~~~~~~~~~~~~~~^^^^^^^^^
  File "C:\abay_repository\venv\Lib\site-packages\django\template\base.py", line 1000, in render
    return SafeString("".join([node.render_annotated(context) for node in self]))
                               ~~~~~~~~~~~~~~~~~~~~~^^^^^^^^^
  File "C:\abay_repository\venv\Lib\site-packages\django\template\base.py", line 961, in render_annotated
    return self.render(context)
           ~~~~~~~~~~~^^^^^^^^^
  File "C:\abay_repository\venv\Lib\site-packages\django\template\loader_tags.py", line 159, in render
    return compiled_parent._render(context)
           ~~~~~~~~~~~~~~~~~~~~~~~^^^^^^^^^
  File "C:\abay_repository\venv\Lib\site-packages\django\template\base.py", line 163, in _render
    return self.nodelist.render(context)
           ~~~~~~~~~~~~~~~~~~~~^^^^^^^^^
  File "C:\abay_repository\venv\Lib\site-packages\django\template\base.py", line 1000, in render
    return SafeString("".join([node.render_annotated(context) for node in self]))
                               ~~~~~~~~~~~~~~~~~~~~~^^^^^^^^^
  File "C:\abay_repository\venv\Lib\site-packages\django\template\base.py", line 961, in render_annotated
    return self.render(context)
           ~~~~~~~~~~~^^^^^^^^^
  File "C:\abay_repository\venv\Lib\site-packages\django\template\loader_tags.py", line 159, in render
    return compiled_parent._render(context)
           ~~~~~~~~~~~~~~~~~~~~~~~^^^^^^^^^
  File "C:\abay_repository\venv\Lib\site-packages\django\template\base.py", line 163, in _render
    return self.nodelist.render(context)
           ~~~~~~~~~~~~~~~~~~~~^^^^^^^^^
  File "C:\abay_repository\venv\Lib\site-packages\django\template\base.py", line 1000, in render
    return SafeString("".join([node.render_annotated(context) for node in self]))
                               ~~~~~~~~~~~~~~~~~~~~~^^^^^^^^^
  File "C:\abay_repository\venv\Lib\site-packages\django\template\base.py", line 961, in render_annotated
    return self.render(context)
           ~~~~~~~~~~~^^^^^^^^^
  File "C:\abay_repository\venv\Lib\site-packages\django\template\loader_tags.py", line 65, in render
    result = block.nodelist.render(context)
  File "C:\abay_repository\venv\Lib\site-packages\django\template\base.py", line 1000, in render
    return SafeString("".join([node.render_annotated(context) for node in self]))
                               ~~~~~~~~~~~~~~~~~~~~~^^^^^^^^^
  File "C:\abay_repository\venv\Lib\site-packages\django\template\base.py", line 961, in render_annotated
    return self.render(context)
           ~~~~~~~~~~~^^^^^^^^^
  File "C:\abay_repository\venv\Lib\site-packages\django\template\loader_tags.py", line 65, in render
    result = block.nodelist.render(context)
  File "C:\abay_repository\venv\Lib\site-packages\django\template\base.py", line 1000, in render
    return SafeString("".join([node.render_annotated(context) for node in self]))
                               ~~~~~~~~~~~~~~~~~~~~~^^^^^^^^^
  File "C:\abay_repository\venv\Lib\site-packages\django\template\base.py", line 961, in render_annotated
    return self.render(context)
           ~~~~~~~~~~~^^^^^^^^^
  File "C:\abay_repository\venv\Lib\site-packages\django\contrib\admin\templatetags\base.py", line 45, in render
    return super().render(context)
           ~~~~~~~~~~~~~~^^^^^^^^^
  File "C:\abay_repository\venv\Lib\site-packages\django\template\library.py", line 278, in render
    return t.render(new_context)
           ~~~~~~~~^^^^^^^^^^^^^
  File "C:\abay_repository\venv\Lib\site-packages\django\template\base.py", line 167, in render
    with context.render_context.push_state(self):
         ^^^^^^^^^^^^^^^^^^^^^^
AttributeError: 'PatchedRequestContext' object has no attribute 'render_context'
"GET /admin/accounts/customuser/add/ HTTP/1.1" 500 424987
"GET /admin/accounts/customuser/add/ HTTP/1.1" 500 424987
"GET /admin/ HTTP/1.1" 200 11932
"GET /admin/ HTTP/1.1" 200 11932
Internal Server Error: /admin/accounts/authorprofile/
Traceback (most recent call last):
  File "C:\abay_repository\venv\Lib\site-packages\django\core\handlers\exception.py", line 55, in inner
    response = get_response(request)
  File "C:\abay_repository\venv\Lib\site-packages\django\core\handlers\base.py", line 220, in _get_response
    response = response.render()
  File "C:\abay_repository\venv\Lib\site-packages\django\template\response.py", line 114, in render
    self.content = self.rendered_content
                   ^^^^^^^^^^^^^^^^^^^^^
  File "C:\abay_repository\venv\Lib\site-packages\django\template\response.py", line 92, in rendered_content
    return template.render(context, self._request)
           ~~~~~~~~~~~~~~~^^^^^^^^^^^^^^^^^^^^^^^^
  File "C:\abay_repository\venv\Lib\site-packages\django\template\backends\django.py", line 61, in render
    return self.template.render(context)
           ~~~~~~~~~~~~~~~~~~~~^^^^^^^^^
  File "C:\abay_repository\venv\Lib\site-packages\django\template\base.py", line 171, in render
    return self._render(context)
           ~~~~~~~~~~~~^^^^^^^^^
  File "C:\abay_repository\venv\Lib\site-packages\django\template\base.py", line 163, in _render
    return self.nodelist.render(context)
           ~~~~~~~~~~~~~~~~~~~~^^^^^^^^^
  File "C:\abay_repository\venv\Lib\site-packages\django\template\base.py", line 1000, in render
    return SafeString("".join([node.render_annotated(context) for node in self]))
                               ~~~~~~~~~~~~~~~~~~~~~^^^^^^^^^
  File "C:\abay_repository\venv\Lib\site-packages\django\template\base.py", line 961, in render_annotated
    return self.render(context)
           ~~~~~~~~~~~^^^^^^^^^
  File "C:\abay_repository\venv\Lib\site-packages\django\template\loader_tags.py", line 159, in render
    return compiled_parent._render(context)
           ~~~~~~~~~~~~~~~~~~~~~~~^^^^^^^^^
  File "C:\abay_repository\venv\Lib\site-packages\django\template\base.py", line 163, in _render
    return self.nodelist.render(context)
           ~~~~~~~~~~~~~~~~~~~~^^^^^^^^^
  File "C:\abay_repository\venv\Lib\site-packages\django\template\base.py", line 1000, in render
    return SafeString("".join([node.render_annotated(context) for node in self]))
                               ~~~~~~~~~~~~~~~~~~~~~^^^^^^^^^
  File "C:\abay_repository\venv\Lib\site-packages\django\template\base.py", line 961, in render_annotated
    return self.render(context)
           ~~~~~~~~~~~^^^^^^^^^
  File "C:\abay_repository\venv\Lib\site-packages\django\template\loader_tags.py", line 159, in render
    return compiled_parent._render(context)
           ~~~~~~~~~~~~~~~~~~~~~~~^^^^^^^^^
  File "C:\abay_repository\venv\Lib\site-packages\django\template\base.py", line 163, in _render
    return self.nodelist.render(context)
           ~~~~~~~~~~~~~~~~~~~~^^^^^^^^^
  File "C:\abay_repository\venv\Lib\site-packages\django\template\base.py", line 1000, in render
    return SafeString("".join([node.render_annotated(context) for node in self]))
                               ~~~~~~~~~~~~~~~~~~~~~^^^^^^^^^
  File "C:\abay_repository\venv\Lib\site-packages\django\template\base.py", line 961, in render_annotated
    return self.render(context)
           ~~~~~~~~~~~^^^^^^^^^
  File "C:\abay_repository\venv\Lib\site-packages\django\template\loader_tags.py", line 65, in render
    result = block.nodelist.render(context)
  File "C:\abay_repository\venv\Lib\site-packages\django\template\base.py", line 1000, in render
    return SafeString("".join([node.render_annotated(context) for node in self]))
                               ~~~~~~~~~~~~~~~~~~~~~^^^^^^^^^
  File "C:\abay_repository\venv\Lib\site-packages\django\template\base.py", line 961, in render_annotated
    return self.render(context)
           ~~~~~~~~~~~^^^^^^^^^
  File "C:\abay_repository\venv\Lib\site-packages\django\template\loader_tags.py", line 65, in render
    result = block.nodelist.render(context)
  File "C:\abay_repository\venv\Lib\site-packages\django\template\base.py", line 1000, in render
    return SafeString("".join([node.render_annotated(context) for node in self]))
                               ~~~~~~~~~~~~~~~~~~~~~^^^^^^^^^
  File "C:\abay_repository\venv\Lib\site-packages\django\template\base.py", line 961, in render_annotated
    return self.render(context)
           ~~~~~~~~~~~^^^^^^^^^
  File "C:\abay_repository\venv\Lib\site-packages\django\template\loader_tags.py", line 65, in render
    result = block.nodelist.render(context)
  File "C:\abay_repository\venv\Lib\site-packages\django\template\base.py", line 1000, in render
    return SafeString("".join([node.render_annotated(context) for node in self]))
                               ~~~~~~~~~~~~~~~~~~~~~^^^^^^^^^
  File "C:\abay_repository\venv\Lib\site-packages\django\template\base.py", line 961, in render_annotated
    return self.render(context)
           ~~~~~~~~~~~^^^^^^^^^
  File "C:\abay_repository\venv\Lib\site-packages\django\contrib\admin\templatetags\base.py", line 45, in render
    return super().render(context)
           ~~~~~~~~~~~~~~^^^^^^^^^
  File "C:\abay_repository\venv\Lib\site-packages\django\template\library.py", line 278, in render
    return t.render(new_context)
           ~~~~~~~~^^^^^^^^^^^^^
  File "C:\abay_repository\venv\Lib\site-packages\django\template\base.py", line 167, in render
    with context.render_context.push_state(self):
         ^^^^^^^^^^^^^^^^^^^^^^
AttributeError: 'PatchedRequestContext' object has no attribute 'render_context'
Internal Server Error: /admin/accounts/authorprofile/
Traceback (most recent call last):
  File "C:\abay_repository\venv\Lib\site-packages\django\core\handlers\exception.py", line 55, in inner
    response = get_response(request)
  File "C:\abay_repository\venv\Lib\site-packages\django\core\handlers\base.py", line 220, in _get_response
    response = response.render()
  File "C:\abay_repository\venv\Lib\site-packages\django\template\response.py", line 114, in render
    self.content = self.rendered_content
                   ^^^^^^^^^^^^^^^^^^^^^
  File "C:\abay_repository\venv\Lib\site-packages\django\template\response.py", line 92, in rendered_content
    return template.render(context, self._request)
           ~~~~~~~~~~~~~~~^^^^^^^^^^^^^^^^^^^^^^^^
  File "C:\abay_repository\venv\Lib\site-packages\django\template\backends\django.py", line 61, in render
    return self.template.render(context)
           ~~~~~~~~~~~~~~~~~~~~^^^^^^^^^
  File "C:\abay_repository\venv\Lib\site-packages\django\template\base.py", line 171, in render
    return self._render(context)
           ~~~~~~~~~~~~^^^^^^^^^
  File "C:\abay_repository\venv\Lib\site-packages\django\template\base.py", line 163, in _render
    return self.nodelist.render(context)
           ~~~~~~~~~~~~~~~~~~~~^^^^^^^^^
  File "C:\abay_repository\venv\Lib\site-packages\django\template\base.py", line 1000, in render
    return SafeString("".join([node.render_annotated(context) for node in self]))
                               ~~~~~~~~~~~~~~~~~~~~~^^^^^^^^^
  File "C:\abay_repository\venv\Lib\site-packages\django\template\base.py", line 961, in render_annotated
    return self.render(context)
           ~~~~~~~~~~~^^^^^^^^^
  File "C:\abay_repository\venv\Lib\site-packages\django\template\loader_tags.py", line 159, in render
    return compiled_parent._render(context)
           ~~~~~~~~~~~~~~~~~~~~~~~^^^^^^^^^
  File "C:\abay_repository\venv\Lib\site-packages\django\template\base.py", line 163, in _render
    return self.nodelist.render(context)
           ~~~~~~~~~~~~~~~~~~~~^^^^^^^^^
  File "C:\abay_repository\venv\Lib\site-packages\django\template\base.py", line 1000, in render
    return SafeString("".join([node.render_annotated(context) for node in self]))
                               ~~~~~~~~~~~~~~~~~~~~~^^^^^^^^^
  File "C:\abay_repository\venv\Lib\site-packages\django\template\base.py", line 961, in render_annotated
    return self.render(context)
           ~~~~~~~~~~~^^^^^^^^^
  File "C:\abay_repository\venv\Lib\site-packages\django\template\loader_tags.py", line 159, in render
    return compiled_parent._render(context)
           ~~~~~~~~~~~~~~~~~~~~~~~^^^^^^^^^
  File "C:\abay_repository\venv\Lib\site-packages\django\template\base.py", line 163, in _render
    return self.nodelist.render(context)
           ~~~~~~~~~~~~~~~~~~~~^^^^^^^^^
  File "C:\abay_repository\venv\Lib\site-packages\django\template\base.py", line 1000, in render
    return SafeString("".join([node.render_annotated(context) for node in self]))
                               ~~~~~~~~~~~~~~~~~~~~~^^^^^^^^^
  File "C:\abay_repository\venv\Lib\site-packages\django\template\base.py", line 961, in render_annotated
    return self.render(context)
           ~~~~~~~~~~~^^^^^^^^^
  File "C:\abay_repository\venv\Lib\site-packages\django\template\loader_tags.py", line 65, in render
    result = block.nodelist.render(context)
  File "C:\abay_repository\venv\Lib\site-packages\django\template\base.py", line 1000, in render
    return SafeString("".join([node.render_annotated(context) for node in self]))
                               ~~~~~~~~~~~~~~~~~~~~~^^^^^^^^^
  File "C:\abay_repository\venv\Lib\site-packages\django\template\base.py", line 961, in render_annotated
    return self.render(context)
           ~~~~~~~~~~~^^^^^^^^^
  File "C:\abay_repository\venv\Lib\site-packages\django\template\loader_tags.py", line 65, in render
    result = block.nodelist.render(context)
  File "C:\abay_repository\venv\Lib\site-packages\django\template\base.py", line 1000, in render
    return SafeString("".join([node.render_annotated(context) for node in self]))
                               ~~~~~~~~~~~~~~~~~~~~~^^^^^^^^^
  File "C:\abay_repository\venv\Lib\site-packages\django\template\base.py", line 961, in render_annotated
    return self.render(context)
           ~~~~~~~~~~~^^^^^^^^^
  File "C:\abay_repository\venv\Lib\site-packages\django\template\loader_tags.py", line 65, in render
    result = block.nodelist.render(context)
  File "C:\abay_repository\venv\Lib\site-packages\django\template\base.py", line 1000, in render
    return SafeString("".join([node.render_annotated(context) for node in self]))
                               ~~~~~~~~~~~~~~~~~~~~~^^^^^^^^^
  File "C:\abay_repository\venv\Lib\site-packages\django\template\base.py", line 961, in render_annotated
    return self.render(context)
           ~~~~~~~~~~~^^^^^^^^^
  File "C:\abay_repository\venv\Lib\site-packages\django\contrib\admin\templatetags\base.py", line 45, in render
    return super().render(context)
           ~~~~~~~~~~~~~~^^^^^^^^^
  File "C:\abay_repository\venv\Lib\site-packages\django\template\library.py", line 278, in render
    return t.render(new_context)
           ~~~~~~~~^^^^^^^^^^^^^
  File "C:\abay_repository\venv\Lib\site-packages\django\template\base.py", line 167, in render
    with context.render_context.push_state(self):
         ^^^^^^^^^^^^^^^^^^^^^^
AttributeError: 'PatchedRequestContext' object has no attribute 'render_context'
"GET /admin/accounts/authorprofile/ HTTP/1.1" 500 416435
"GET /admin/accounts/authorprofile/ HTTP/1.1" 500 416435
"GET /admin/ HTTP/1.1" 200 11932
"GET /admin/ HTTP/1.1" 200 11932
"GET /dashboard/admin/ HTTP/1.1" 200 48614
"GET /dashboard/admin/ HTTP/1.1" 200 48614
Internal Server Error: /admin/books/book/
Traceback (most recent call last):
  File "C:\abay_repository\venv\Lib\site-packages\django\core\handlers\exception.py", line 55, in inner
    response = get_response(request)
  File "C:\abay_repository\venv\Lib\site-packages\django\core\handlers\base.py", line 220, in _get_response
    response = response.render()
  File "C:\abay_repository\venv\Lib\site-packages\django\template\response.py", line 114, in render
    self.content = self.rendered_content
                   ^^^^^^^^^^^^^^^^^^^^^
  File "C:\abay_repository\venv\Lib\site-packages\django\template\response.py", line 92, in rendered_content
    return template.render(context, self._request)
           ~~~~~~~~~~~~~~~^^^^^^^^^^^^^^^^^^^^^^^^
  File "C:\abay_repository\venv\Lib\site-packages\django\template\backends\django.py", line 61, in render
    return self.template.render(context)
           ~~~~~~~~~~~~~~~~~~~~^^^^^^^^^
  File "C:\abay_repository\venv\Lib\site-packages\django\template\base.py", line 171, in render
    return self._render(context)
           ~~~~~~~~~~~~^^^^^^^^^
  File "C:\abay_repository\venv\Lib\site-packages\django\template\base.py", line 163, in _render
    return self.nodelist.render(context)
           ~~~~~~~~~~~~~~~~~~~~^^^^^^^^^
  File "C:\abay_repository\venv\Lib\site-packages\django\template\base.py", line 1000, in render
    return SafeString("".join([node.render_annotated(context) for node in self]))
                               ~~~~~~~~~~~~~~~~~~~~~^^^^^^^^^
  File "C:\abay_repository\venv\Lib\site-packages\django\template\base.py", line 961, in render_annotated
    return self.render(context)
           ~~~~~~~~~~~^^^^^^^^^
  File "C:\abay_repository\venv\Lib\site-packages\django\template\loader_tags.py", line 159, in render
    return compiled_parent._render(context)
           ~~~~~~~~~~~~~~~~~~~~~~~^^^^^^^^^
  File "C:\abay_repository\venv\Lib\site-packages\django\template\base.py", line 163, in _render
    return self.nodelist.render(context)
           ~~~~~~~~~~~~~~~~~~~~^^^^^^^^^
  File "C:\abay_repository\venv\Lib\site-packages\django\template\base.py", line 1000, in render
    return SafeString("".join([node.render_annotated(context) for node in self]))
                               ~~~~~~~~~~~~~~~~~~~~~^^^^^^^^^
  File "C:\abay_repository\venv\Lib\site-packages\django\template\base.py", line 961, in render_annotated
    return self.render(context)
           ~~~~~~~~~~~^^^^^^^^^
  File "C:\abay_repository\venv\Lib\site-packages\django\template\loader_tags.py", line 159, in render
    return compiled_parent._render(context)
           ~~~~~~~~~~~~~~~~~~~~~~~^^^^^^^^^
  File "C:\abay_repository\venv\Lib\site-packages\django\template\base.py", line 163, in _render
    return self.nodelist.render(context)
           ~~~~~~~~~~~~~~~~~~~~^^^^^^^^^
  File "C:\abay_repository\venv\Lib\site-packages\django\template\base.py", line 1000, in render
    return SafeString("".join([node.render_annotated(context) for node in self]))
                               ~~~~~~~~~~~~~~~~~~~~~^^^^^^^^^
  File "C:\abay_repository\venv\Lib\site-packages\django\template\base.py", line 961, in render_annotated
    return self.render(context)
           ~~~~~~~~~~~^^^^^^^^^
  File "C:\abay_repository\venv\Lib\site-packages\django\template\loader_tags.py", line 65, in render
    result = block.nodelist.render(context)
  File "C:\abay_repository\venv\Lib\site-packages\django\template\base.py", line 1000, in render
    return SafeString("".join([node.render_annotated(context) for node in self]))
                               ~~~~~~~~~~~~~~~~~~~~~^^^^^^^^^
  File "C:\abay_repository\venv\Lib\site-packages\django\template\base.py", line 961, in render_annotated
    return self.render(context)
           ~~~~~~~~~~~^^^^^^^^^
  File "C:\abay_repository\venv\Lib\site-packages\django\template\loader_tags.py", line 65, in render
    result = block.nodelist.render(context)
  File "C:\abay_repository\venv\Lib\site-packages\django\template\base.py", line 1000, in render
    return SafeString("".join([node.render_annotated(context) for node in self]))
                               ~~~~~~~~~~~~~~~~~~~~~^^^^^^^^^
  File "C:\abay_repository\venv\Lib\site-packages\django\template\base.py", line 961, in render_annotated
    return self.render(context)
           ~~~~~~~~~~~^^^^^^^^^
  File "C:\abay_repository\venv\Lib\site-packages\django\template\loader_tags.py", line 65, in render
    result = block.nodelist.render(context)
  File "C:\abay_repository\venv\Lib\site-packages\django\template\base.py", line 1000, in render
    return SafeString("".join([node.render_annotated(context) for node in self]))
                               ~~~~~~~~~~~~~~~~~~~~~^^^^^^^^^
  File "C:\abay_repository\venv\Lib\site-packages\django\template\base.py", line 961, in render_annotated
    return self.render(context)
           ~~~~~~~~~~~^^^^^^^^^
  File "C:\abay_repository\venv\Lib\site-packages\django\contrib\admin\templatetags\base.py", line 45, in render
    return super().render(context)
           ~~~~~~~~~~~~~~^^^^^^^^^
  File "C:\abay_repository\venv\Lib\site-packages\django\template\library.py", line 278, in render
    return t.render(new_context)
           ~~~~~~~~^^^^^^^^^^^^^
  File "C:\abay_repository\venv\Lib\site-packages\django\template\base.py", line 167, in render
    with context.render_context.push_state(self):
         ^^^^^^^^^^^^^^^^^^^^^^
AttributeError: 'PatchedRequestContext' object has no attribute 'render_context'
Internal Server Error: /admin/books/book/
Traceback (most recent call last):
  File "C:\abay_repository\venv\Lib\site-packages\django\core\handlers\exception.py", line 55, in inner
    response = get_response(request)
  File "C:\abay_repository\venv\Lib\site-packages\django\core\handlers\base.py", line 220, in _get_response
    response = response.render()
  File "C:\abay_repository\venv\Lib\site-packages\django\template\response.py", line 114, in render
    self.content = self.rendered_content
                   ^^^^^^^^^^^^^^^^^^^^^
  File "C:\abay_repository\venv\Lib\site-packages\django\template\response.py", line 92, in rendered_content
    return template.render(context, self._request)
           ~~~~~~~~~~~~~~~^^^^^^^^^^^^^^^^^^^^^^^^
  File "C:\abay_repository\venv\Lib\site-packages\django\template\backends\django.py", line 61, in render
    return self.template.render(context)
           ~~~~~~~~~~~~~~~~~~~~^^^^^^^^^
  File "C:\abay_repository\venv\Lib\site-packages\django\template\base.py", line 171, in render
    return self._render(context)
           ~~~~~~~~~~~~^^^^^^^^^
  File "C:\abay_repository\venv\Lib\site-packages\django\template\base.py", line 163, in _render
    return self.nodelist.render(context)
           ~~~~~~~~~~~~~~~~~~~~^^^^^^^^^
  File "C:\abay_repository\venv\Lib\site-packages\django\template\base.py", line 1000, in render
    return SafeString("".join([node.render_annotated(context) for node in self]))
                               ~~~~~~~~~~~~~~~~~~~~~^^^^^^^^^
  File "C:\abay_repository\venv\Lib\site-packages\django\template\base.py", line 961, in render_annotated
    return self.render(context)
           ~~~~~~~~~~~^^^^^^^^^
  File "C:\abay_repository\venv\Lib\site-packages\django\template\loader_tags.py", line 159, in render
    return compiled_parent._render(context)
           ~~~~~~~~~~~~~~~~~~~~~~~^^^^^^^^^
  File "C:\abay_repository\venv\Lib\site-packages\django\template\base.py", line 163, in _render
    return self.nodelist.render(context)
           ~~~~~~~~~~~~~~~~~~~~^^^^^^^^^
  File "C:\abay_repository\venv\Lib\site-packages\django\template\base.py", line 1000, in render
    return SafeString("".join([node.render_annotated(context) for node in self]))
                               ~~~~~~~~~~~~~~~~~~~~~^^^^^^^^^
  File "C:\abay_repository\venv\Lib\site-packages\django\template\base.py", line 961, in render_annotated
    return self.render(context)
           ~~~~~~~~~~~^^^^^^^^^
  File "C:\abay_repository\venv\Lib\site-packages\django\template\loader_tags.py", line 159, in render
    return compiled_parent._render(context)
           ~~~~~~~~~~~~~~~~~~~~~~~^^^^^^^^^
  File "C:\abay_repository\venv\Lib\site-packages\django\template\base.py", line 163, in _render
    return self.nodelist.render(context)
           ~~~~~~~~~~~~~~~~~~~~^^^^^^^^^
  File "C:\abay_repository\venv\Lib\site-packages\django\template\base.py", line 1000, in render
    return SafeString("".join([node.render_annotated(context) for node in self]))
                               ~~~~~~~~~~~~~~~~~~~~~^^^^^^^^^
  File "C:\abay_repository\venv\Lib\site-packages\django\template\base.py", line 961, in render_annotated
    return self.render(context)
           ~~~~~~~~~~~^^^^^^^^^
  File "C:\abay_repository\venv\Lib\site-packages\django\template\loader_tags.py", line 65, in render
    result = block.nodelist.render(context)
  File "C:\abay_repository\venv\Lib\site-packages\django\template\base.py", line 1000, in render
    return SafeString("".join([node.render_annotated(context) for node in self]))
                               ~~~~~~~~~~~~~~~~~~~~~^^^^^^^^^
  File "C:\abay_repository\venv\Lib\site-packages\django\template\base.py", line 961, in render_annotated
    return self.render(context)
           ~~~~~~~~~~~^^^^^^^^^
  File "C:\abay_repository\venv\Lib\site-packages\django\template\loader_tags.py", line 65, in render
    result = block.nodelist.render(context)
  File "C:\abay_repository\venv\Lib\site-packages\django\template\base.py", line 1000, in render
    return SafeString("".join([node.render_annotated(context) for node in self]))
                               ~~~~~~~~~~~~~~~~~~~~~^^^^^^^^^
  File "C:\abay_repository\venv\Lib\site-packages\django\template\base.py", line 961, in render_annotated
    return self.render(context)
           ~~~~~~~~~~~^^^^^^^^^
  File "C:\abay_repository\venv\Lib\site-packages\django\template\loader_tags.py", line 65, in render
    result = block.nodelist.render(context)
  File "C:\abay_repository\venv\Lib\site-packages\django\template\base.py", line 1000, in render
    return SafeString("".join([node.render_annotated(context) for node in self]))
                               ~~~~~~~~~~~~~~~~~~~~~^^^^^^^^^
  File "C:\abay_repository\venv\Lib\site-packages\django\template\base.py", line 961, in render_annotated
    return self.render(context)
           ~~~~~~~~~~~^^^^^^^^^
  File "C:\abay_repository\venv\Lib\site-packages\django\contrib\admin\templatetags\base.py", line 45, in render
    return super().render(context)
           ~~~~~~~~~~~~~~^^^^^^^^^
  File "C:\abay_repository\venv\Lib\site-packages\django\template\library.py", line 278, in render
    return t.render(new_context)
           ~~~~~~~~^^^^^^^^^^^^^
  File "C:\abay_repository\venv\Lib\site-packages\django\template\base.py", line 167, in render
    with context.render_context.push_state(self):
         ^^^^^^^^^^^^^^^^^^^^^^
AttributeError: 'PatchedRequestContext' object has no attribute 'render_context'
"GET /admin/books/book/ HTTP/1.1" 500 416304
"GET /admin/books/book/ HTTP/1.1" 500 416304
Not Found: /royalties/
Not Found: /royalties/
"GET /royalties/ HTTP/1.1" 404 3526
"GET /royalties/ HTTP/1.1" 404 3526
Not Found: /reports/
Not Found: /reports/
"GET /reports/ HTTP/1.1" 404 3630
"GET /reports/ HTTP/1.1" 404 3630
"GET / HTTP/1.1" 200 30407
"GET / HTTP/1.1" 200 30407
"GET /static/images/logo.png HTTP/1.1" 304 0
"GET /static/images/logo.png HTTP/1.1" 304 0
"GET /books/ HTTP/1.1" 200 21319
"GET /books/ HTTP/1.1" 200 21319
"GET /books/?q=microsoft+office HTTP/1.1" 200 21335
"GET /books/?q=microsoft+office HTTP/1.1" 200 21335
"GET /books/ HTTP/1.1" 200 21319
"GET /books/ HTTP/1.1" 200 21319
"GET /accounts/logout/ HTTP/1.1" 302 0
"GET /accounts/logout/ HTTP/1.1" 302 0
"GET / HTTP/1.1" 200 30606
"GET / HTTP/1.1" 200 30606
"GET /accounts/login/ HTTP/1.1" 200 18639
"GET /accounts/login/ HTTP/1.1" 200 18639
"POST /accounts/login/ HTTP/1.1" 302 0
"POST /accounts/login/ HTTP/1.1" 302 0
"GET /dashboard/author/ HTTP/1.1" 200 20719
"GET /dashboard/author/ HTTP/1.1" 200 20719
"GET /books/upload/ HTTP/1.1" 200 34701
"GET /books/upload/ HTTP/1.1" 200 34701
"GET /books/my-books/ HTTP/1.1" 200 17133
"GET /books/my-books/ HTTP/1.1" 200 17133
"GET / HTTP/1.1" 200 30945
"GET / HTTP/1.1" 200 30945
"GET /accounts/logout/ HTTP/1.1" 302 0
"GET /accounts/logout/ HTTP/1.1" 302 0
"GET / HTTP/1.1" 200 30606
"GET / HTTP/1.1" 200 30606
"GET /accounts/register/author/ HTTP/1.1" 200 38512
"GET /accounts/register/author/ HTTP/1.1" 200 38512
"GET /accounts/register/client/ HTTP/1.1" 200 35439
"GET /accounts/register/client/ HTTP/1.1" 200 35439
"GET / HTTP/1.1" 200 30284
"GET / HTTP/1.1" 200 30284
"GET / HTTP/1.1" 200 30284
"GET / HTTP/1.1" 200 30284
"GET /static/images/logo.png HTTP/1.1" 304 0
"GET /static/images/logo.png HTTP/1.1" 304 0
"GET /accounts/login/ HTTP/1.1" 200 18639
"GET /accounts/login/ HTTP/1.1" 200 18639
"POST /accounts/login/ HTTP/1.1" 302 0
"POST /accounts/login/ HTTP/1.1" 302 0
"GET /dashboard/admin/ HTTP/1.1" 200 48930
"GET /dashboard/admin/ HTTP/1.1" 200 48930
"GET /admin/ HTTP/1.1" 200 11932
"GET /admin/ HTTP/1.1" 200 11932
"GET /static/admin/css/dark_mode.css HTTP/1.1" 304 0
"GET /static/admin/css/base.css HTTP/1.1" 304 0
"GET /static/admin/css/dark_mode.css HTTP/1.1" 304 0
"GET /static/admin/css/base.css HTTP/1.1" 304 0
"GET /static/admin/css/dashboard.css HTTP/1.1" 304 0
"GET /static/admin/css/nav_sidebar.css HTTP/1.1" 304 0
"GET /static/admin/css/dashboard.css HTTP/1.1" 304 0
"GET /static/admin/css/nav_sidebar.css HTTP/1.1" 304 0
"GET /static/admin/css/responsive.css HTTP/1.1" 304 0
"GET /static/admin/js/theme.js HTTP/1.1" 304 0
"GET /static/admin/css/responsive.css HTTP/1.1" 304 0
"GET /static/admin/js/theme.js HTTP/1.1" 304 0
"GET /static/admin/js/nav_sidebar.js HTTP/1.1" 304 0
"GET /static/admin/js/nav_sidebar.js HTTP/1.1" 304 0
"GET /static/admin/img/icon-addlink.svg HTTP/1.1" 304 0
"GET /static/admin/img/icon-addlink.svg HTTP/1.1" 304 0
"GET /static/admin/img/icon-changelink.svg HTTP/1.1" 304 0
"GET /static/admin/img/icon-changelink.svg HTTP/1.1" 304 0
Internal Server Error: /admin/accounts/authorprofile/add/
Traceback (most recent call last):
  File "C:\abay_repository\venv\Lib\site-packages\django\core\handlers\exception.py", line 55, in inner
    response = get_response(request)
  File "C:\abay_repository\venv\Lib\site-packages\django\core\handlers\base.py", line 220, in _get_response
    response = response.render()
  File "C:\abay_repository\venv\Lib\site-packages\django\template\response.py", line 114, in render
    self.content = self.rendered_content
                   ^^^^^^^^^^^^^^^^^^^^^
  File "C:\abay_repository\venv\Lib\site-packages\django\template\response.py", line 92, in rendered_content
    return template.render(context, self._request)
           ~~~~~~~~~~~~~~~^^^^^^^^^^^^^^^^^^^^^^^^
  File "C:\abay_repository\venv\Lib\site-packages\django\template\backends\django.py", line 61, in render
    return self.template.render(context)
           ~~~~~~~~~~~~~~~~~~~~^^^^^^^^^
  File "C:\abay_repository\venv\Lib\site-packages\django\template\base.py", line 171, in render
    return self._render(context)
           ~~~~~~~~~~~~^^^^^^^^^
  File "C:\abay_repository\venv\Lib\site-packages\django\template\base.py", line 163, in _render
    return self.nodelist.render(context)
           ~~~~~~~~~~~~~~~~~~~~^^^^^^^^^
  File "C:\abay_repository\venv\Lib\site-packages\django\template\base.py", line 1000, in render
    return SafeString("".join([node.render_annotated(context) for node in self]))
                               ~~~~~~~~~~~~~~~~~~~~~^^^^^^^^^
  File "C:\abay_repository\venv\Lib\site-packages\django\template\base.py", line 961, in render_annotated
    return self.render(context)
           ~~~~~~~~~~~^^^^^^^^^
  File "C:\abay_repository\venv\Lib\site-packages\django\template\loader_tags.py", line 159, in render
    return compiled_parent._render(context)
           ~~~~~~~~~~~~~~~~~~~~~~~^^^^^^^^^
  File "C:\abay_repository\venv\Lib\site-packages\django\template\base.py", line 163, in _render
    return self.nodelist.render(context)
           ~~~~~~~~~~~~~~~~~~~~^^^^^^^^^
  File "C:\abay_repository\venv\Lib\site-packages\django\template\base.py", line 1000, in render
    return SafeString("".join([node.render_annotated(context) for node in self]))
                               ~~~~~~~~~~~~~~~~~~~~~^^^^^^^^^
  File "C:\abay_repository\venv\Lib\site-packages\django\template\base.py", line 961, in render_annotated
    return self.render(context)
           ~~~~~~~~~~~^^^^^^^^^
  File "C:\abay_repository\venv\Lib\site-packages\django\template\loader_tags.py", line 159, in render
    return compiled_parent._render(context)
           ~~~~~~~~~~~~~~~~~~~~~~~^^^^^^^^^
  File "C:\abay_repository\venv\Lib\site-packages\django\template\base.py", line 163, in _render
    return self.nodelist.render(context)
           ~~~~~~~~~~~~~~~~~~~~^^^^^^^^^
  File "C:\abay_repository\venv\Lib\site-packages\django\template\base.py", line 1000, in render
    return SafeString("".join([node.render_annotated(context) for node in self]))
                               ~~~~~~~~~~~~~~~~~~~~~^^^^^^^^^
  File "C:\abay_repository\venv\Lib\site-packages\django\template\base.py", line 961, in render_annotated
    return self.render(context)
           ~~~~~~~~~~~^^^^^^^^^
  File "C:\abay_repository\venv\Lib\site-packages\django\template\loader_tags.py", line 65, in render
    result = block.nodelist.render(context)
  File "C:\abay_repository\venv\Lib\site-packages\django\template\base.py", line 1000, in render
    return SafeString("".join([node.render_annotated(context) for node in self]))
                               ~~~~~~~~~~~~~~~~~~~~~^^^^^^^^^
  File "C:\abay_repository\venv\Lib\site-packages\django\template\base.py", line 961, in render_annotated
    return self.render(context)
           ~~~~~~~~~~~^^^^^^^^^
  File "C:\abay_repository\venv\Lib\site-packages\django\template\loader_tags.py", line 65, in render
    result = block.nodelist.render(context)
  File "C:\abay_repository\venv\Lib\site-packages\django\template\base.py", line 1000, in render
    return SafeString("".join([node.render_annotated(context) for node in self]))
                               ~~~~~~~~~~~~~~~~~~~~~^^^^^^^^^
  File "C:\abay_repository\venv\Lib\site-packages\django\template\base.py", line 961, in render_annotated
    return self.render(context)
           ~~~~~~~~~~~^^^^^^^^^
  File "C:\abay_repository\venv\Lib\site-packages\django\contrib\admin\templatetags\base.py", line 45, in render
    return super().render(context)
           ~~~~~~~~~~~~~~^^^^^^^^^
  File "C:\abay_repository\venv\Lib\site-packages\django\template\library.py", line 278, in render
    return t.render(new_context)
           ~~~~~~~~^^^^^^^^^^^^^
  File "C:\abay_repository\venv\Lib\site-packages\django\template\base.py", line 167, in render
    with context.render_context.push_state(self):
         ^^^^^^^^^^^^^^^^^^^^^^
AttributeError: 'PatchedRequestContext' object has no attribute 'render_context'
Internal Server Error: /admin/accounts/authorprofile/add/
Traceback (most recent call last):
  File "C:\abay_repository\venv\Lib\site-packages\django\core\handlers\exception.py", line 55, in inner
    response = get_response(request)
  File "C:\abay_repository\venv\Lib\site-packages\django\core\handlers\base.py", line 220, in _get_response
    response = response.render()
  File "C:\abay_repository\venv\Lib\site-packages\django\template\response.py", line 114, in render
    self.content = self.rendered_content
                   ^^^^^^^^^^^^^^^^^^^^^
  File "C:\abay_repository\venv\Lib\site-packages\django\template\response.py", line 92, in rendered_content
    return template.render(context, self._request)
           ~~~~~~~~~~~~~~~^^^^^^^^^^^^^^^^^^^^^^^^
  File "C:\abay_repository\venv\Lib\site-packages\django\template\backends\django.py", line 61, in render
    return self.template.render(context)
           ~~~~~~~~~~~~~~~~~~~~^^^^^^^^^
  File "C:\abay_repository\venv\Lib\site-packages\django\template\base.py", line 171, in render
    return self._render(context)
           ~~~~~~~~~~~~^^^^^^^^^
  File "C:\abay_repository\venv\Lib\site-packages\django\template\base.py", line 163, in _render
    return self.nodelist.render(context)
           ~~~~~~~~~~~~~~~~~~~~^^^^^^^^^
  File "C:\abay_repository\venv\Lib\site-packages\django\template\base.py", line 1000, in render
    return SafeString("".join([node.render_annotated(context) for node in self]))
                               ~~~~~~~~~~~~~~~~~~~~~^^^^^^^^^
  File "C:\abay_repository\venv\Lib\site-packages\django\template\base.py", line 961, in render_annotated
    return self.render(context)
           ~~~~~~~~~~~^^^^^^^^^
  File "C:\abay_repository\venv\Lib\site-packages\django\template\loader_tags.py", line 159, in render
    return compiled_parent._render(context)
           ~~~~~~~~~~~~~~~~~~~~~~~^^^^^^^^^
  File "C:\abay_repository\venv\Lib\site-packages\django\template\base.py", line 163, in _render
    return self.nodelist.render(context)
           ~~~~~~~~~~~~~~~~~~~~^^^^^^^^^
  File "C:\abay_repository\venv\Lib\site-packages\django\template\base.py", line 1000, in render
    return SafeString("".join([node.render_annotated(context) for node in self]))
                               ~~~~~~~~~~~~~~~~~~~~~^^^^^^^^^
  File "C:\abay_repository\venv\Lib\site-packages\django\template\base.py", line 961, in render_annotated
    return self.render(context)
           ~~~~~~~~~~~^^^^^^^^^
  File "C:\abay_repository\venv\Lib\site-packages\django\template\loader_tags.py", line 159, in render
    return compiled_parent._render(context)
           ~~~~~~~~~~~~~~~~~~~~~~~^^^^^^^^^
  File "C:\abay_repository\venv\Lib\site-packages\django\template\base.py", line 163, in _render
    return self.nodelist.render(context)
           ~~~~~~~~~~~~~~~~~~~~^^^^^^^^^
  File "C:\abay_repository\venv\Lib\site-packages\django\template\base.py", line 1000, in render
    return SafeString("".join([node.render_annotated(context) for node in self]))
                               ~~~~~~~~~~~~~~~~~~~~~^^^^^^^^^
  File "C:\abay_repository\venv\Lib\site-packages\django\template\base.py", line 961, in render_annotated
    return self.render(context)
           ~~~~~~~~~~~^^^^^^^^^
  File "C:\abay_repository\venv\Lib\site-packages\django\template\loader_tags.py", line 65, in render
    result = block.nodelist.render(context)
  File "C:\abay_repository\venv\Lib\site-packages\django\template\base.py", line 1000, in render
    return SafeString("".join([node.render_annotated(context) for node in self]))
                               ~~~~~~~~~~~~~~~~~~~~~^^^^^^^^^
  File "C:\abay_repository\venv\Lib\site-packages\django\template\base.py", line 961, in render_annotated
    return self.render(context)
           ~~~~~~~~~~~^^^^^^^^^
  File "C:\abay_repository\venv\Lib\site-packages\django\template\loader_tags.py", line 65, in render
    result = block.nodelist.render(context)
  File "C:\abay_repository\venv\Lib\site-packages\django\template\base.py", line 1000, in render
    return SafeString("".join([node.render_annotated(context) for node in self]))
                               ~~~~~~~~~~~~~~~~~~~~~^^^^^^^^^
  File "C:\abay_repository\venv\Lib\site-packages\django\template\base.py", line 961, in render_annotated
    return self.render(context)
           ~~~~~~~~~~~^^^^^^^^^
  File "C:\abay_repository\venv\Lib\site-packages\django\contrib\admin\templatetags\base.py", line 45, in render
    return super().render(context)
           ~~~~~~~~~~~~~~^^^^^^^^^
  File "C:\abay_repository\venv\Lib\site-packages\django\template\library.py", line 278, in render
    return t.render(new_context)
           ~~~~~~~~^^^^^^^^^^^^^
  File "C:\abay_repository\venv\Lib\site-packages\django\template\base.py", line 167, in render
    with context.render_context.push_state(self):
         ^^^^^^^^^^^^^^^^^^^^^^
AttributeError: 'PatchedRequestContext' object has no attribute 'render_context'
"GET /admin/accounts/authorprofile/add/ HTTP/1.1" 500 376683
"GET /admin/accounts/authorprofile/add/ HTTP/1.1" 500 376683
Internal Server Error: /admin/accounts/authorprofile/add/
Traceback (most recent call last):
  File "C:\abay_repository\venv\Lib\site-packages\django\core\handlers\exception.py", line 55, in inner
    response = get_response(request)
  File "C:\abay_repository\venv\Lib\site-packages\django\core\handlers\base.py", line 220, in _get_response
    response = response.render()
  File "C:\abay_repository\venv\Lib\site-packages\django\template\response.py", line 114, in render
    self.content = self.rendered_content
                   ^^^^^^^^^^^^^^^^^^^^^
  File "C:\abay_repository\venv\Lib\site-packages\django\template\response.py", line 92, in rendered_content
    return template.render(context, self._request)
           ~~~~~~~~~~~~~~~^^^^^^^^^^^^^^^^^^^^^^^^
  File "C:\abay_repository\venv\Lib\site-packages\django\template\backends\django.py", line 61, in render
    return self.template.render(context)
           ~~~~~~~~~~~~~~~~~~~~^^^^^^^^^
  File "C:\abay_repository\venv\Lib\site-packages\django\template\base.py", line 171, in render
    return self._render(context)
           ~~~~~~~~~~~~^^^^^^^^^
  File "C:\abay_repository\venv\Lib\site-packages\django\template\base.py", line 163, in _render
    return self.nodelist.render(context)
           ~~~~~~~~~~~~~~~~~~~~^^^^^^^^^
  File "C:\abay_repository\venv\Lib\site-packages\django\template\base.py", line 1000, in render
    return SafeString("".join([node.render_annotated(context) for node in self]))
                               ~~~~~~~~~~~~~~~~~~~~~^^^^^^^^^
  File "C:\abay_repository\venv\Lib\site-packages\django\template\base.py", line 961, in render_annotated
    return self.render(context)
           ~~~~~~~~~~~^^^^^^^^^
  File "C:\abay_repository\venv\Lib\site-packages\django\template\loader_tags.py", line 159, in render
    return compiled_parent._render(context)
           ~~~~~~~~~~~~~~~~~~~~~~~^^^^^^^^^
  File "C:\abay_repository\venv\Lib\site-packages\django\template\base.py", line 163, in _render
    return self.nodelist.render(context)
           ~~~~~~~~~~~~~~~~~~~~^^^^^^^^^
  File "C:\abay_repository\venv\Lib\site-packages\django\template\base.py", line 1000, in render
    return SafeString("".join([node.render_annotated(context) for node in self]))
                               ~~~~~~~~~~~~~~~~~~~~~^^^^^^^^^
  File "C:\abay_repository\venv\Lib\site-packages\django\template\base.py", line 961, in render_annotated
    return self.render(context)
           ~~~~~~~~~~~^^^^^^^^^
  File "C:\abay_repository\venv\Lib\site-packages\django\template\loader_tags.py", line 159, in render
    return compiled_parent._render(context)
           ~~~~~~~~~~~~~~~~~~~~~~~^^^^^^^^^
  File "C:\abay_repository\venv\Lib\site-packages\django\template\base.py", line 163, in _render
    return self.nodelist.render(context)
           ~~~~~~~~~~~~~~~~~~~~^^^^^^^^^
  File "C:\abay_repository\venv\Lib\site-packages\django\template\base.py", line 1000, in render
    return SafeString("".join([node.render_annotated(context) for node in self]))
                               ~~~~~~~~~~~~~~~~~~~~~^^^^^^^^^
  File "C:\abay_repository\venv\Lib\site-packages\django\template\base.py", line 961, in render_annotated
    return self.render(context)
           ~~~~~~~~~~~^^^^^^^^^
  File "C:\abay_repository\venv\Lib\site-packages\django\template\loader_tags.py", line 65, in render
    result = block.nodelist.render(context)
  File "C:\abay_repository\venv\Lib\site-packages\django\template\base.py", line 1000, in render
    return SafeString("".join([node.render_annotated(context) for node in self]))
                               ~~~~~~~~~~~~~~~~~~~~~^^^^^^^^^
  File "C:\abay_repository\venv\Lib\site-packages\django\template\base.py", line 961, in render_annotated
    return self.render(context)
           ~~~~~~~~~~~^^^^^^^^^
  File "C:\abay_repository\venv\Lib\site-packages\django\template\loader_tags.py", line 65, in render
    result = block.nodelist.render(context)
  File "C:\abay_repository\venv\Lib\site-packages\django\template\base.py", line 1000, in render
    return SafeString("".join([node.render_annotated(context) for node in self]))
                               ~~~~~~~~~~~~~~~~~~~~~^^^^^^^^^
  File "C:\abay_repository\venv\Lib\site-packages\django\template\base.py", line 961, in render_annotated
    return self.render(context)
           ~~~~~~~~~~~^^^^^^^^^
  File "C:\abay_repository\venv\Lib\site-packages\django\contrib\admin\templatetags\base.py", line 45, in render
    return super().render(context)
           ~~~~~~~~~~~~~~^^^^^^^^^
  File "C:\abay_repository\venv\Lib\site-packages\django\template\library.py", line 278, in render
    return t.render(new_context)
           ~~~~~~~~^^^^^^^^^^^^^
  File "C:\abay_repository\venv\Lib\site-packages\django\template\base.py", line 167, in render
    with context.render_context.push_state(self):
         ^^^^^^^^^^^^^^^^^^^^^^
AttributeError: 'PatchedRequestContext' object has no attribute 'render_context'
Internal Server Error: /admin/accounts/authorprofile/add/
Traceback (most recent call last):
  File "C:\abay_repository\venv\Lib\site-packages\django\core\handlers\exception.py", line 55, in inner
    response = get_response(request)
  File "C:\abay_repository\venv\Lib\site-packages\django\core\handlers\base.py", line 220, in _get_response
    response = response.render()
  File "C:\abay_repository\venv\Lib\site-packages\django\template\response.py", line 114, in render
    self.content = self.rendered_content
                   ^^^^^^^^^^^^^^^^^^^^^
  File "C:\abay_repository\venv\Lib\site-packages\django\template\response.py", line 92, in rendered_content
    return template.render(context, self._request)
           ~~~~~~~~~~~~~~~^^^^^^^^^^^^^^^^^^^^^^^^
  File "C:\abay_repository\venv\Lib\site-packages\django\template\backends\django.py", line 61, in render
    return self.template.render(context)
           ~~~~~~~~~~~~~~~~~~~~^^^^^^^^^
  File "C:\abay_repository\venv\Lib\site-packages\django\template\base.py", line 171, in render
    return self._render(context)
           ~~~~~~~~~~~~^^^^^^^^^
  File "C:\abay_repository\venv\Lib\site-packages\django\template\base.py", line 163, in _render
    return self.nodelist.render(context)
           ~~~~~~~~~~~~~~~~~~~~^^^^^^^^^
  File "C:\abay_repository\venv\Lib\site-packages\django\template\base.py", line 1000, in render
    return SafeString("".join([node.render_annotated(context) for node in self]))
                               ~~~~~~~~~~~~~~~~~~~~~^^^^^^^^^
  File "C:\abay_repository\venv\Lib\site-packages\django\template\base.py", line 961, in render_annotated
    return self.render(context)
           ~~~~~~~~~~~^^^^^^^^^
  File "C:\abay_repository\venv\Lib\site-packages\django\template\loader_tags.py", line 159, in render
    return compiled_parent._render(context)
           ~~~~~~~~~~~~~~~~~~~~~~~^^^^^^^^^
  File "C:\abay_repository\venv\Lib\site-packages\django\template\base.py", line 163, in _render
    return self.nodelist.render(context)
           ~~~~~~~~~~~~~~~~~~~~^^^^^^^^^
  File "C:\abay_repository\venv\Lib\site-packages\django\template\base.py", line 1000, in render
    return SafeString("".join([node.render_annotated(context) for node in self]))
                               ~~~~~~~~~~~~~~~~~~~~~^^^^^^^^^
  File "C:\abay_repository\venv\Lib\site-packages\django\template\base.py", line 961, in render_annotated
    return self.render(context)
           ~~~~~~~~~~~^^^^^^^^^
  File "C:\abay_repository\venv\Lib\site-packages\django\template\loader_tags.py", line 159, in render
    return compiled_parent._render(context)
           ~~~~~~~~~~~~~~~~~~~~~~~^^^^^^^^^
  File "C:\abay_repository\venv\Lib\site-packages\django\template\base.py", line 163, in _render
    return self.nodelist.render(context)
           ~~~~~~~~~~~~~~~~~~~~^^^^^^^^^
  File "C:\abay_repository\venv\Lib\site-packages\django\template\base.py", line 1000, in render
    return SafeString("".join([node.render_annotated(context) for node in self]))
                               ~~~~~~~~~~~~~~~~~~~~~^^^^^^^^^
  File "C:\abay_repository\venv\Lib\site-packages\django\template\base.py", line 961, in render_annotated
    return self.render(context)
           ~~~~~~~~~~~^^^^^^^^^
  File "C:\abay_repository\venv\Lib\site-packages\django\template\loader_tags.py", line 65, in render
    result = block.nodelist.render(context)
  File "C:\abay_repository\venv\Lib\site-packages\django\template\base.py", line 1000, in render
    return SafeString("".join([node.render_annotated(context) for node in self]))
                               ~~~~~~~~~~~~~~~~~~~~~^^^^^^^^^
  File "C:\abay_repository\venv\Lib\site-packages\django\template\base.py", line 961, in render_annotated
    return self.render(context)
           ~~~~~~~~~~~^^^^^^^^^
  File "C:\abay_repository\venv\Lib\site-packages\django\template\loader_tags.py", line 65, in render
    result = block.nodelist.render(context)
  File "C:\abay_repository\venv\Lib\site-packages\django\template\base.py", line 1000, in render
    return SafeString("".join([node.render_annotated(context) for node in self]))
                               ~~~~~~~~~~~~~~~~~~~~~^^^^^^^^^
  File "C:\abay_repository\venv\Lib\site-packages\django\template\base.py", line 961, in render_annotated
    return self.render(context)
           ~~~~~~~~~~~^^^^^^^^^
  File "C:\abay_repository\venv\Lib\site-packages\django\contrib\admin\templatetags\base.py", line 45, in render
    return super().render(context)
           ~~~~~~~~~~~~~~^^^^^^^^^
  File "C:\abay_repository\venv\Lib\site-packages\django\template\library.py", line 278, in render
    return t.render(new_context)
           ~~~~~~~~^^^^^^^^^^^^^
  File "C:\abay_repository\venv\Lib\site-packages\django\template\base.py", line 167, in render
    with context.render_context.push_state(self):
         ^^^^^^^^^^^^^^^^^^^^^^
AttributeError: 'PatchedRequestContext' object has no attribute 'render_context'
"GET /admin/accounts/authorprofile/add/ HTTP/1.1" 500 376820
"GET /admin/accounts/authorprofile/add/ HTTP/1.1" 500 376820
Watching for file changes with StatReloader
Watching for file changes with StatReloader
"GET /accounts/login/ HTTP/1.1" 200 18639
"GET /accounts/login/ HTTP/1.1" 200 18639
Not Found: /favicon.ico
Not Found: /favicon.ico
"GET /favicon.ico HTTP/1.1" 404 3639
"GET /favicon.ico HTTP/1.1" 404 3639
"POST /accounts/login/ HTTP/1.1" 302 0
"POST /accounts/login/ HTTP/1.1" 302 0
"GET /dashboard/admin/ HTTP/1.1" 200 48930
"GET /dashboard/admin/ HTTP/1.1" 200 48930
"GET /admin/ HTTP/1.1" 200 11955
"GET /admin/ HTTP/1.1" 200 11955
"GET /admin/accounts/authorprofile/add/ HTTP/1.1" 200 33688
"GET /admin/accounts/authorprofile/add/ HTTP/1.1" 200 33688
"GET /admin/jsi18n/ HTTP/1.1" 200 3343
"GET /admin/jsi18n/ HTTP/1.1" 200 3343
"GET /static/admin/css/forms.css HTTP/1.1" 200 9047
"GET /static/admin/css/forms.css HTTP/1.1" 200 9047
"GET /static/admin/js/calendar.js HTTP/1.1" 200 8466
"GET /static/admin/js/calendar.js HTTP/1.1" 200 8466
"GET /static/admin/css/widgets.css HTTP/1.1" 200 11900
"GET /static/admin/css/widgets.css HTTP/1.1" 200 11900
"GET /static/admin/js/admin/RelatedObjectLookups.js HTTP/1.1" 200 8943
"GET /static/admin/js/admin/RelatedObjectLookups.js HTTP/1.1" 200 8943
"GET /static/admin/js/urlify.js HTTP/1.1" 200 7887
"GET /static/admin/js/urlify.js HTTP/1.1" 200 7887
"GET /static/admin/js/actions.js HTTP/1.1" 200 7872
"GET /static/admin/js/actions.js HTTP/1.1" 200 7872
"GET /static/admin/js/prepopulate.js HTTP/1.1" 200 1531
"GET /static/admin/js/prepopulate.js HTTP/1.1" 200 1531
"GET /static/admin/js/vendor/jquery/jquery.js HTTP/1.1" 200 292458
"GET /static/admin/js/vendor/jquery/jquery.js HTTP/1.1" 200 292458
"GET /static/admin/img/icon-deletelink.svg HTTP/1.1" 200 392
"GET /static/admin/img/icon-deletelink.svg HTTP/1.1" 200 392
"GET /static/admin/img/icon-viewlink.svg HTTP/1.1" 200 581
"GET /static/admin/img/icon-viewlink.svg HTTP/1.1" 200 581
"GET /static/admin/js/prepopulate_init.js HTTP/1.1" 200 586
"GET /static/admin/js/prepopulate_init.js HTTP/1.1" 200 586
"GET /static/admin/js/vendor/xregexp/xregexp.js HTTP/1.1" 200 232381
"GET /static/admin/js/vendor/xregexp/xregexp.js HTTP/1.1" 200 232381
"GET /static/admin/js/jquery.init.js HTTP/1.1" 200 347
"GET /static/admin/js/jquery.init.js HTTP/1.1" 200 347
"GET /static/admin/js/core.js HTTP/1.1" 200 5682
"GET /static/admin/js/core.js HTTP/1.1" 200 5682
"GET /static/admin/js/admin/DateTimeShortcuts.js HTTP/1.1" 200 19319
"GET /static/admin/js/admin/DateTimeShortcuts.js HTTP/1.1" 200 19319
"GET /static/admin/js/change_form.js HTTP/1.1" 200 606
"GET /static/admin/js/change_form.js HTTP/1.1" 200 606
"GET /static/admin/img/search.svg HTTP/1.1" 200 458
"GET /static/admin/img/search.svg HTTP/1.1" 200 458
"GET /static/admin/img/icon-clock.svg HTTP/1.1" 200 677
"GET /static/admin/img/icon-calendar.svg HTTP/1.1" 200 1086
"GET /static/admin/img/icon-clock.svg HTTP/1.1" 200 677
"GET /static/admin/img/icon-calendar.svg HTTP/1.1" 200 1086
"GET /admin/books/book/ HTTP/1.1" 200 13792
"GET /admin/books/book/ HTTP/1.1" 200 13792
"GET /static/admin/js/admin/RelatedObjectLookups.js HTTP/1.1" 304 0
"GET /static/admin/js/core.js HTTP/1.1" 304 0
"GET /static/admin/js/jquery.init.js HTTP/1.1" 304 0
"GET /static/admin/js/admin/RelatedObjectLookups.js HTTP/1.1" 304 0
"GET /static/admin/js/core.js HTTP/1.1" 304 0
"GET /static/admin/js/jquery.init.js HTTP/1.1" 304 0
"GET /static/admin/js/vendor/jquery/jquery.js HTTP/1.1" 304 0
"GET /static/admin/js/vendor/jquery/jquery.js HTTP/1.1" 304 0
"GET /static/admin/js/urlify.js HTTP/1.1" 304 0
"GET /static/admin/js/actions.js HTTP/1.1" 304 0
"GET /static/admin/js/urlify.js HTTP/1.1" 304 0
"GET /static/admin/js/actions.js HTTP/1.1" 304 0
"GET /static/admin/css/changelists.css HTTP/1.1" 200 6566
"GET /static/admin/js/prepopulate.js HTTP/1.1" 304 0
"GET /static/admin/js/prepopulate.js HTTP/1.1" 304 0
"GET /static/admin/css/changelists.css HTTP/1.1" 200 6566
"GET /static/admin/js/vendor/xregexp/xregexp.js HTTP/1.1" 304 0
"GET /static/admin/img/search.svg HTTP/1.1" 304 0
"GET /static/admin/js/vendor/xregexp/xregexp.js HTTP/1.1" 304 0
"GET /static/admin/img/search.svg HTTP/1.1" 304 0
"GET /admin/jsi18n/ HTTP/1.1" 200 3343
"GET /admin/jsi18n/ HTTP/1.1" 200 3343
"GET /static/admin/js/filters.js HTTP/1.1" 200 978
"GET /static/admin/js/filters.js HTTP/1.1" 200 978
"GET /static/admin/img/tooltag-add.svg HTTP/1.1" 200 331
"GET /static/admin/img/tooltag-add.svg HTTP/1.1" 200 331
"GET /admin/books/genre/add/ HTTP/1.1" 200 14585
"GET /admin/books/genre/add/ HTTP/1.1" 200 14585
"GET /static/admin/css/forms.css HTTP/1.1" 304 0
"GET /static/admin/js/prepopulate_init.js HTTP/1.1" 304 0
"GET /static/admin/css/forms.css HTTP/1.1" 304 0
"GET /static/admin/js/prepopulate_init.js HTTP/1.1" 304 0
"GET /static/admin/css/widgets.css HTTP/1.1" 304 0
"GET /static/admin/css/widgets.css HTTP/1.1" 304 0
"GET /static/admin/js/change_form.js HTTP/1.1" 304 0
"GET /static/admin/js/change_form.js HTTP/1.1" 304 0
"GET /admin/jsi18n/ HTTP/1.1" 200 3343
"GET /admin/jsi18n/ HTTP/1.1" 200 3343
"GET /admin/accounts/authorprofile/add/ HTTP/1.1" 200 33688
"GET /admin/accounts/authorprofile/add/ HTTP/1.1" 200 33688
"GET /static/admin/css/forms.css HTTP/1.1" 304 0
"GET /static/admin/js/jquery.init.js HTTP/1.1" 304 0
"GET /static/admin/css/forms.css HTTP/1.1" 304 0
"GET /static/admin/js/vendor/jquery/jquery.js HTTP/1.1" 304 0
"GET /static/admin/js/admin/DateTimeShortcuts.js HTTP/1.1" 304 0
"GET /static/admin/js/jquery.init.js HTTP/1.1" 304 0
"GET /static/admin/js/calendar.js HTTP/1.1" 304 0
"GET /static/admin/js/vendor/jquery/jquery.js HTTP/1.1" 304 0
"GET /static/admin/js/admin/DateTimeShortcuts.js HTTP/1.1" 304 0
"GET /static/admin/js/calendar.js HTTP/1.1" 304 0
"GET /static/admin/js/core.js HTTP/1.1" 304 0
"GET /static/admin/js/admin/RelatedObjectLookups.js HTTP/1.1" 304 0
"GET /static/admin/js/actions.js HTTP/1.1" 304 0
"GET /static/admin/js/core.js HTTP/1.1" 304 0
"GET /static/admin/js/admin/RelatedObjectLookups.js HTTP/1.1" 304 0
"GET /static/admin/js/actions.js HTTP/1.1" 304 0
"GET /static/admin/js/urlify.js HTTP/1.1" 304 0
"GET /static/admin/js/prepopulate.js HTTP/1.1" 304 0
"GET /static/admin/js/urlify.js HTTP/1.1" 304 0
"GET /static/admin/js/prepopulate.js HTTP/1.1" 304 0
"GET /static/admin/css/widgets.css HTTP/1.1" 304 0
"GET /static/admin/js/vendor/xregexp/xregexp.js HTTP/1.1" 304 0
"GET /static/admin/img/icon-deletelink.svg HTTP/1.1" 304 0
"GET /static/admin/css/widgets.css HTTP/1.1" 304 0
"GET /admin/jsi18n/ HTTP/1.1" 200 3343
"GET /static/admin/img/icon-viewlink.svg HTTP/1.1" 304 0
"GET /static/admin/js/vendor/xregexp/xregexp.js HTTP/1.1" 304 0
"GET /static/admin/img/icon-deletelink.svg HTTP/1.1" 304 0
"GET /admin/jsi18n/ HTTP/1.1" 200 3343
"GET /static/admin/img/icon-viewlink.svg HTTP/1.1" 304 0
"GET /static/admin/js/prepopulate_init.js HTTP/1.1" 304 0
"GET /static/admin/js/prepopulate_init.js HTTP/1.1" 304 0
"GET /static/admin/js/change_form.js HTTP/1.1" 304 0
"GET /static/admin/js/change_form.js HTTP/1.1" 304 0
"GET /static/admin/img/search.svg HTTP/1.1" 304 0
"GET /static/admin/img/search.svg HTTP/1.1" 304 0
"GET /static/admin/img/icon-clock.svg HTTP/1.1" 304 0
"GET /static/admin/img/icon-calendar.svg HTTP/1.1" 304 0
"GET /static/admin/img/icon-clock.svg HTTP/1.1" 304 0
"GET /static/admin/img/icon-calendar.svg HTTP/1.1" 304 0
"GET /admin/accounts/clientprofile/add/ HTTP/1.1" 200 17213
"GET /admin/accounts/clientprofile/add/ HTTP/1.1" 200 17213
"GET /admin/jsi18n/ HTTP/1.1" 200 3343
"GET /admin/jsi18n/ HTTP/1.1" 200 3343
"GET /admin/accounts/customuser/add/ HTTP/1.1" 200 17140
"GET /admin/accounts/customuser/add/ HTTP/1.1" 200 17140
"GET /static/admin/js/vendor/jquery/jquery.js HTTP/1.1" 304 0
"GET /static/admin/js/core.js HTTP/1.1" 304 0
"GET /static/admin/js/admin/RelatedObjectLookups.js HTTP/1.1" 304 0
"GET /static/admin/css/forms.css HTTP/1.1" 304 0
"GET /static/admin/js/jquery.init.js HTTP/1.1" 304 0
"GET /static/admin/js/vendor/jquery/jquery.js HTTP/1.1" 304 0
"GET /static/admin/js/core.js HTTP/1.1" 304 0
"GET /static/admin/js/admin/RelatedObjectLookups.js HTTP/1.1" 304 0
"GET /static/admin/css/forms.css HTTP/1.1" 304 0
"GET /static/admin/js/jquery.init.js HTTP/1.1" 304 0
"GET /static/admin/js/vendor/xregexp/xregexp.js HTTP/1.1" 304 0
"GET /static/admin/js/vendor/xregexp/xregexp.js HTTP/1.1" 304 0
"GET /static/admin/js/urlify.js HTTP/1.1" 304 0
"GET /static/admin/js/prepopulate.js HTTP/1.1" 304 0
"GET /static/admin/js/actions.js HTTP/1.1" 304 0
"GET /static/admin/js/urlify.js HTTP/1.1" 304 0
"GET /static/admin/js/prepopulate.js HTTP/1.1" 304 0
"GET /static/admin/js/actions.js HTTP/1.1" 304 0
"GET /static/admin/js/prepopulate_init.js HTTP/1.1" 304 0
"GET /static/admin/css/widgets.css HTTP/1.1" 304 0
"GET /static/admin/js/prepopulate_init.js HTTP/1.1" 304 0
"GET /static/admin/css/widgets.css HTTP/1.1" 304 0
"GET /static/admin/js/change_form.js HTTP/1.1" 304 0
"GET /admin/jsi18n/ HTTP/1.1" 200 3343
"GET /static/admin/js/change_form.js HTTP/1.1" 304 0
"GET /admin/jsi18n/ HTTP/1.1" 200 3343
"GET /admin/accounts/clientprofile/add/ HTTP/1.1" 200 17213
"GET /admin/accounts/clientprofile/add/ HTTP/1.1" 200 17213
"GET /admin/jsi18n/ HTTP/1.1" 200 3343
"GET /admin/jsi18n/ HTTP/1.1" 200 3343
"GET /static/admin/img/search.svg HTTP/1.1" 304 0
"GET /static/admin/img/search.svg HTTP/1.1" 304 0
"GET /admin/accounts/authorprofile/add/ HTTP/1.1" 200 33688
"GET /admin/accounts/authorprofile/add/ HTTP/1.1" 200 33688
"GET /static/admin/js/calendar.js HTTP/1.1" 304 0
"GET /static/admin/js/calendar.js HTTP/1.1" 304 0
"GET /static/admin/js/admin/DateTimeShortcuts.js HTTP/1.1" 304 0
"GET /static/admin/img/icon-deletelink.svg HTTP/1.1" 304 0
"GET /static/admin/img/icon-viewlink.svg HTTP/1.1" 304 0
"GET /static/admin/js/admin/DateTimeShortcuts.js HTTP/1.1" 304 0
"GET /static/admin/img/icon-deletelink.svg HTTP/1.1" 304 0
"GET /static/admin/img/icon-viewlink.svg HTTP/1.1" 304 0
"GET /admin/jsi18n/ HTTP/1.1" 200 3343
"GET /admin/jsi18n/ HTTP/1.1" 200 3343
"GET /static/admin/img/icon-calendar.svg HTTP/1.1" 304 0
"GET /static/admin/img/icon-clock.svg HTTP/1.1" 304 0
"GET /static/admin/img/icon-calendar.svg HTTP/1.1" 304 0
"GET /static/admin/img/icon-clock.svg HTTP/1.1" 304 0
"GET /admin/accounts/clientprofile/add/ HTTP/1.1" 200 17213
"GET /admin/accounts/clientprofile/add/ HTTP/1.1" 200 17213
"GET /admin/accounts/customuser/add/ HTTP/1.1" 200 17140
"GET /admin/accounts/customuser/add/ HTTP/1.1" 200 17140
"GET /admin/accounts/clientprofile/add/ HTTP/1.1" 200 17213
"GET /admin/accounts/clientprofile/add/ HTTP/1.1" 200 17213
"GET /admin/books/genre/add/ HTTP/1.1" 200 14585
"GET /admin/books/genre/add/ HTTP/1.1" 200 14585
"GET /static/admin/css/forms.css HTTP/1.1" 304 0
"GET /static/admin/js/vendor/jquery/jquery.js HTTP/1.1" 304 0
"GET /static/admin/css/forms.css HTTP/1.1" 304 0
"GET /static/admin/js/admin/RelatedObjectLookups.js HTTP/1.1" 304 0
"GET /static/admin/js/jquery.init.js HTTP/1.1" 304 0
"GET /static/admin/js/core.js HTTP/1.1" 304 0
"GET /static/admin/js/vendor/jquery/jquery.js HTTP/1.1" 304 0
"GET /static/admin/js/admin/RelatedObjectLookups.js HTTP/1.1" 304 0
"GET /static/admin/js/jquery.init.js HTTP/1.1" 304 0
"GET /static/admin/js/core.js HTTP/1.1" 304 0
"GET /static/admin/js/actions.js HTTP/1.1" 304 0
"GET /static/admin/js/actions.js HTTP/1.1" 304 0
"GET /static/admin/js/urlify.js HTTP/1.1" 304 0
"GET /static/admin/js/prepopulate.js HTTP/1.1" 304 0
"GET /static/admin/js/vendor/xregexp/xregexp.js HTTP/1.1" 304 0
"GET /static/admin/js/urlify.js HTTP/1.1" 304 0
"GET /static/admin/js/prepopulate.js HTTP/1.1" 304 0
"GET /static/admin/js/vendor/xregexp/xregexp.js HTTP/1.1" 304 0
"GET /static/admin/js/prepopulate_init.js HTTP/1.1" 304 0
"GET /static/admin/css/widgets.css HTTP/1.1" 304 0
"GET /static/admin/js/prepopulate_init.js HTTP/1.1" 304 0
"GET /static/admin/css/widgets.css HTTP/1.1" 304 0
"GET /static/admin/js/change_form.js HTTP/1.1" 304 0
"GET /static/admin/js/change_form.js HTTP/1.1" 304 0
"GET /admin/jsi18n/ HTTP/1.1" 200 3343
"GET /admin/jsi18n/ HTTP/1.1" 200 3343
"GET /admin/ HTTP/1.1" 200 11955
"GET /admin/ HTTP/1.1" 200 11955
"POST /admin/logout/ HTTP/1.1" 302 0
"POST /admin/logout/ HTTP/1.1" 302 0
"GET / HTTP/1.1" 200 30284
"GET / HTTP/1.1" 200 30284
"GET /accounts/login/ HTTP/1.1" 200 18639
"GET /accounts/login/ HTTP/1.1" 200 18639
"POST /accounts/login/ HTTP/1.1" 302 0
"POST /accounts/login/ HTTP/1.1" 302 0
"GET /dashboard/author/ HTTP/1.1" 200 20719
"GET /dashboard/author/ HTTP/1.1" 200 20719
"GET /books/upload/ HTTP/1.1" 200 34701
"GET /books/upload/ HTTP/1.1" 200 34701
C:\abay_repository\books\views.py changed, reloading.
C:\abay_repository\books\views.py changed, reloading.
Watching for file changes with StatReloader
Watching for file changes with StatReloader
C:\abay_repository\books\views.py changed, reloading.
C:\abay_repository\books\views.py changed, reloading.
Watching for file changes with StatReloader
Watching for file changes with StatReloader
"GET /books/upload/ HTTP/1.1" 200 34701
"GET /books/upload/ HTTP/1.1" 200 34701
C:\abay_repository\books\urls.py changed, reloading.
C:\abay_repository\books\urls.py changed, reloading.
Watching for file changes with StatReloader
Watching for file changes with StatReloader
"GET /books/upload/ HTTP/1.1" 200 34701
"GET /books/upload/ HTTP/1.1" 200 34701
C:\abay_repository\books\views.py changed, reloading.
C:\abay_repository\books\views.py changed, reloading.
Watching for file changes with StatReloader
Watching for file changes with StatReloader
C:\abay_repository\accounts\urls.py changed, reloading.
C:\abay_repository\accounts\urls.py changed, reloading.
Watching for file changes with StatReloader
Watching for file changes with StatReloader
Watching for file changes with StatReloader
Watching for file changes with StatReloader
C:\abay_repository\books\views.py changed, reloading.
C:\abay_repository\books\views.py changed, reloading.
Watching for file changes with StatReloader
Watching for file changes with StatReloader
"GET / HTTP/1.1" 200 30945
"GET / HTTP/1.1" 200 30945
"GET /books/upload/ HTTP/1.1" 200 34701
"GET /books/upload/ HTTP/1.1" 200 34701
"GET /accounts/logout/ HTTP/1.1" 302 0
"GET /accounts/logout/ HTTP/1.1" 302 0
"GET / HTTP/1.1" 200 30606
"GET / HTTP/1.1" 200 30606
C:\abay_repository\books\urls.py changed, reloading.
C:\abay_repository\books\urls.py changed, reloading.
Watching for file changes with StatReloader
Watching for file changes with StatReloader
Watching for file changes with StatReloader
Watching for file changes with StatReloader
"GET /accounts/login/ HTTP/1.1" 200 18639
"GET /accounts/login/ HTTP/1.1" 200 18639
"POST /accounts/login/ HTTP/1.1" 302 0
"POST /accounts/login/ HTTP/1.1" 302 0
"GET /dashboard/author/ HTTP/1.1" 200 20719
"GET /dashboard/author/ HTTP/1.1" 200 20719
"GET /books/upload/ HTTP/1.1" 200 34701
"GET /books/upload/ HTTP/1.1" 200 34701
"GET /accounts/logout/ HTTP/1.1" 302 0
"GET /accounts/logout/ HTTP/1.1" 302 0
"GET / HTTP/1.1" 200 30606
"GET / HTTP/1.1" 200 30606
"GET / HTTP/1.1" 200 30284
"GET / HTTP/1.1" 200 30284
"GET / HTTP/1.1" 200 30284
"GET / HTTP/1.1" 200 30284
"GET /books/ HTTP/1.1" 200 21169
"GET /books/ HTTP/1.1" 200 21169
"GET /books/ HTTP/1.1" 200 21169
"GET /books/ HTTP/1.1" 200 21169
"GET / HTTP/1.1" 200 30284
"GET / HTTP/1.1" 200 30284
C:\abay_repository\config\urls.py changed, reloading.
C:\abay_repository\config\urls.py changed, reloading.
Watching for file changes with StatReloader
Watching for file changes with StatReloader
Internal Server Error: /
Traceback (most recent call last):
  File "C:\abay_repository\venv\lib\site-packages\django\urls\base.py", line 71, in reverse
    extra, resolver = resolver.namespace_dict[ns]
KeyError: 'books'

During handling of the above exception, another exception occurred:

Traceback (most recent call last):
  File "C:\abay_repository\venv\lib\site-packages\django\core\handlers\exception.py", line 55, in inner
    response = get_response(request)
  File "C:\abay_repository\venv\lib\site-packages\django\core\handlers\base.py", line 197, in _get_response
    response = wrapped_callback(request, *callback_args, **callback_kwargs)
  File "C:\abay_repository\config\views.py", line 26, in home_view
    return render(request, 'home.html', context)
  File "C:\abay_repository\venv\lib\site-packages\django\shortcuts.py", line 24, in render
    content = loader.render_to_string(template_name, context, request, using=using)
  File "C:\abay_repository\venv\lib\site-packages\django\template\loader.py", line 62, in render_to_string
    return template.render(context, request)
  File "C:\abay_repository\venv\lib\site-packages\django\template\backends\django.py", line 61, in render
    return self.template.render(context)
  File "C:\abay_repository\venv\lib\site-packages\django\template\base.py", line 175, in render
    return self._render(context)
  File "C:\abay_repository\venv\lib\site-packages\django\template\base.py", line 167, in _render
    return self.nodelist.render(context)
  File "C:\abay_repository\venv\lib\site-packages\django\template\base.py", line 1005, in render
    return SafeString("".join([node.render_annotated(context) for node in self]))
  File "C:\abay_repository\venv\lib\site-packages\django\template\base.py", line 1005, in <listcomp>
    return SafeString("".join([node.render_annotated(context) for node in self]))
  File "C:\abay_repository\venv\lib\site-packages\django\template\base.py", line 966, in render_annotated
    return self.render(context)
  File "C:\abay_repository\venv\lib\site-packages\django\template\loader_tags.py", line 157, in render
    return compiled_parent._render(context)
  File "C:\abay_repository\venv\lib\site-packages\django\template\base.py", line 167, in _render
    return self.nodelist.render(context)
  File "C:\abay_repository\venv\lib\site-packages\django\template\base.py", line 1005, in render
    return SafeString("".join([node.render_annotated(context) for node in self]))
  File "C:\abay_repository\venv\lib\site-packages\django\template\base.py", line 1005, in <listcomp>
    return SafeString("".join([node.render_annotated(context) for node in self]))
  File "C:\abay_repository\venv\lib\site-packages\django\template\base.py", line 966, in render_annotated
    return self.render(context)
  File "C:\abay_repository\venv\lib\site-packages\django\template\defaulttags.py", line 471, in render
    url = reverse(view_name, args=args, kwargs=kwargs, current_app=current_app)
  File "C:\abay_repository\venv\lib\site-packages\django\urls\base.py", line 82, in reverse
    raise NoReverseMatch("%s is not a registered namespace" % key)
django.urls.exceptions.NoReverseMatch: 'books' is not a registered namespace
Internal Server Error: /
Traceback (most recent call last):
  File "C:\abay_repository\venv\lib\site-packages\django\urls\base.py", line 71, in reverse
    extra, resolver = resolver.namespace_dict[ns]
KeyError: 'books'

During handling of the above exception, another exception occurred:

Traceback (most recent call last):
  File "C:\abay_repository\venv\lib\site-packages\django\core\handlers\exception.py", line 55, in inner
    response = get_response(request)
  File "C:\abay_repository\venv\lib\site-packages\django\core\handlers\base.py", line 197, in _get_response
    response = wrapped_callback(request, *callback_args, **callback_kwargs)
  File "C:\abay_repository\config\views.py", line 26, in home_view
    return render(request, 'home.html', context)
  File "C:\abay_repository\venv\lib\site-packages\django\shortcuts.py", line 24, in render
    content = loader.render_to_string(template_name, context, request, using=using)
  File "C:\abay_repository\venv\lib\site-packages\django\template\loader.py", line 62, in render_to_string
    return template.render(context, request)
  File "C:\abay_repository\venv\lib\site-packages\django\template\backends\django.py", line 61, in render
    return self.template.render(context)
  File "C:\abay_repository\venv\lib\site-packages\django\template\base.py", line 175, in render
    return self._render(context)
  File "C:\abay_repository\venv\lib\site-packages\django\template\base.py", line 167, in _render
    return self.nodelist.render(context)
  File "C:\abay_repository\venv\lib\site-packages\django\template\base.py", line 1005, in render
    return SafeString("".join([node.render_annotated(context) for node in self]))
  File "C:\abay_repository\venv\lib\site-packages\django\template\base.py", line 1005, in <listcomp>
    return SafeString("".join([node.render_annotated(context) for node in self]))
  File "C:\abay_repository\venv\lib\site-packages\django\template\base.py", line 966, in render_annotated
    return self.render(context)
  File "C:\abay_repository\venv\lib\site-packages\django\template\loader_tags.py", line 157, in render
    return compiled_parent._render(context)
  File "C:\abay_repository\venv\lib\site-packages\django\template\base.py", line 167, in _render
    return self.nodelist.render(context)
  File "C:\abay_repository\venv\lib\site-packages\django\template\base.py", line 1005, in render
    return SafeString("".join([node.render_annotated(context) for node in self]))
  File "C:\abay_repository\venv\lib\site-packages\django\template\base.py", line 1005, in <listcomp>
    return SafeString("".join([node.render_annotated(context) for node in self]))
  File "C:\abay_repository\venv\lib\site-packages\django\template\base.py", line 966, in render_annotated
    return self.render(context)
  File "C:\abay_repository\venv\lib\site-packages\django\template\defaulttags.py", line 471, in render
    url = reverse(view_name, args=args, kwargs=kwargs, current_app=current_app)
  File "C:\abay_repository\venv\lib\site-packages\django\urls\base.py", line 82, in reverse
    raise NoReverseMatch("%s is not a registered namespace" % key)
django.urls.exceptions.NoReverseMatch: 'books' is not a registered namespace
"GET / HTTP/1.1" 500 147789
"GET / HTTP/1.1" 500 147789
C:\abay_repository\config\urls.py changed, reloading.
C:\abay_repository\config\urls.py changed, reloading.
Watching for file changes with StatReloader
Watching for file changes with StatReloader
C:\abay_repository\books\urls.py changed, reloading.
C:\abay_repository\books\urls.py changed, reloading.
Watching for file changes with StatReloader
Watching for file changes with StatReloader
"GET / HTTP/1.1" 200 31675
"GET / HTTP/1.1" 200 31675
"GET /accounts/login/ HTTP/1.1" 200 18639
"GET /accounts/login/ HTTP/1.1" 200 18639
"POST /accounts/login/ HTTP/1.1" 302 0
"POST /accounts/login/ HTTP/1.1" 302 0
"GET /dashboard/author/ HTTP/1.1" 200 20719
"GET /dashboard/author/ HTTP/1.1" 200 20719
"GET /books/upload/ HTTP/1.1" 200 34701
"GET /books/upload/ HTTP/1.1" 200 34701
"GET /accounts/logout/ HTTP/1.1" 302 0
"GET /accounts/logout/ HTTP/1.1" 302 0
"GET / HTTP/1.1" 200 31997
"GET / HTTP/1.1" 200 31997
"GET /accounts/login/ HTTP/1.1" 200 18639
"GET /accounts/login/ HTTP/1.1" 200 18639
Internal Server Error: /accounts/login/
Traceback (most recent call last):
  File "C:\abay_repository\venv\lib\site-packages\django\core\handlers\exception.py", line 55, in inner
    response = get_response(request)
  File "C:\abay_repository\venv\lib\site-packages\django\core\handlers\base.py", line 197, in _get_response
    response = wrapped_callback(request, *callback_args, **callback_kwargs)
  File "C:\abay_repository\accounts\views.py", line 115, in login_view
    return redirect('dashboard:admin_dashboard')
  File "C:\abay_repository\venv\lib\site-packages\django\shortcuts.py", line 48, in redirect
    return redirect_class(resolve_url(to, *args, **kwargs))
  File "C:\abay_repository\venv\lib\site-packages\django\shortcuts.py", line 145, in resolve_url
    return reverse(to, args=args, kwargs=kwargs)
  File "C:\abay_repository\venv\lib\site-packages\django\urls\base.py", line 88, in reverse
    return resolver._reverse_with_prefix(view, prefix, *args, **kwargs)
  File "C:\abay_repository\venv\lib\site-packages\django\urls\resolvers.py", line 828, in _reverse_with_prefix
    raise NoReverseMatch(msg)
django.urls.exceptions.NoReverseMatch: Reverse for 'admin_dashboard' not found. 'admin_dashboard' is not a valid view function or pattern name.
Internal Server Error: /accounts/login/
Traceback (most recent call last):
  File "C:\abay_repository\venv\lib\site-packages\django\core\handlers\exception.py", line 55, in inner
    response = get_response(request)
  File "C:\abay_repository\venv\lib\site-packages\django\core\handlers\base.py", line 197, in _get_response
    response = wrapped_callback(request, *callback_args, **callback_kwargs)
  File "C:\abay_repository\accounts\views.py", line 115, in login_view
    return redirect('dashboard:admin_dashboard')
  File "C:\abay_repository\venv\lib\site-packages\django\shortcuts.py", line 48, in redirect
    return redirect_class(resolve_url(to, *args, **kwargs))
  File "C:\abay_repository\venv\lib\site-packages\django\shortcuts.py", line 145, in resolve_url
    return reverse(to, args=args, kwargs=kwargs)
  File "C:\abay_repository\venv\lib\site-packages\django\urls\base.py", line 88, in reverse
    return resolver._reverse_with_prefix(view, prefix, *args, **kwargs)
  File "C:\abay_repository\venv\lib\site-packages\django\urls\resolvers.py", line 828, in _reverse_with_prefix
    raise NoReverseMatch(msg)
django.urls.exceptions.NoReverseMatch: Reverse for 'admin_dashboard' not found. 'admin_dashboard' is not a valid view function or pattern name.
"POST /accounts/login/ HTTP/1.1" 500 89074
"POST /accounts/login/ HTTP/1.1" 500 89074
C:\abay_repository\dashboard\urls.py changed, reloading.
C:\abay_repository\dashboard\urls.py changed, reloading.
Watching for file changes with StatReloader
Watching for file changes with StatReloader
C:\abay_repository\accounts\views.py changed, reloading.
C:\abay_repository\accounts\views.py changed, reloading.
Watching for file changes with StatReloader
Watching for file changes with StatReloader
C:\abay_repository\accounts\views.py changed, reloading.
C:\abay_repository\accounts\views.py changed, reloading.
Watching for file changes with StatReloader
Watching for file changes with StatReloader
Forbidden (CSRF token from POST incorrect.): /accounts/login/
Forbidden (CSRF token from POST incorrect.): /accounts/login/
"POST /accounts/login/ HTTP/1.1" 403 2518
"POST /accounts/login/ HTTP/1.1" 403 2518
C:\abay_repository\accounts\urls.py changed, reloading.
C:\abay_repository\accounts\urls.py changed, reloading.
Watching for file changes with StatReloader
Watching for file changes with StatReloader
Forbidden (CSRF token from POST incorrect.): /accounts/login/
Forbidden (CSRF token from POST incorrect.): /accounts/login/
"POST /accounts/login/ HTTP/1.1" 403 2518
"POST /accounts/login/ HTTP/1.1" 403 2518
Forbidden (CSRF token from POST incorrect.): /accounts/login/
Forbidden (CSRF token from POST incorrect.): /accounts/login/
"POST /accounts/login/ HTTP/1.1" 403 2518
"POST /accounts/login/ HTTP/1.1" 403 2518
Forbidden (CSRF token from POST incorrect.): /accounts/login/
Forbidden (CSRF token from POST incorrect.): /accounts/login/
"POST /accounts/login/ HTTP/1.1" 403 2518
"POST /accounts/login/ HTTP/1.1" 403 2518
"GET / HTTP/1.1" 200 31991
"GET / HTTP/1.1" 200 31991
"GET /accounts/login/ HTTP/1.1" 200 16703
"GET /accounts/login/ HTTP/1.1" 200 16703
"POST /accounts/login/ HTTP/1.1" 302 0
"POST /accounts/login/ HTTP/1.1" 302 0
"GET /dashboard/author/ HTTP/1.1" 200 20719
"GET /dashboard/author/ HTTP/1.1" 200 20719
Forbidden (CSRF token from POST incorrect.): /accounts/login/
Forbidden (CSRF token from POST incorrect.): /accounts/login/
"POST /accounts/login/ HTTP/1.1" 403 2518
"POST /accounts/login/ HTTP/1.1" 403 2518
C:\abay_repository\config\settings.py changed, reloading.
C:\abay_repository\config\settings.py changed, reloading.
Watching for file changes with StatReloader
Watching for file changes with StatReloader
"POST /accounts/login/ HTTP/1.1" 403 2518
"POST /accounts/login/ HTTP/1.1" 403 2518
"GET / HTTP/1.1" 200 31675
"GET / HTTP/1.1" 200 31675
"GET /static/images/logo.png HTTP/1.1" 200 272043
"GET /static/images/logo.png HTTP/1.1" 200 272043
"GET /accounts/login/ HTTP/1.1" 200 16703
"GET /accounts/login/ HTTP/1.1" 200 16703
"POST /accounts/login/ HTTP/1.1" 302 0
"POST /accounts/login/ HTTP/1.1" 302 0
"GET /dashboard/admin/ HTTP/1.1" 200 14736
"GET /dashboard/admin/ HTTP/1.1" 200 14736
"GET /admin/ HTTP/1.1" 200 11955
"GET /admin/ HTTP/1.1" 200 11955
"GET /static/admin/css/dark_mode.css HTTP/1.1" 200 2929
"GET /static/admin/css/dark_mode.css HTTP/1.1" 200 2929
"GET /static/admin/css/base.css HTTP/1.1" 200 21207
"GET /static/admin/css/base.css HTTP/1.1" 200 21207
"GET /static/admin/css/nav_sidebar.css HTTP/1.1" 200 2694
"GET /static/admin/css/dashboard.css HTTP/1.1" 200 441
"GET /static/admin/css/nav_sidebar.css HTTP/1.1" 200 2694
"GET /static/admin/css/dashboard.css HTTP/1.1" 200 441
"GET /static/admin/css/responsive.css HTTP/1.1" 200 18533
"GET /static/admin/css/responsive.css HTTP/1.1" 200 18533
"GET /static/admin/js/theme.js HTTP/1.1" 200 1943
"GET /static/admin/js/theme.js HTTP/1.1" 200 1943
"GET /static/admin/img/icon-addlink.svg HTTP/1.1" 200 331
"GET /static/admin/img/icon-addlink.svg HTTP/1.1" 200 331
"GET /static/admin/js/nav_sidebar.js HTTP/1.1" 200 3063
"GET /static/admin/js/nav_sidebar.js HTTP/1.1" 200 3063
"GET /static/admin/img/icon-changelink.svg HTTP/1.1" 200 380
"GET /static/admin/img/icon-changelink.svg HTTP/1.1" 200 380
"GET /dashboard/admin/ HTTP/1.1" 200 19905
"GET /dashboard/admin/ HTTP/1.1" 200 19905
"GET /dashboard/admin/ HTTP/1.1" 200 21247
"GET /dashboard/admin/ HTTP/1.1" 200 21247
"GET /admin/ HTTP/1.1" 200 11955
"GET /admin/ HTTP/1.1" 200 11955
"GET /admin/accounts/authorprofile/add/ HTTP/1.1" 200 33688
"GET /admin/accounts/authorprofile/add/ HTTP/1.1" 200 33688
"GET /static/admin/css/forms.css HTTP/1.1" 200 9047
"GET /static/admin/css/forms.css HTTP/1.1" 200 9047
"GET /admin/jsi18n/ HTTP/1.1" 200 3343
"GET /admin/jsi18n/ HTTP/1.1" 200 3343
"GET /static/admin/css/widgets.css HTTP/1.1" 200 11900
"GET /static/admin/css/widgets.css HTTP/1.1" 200 11900
"GET /static/admin/js/vendor/jquery/jquery.js HTTP/1.1" 200 292458
"GET /static/admin/js/vendor/jquery/jquery.js HTTP/1.1" 200 292458
"GET /static/admin/js/calendar.js HTTP/1.1" 200 8466
"GET /static/admin/js/calendar.js HTTP/1.1" 200 8466
"GET /static/admin/js/jquery.init.js HTTP/1.1" 200 347
"GET /static/admin/js/jquery.init.js HTTP/1.1" 200 347
"GET /static/admin/js/admin/DateTimeShortcuts.js HTTP/1.1" 200 19319
"GET /static/admin/js/admin/DateTimeShortcuts.js HTTP/1.1" 200 19319
"GET /static/admin/js/core.js HTTP/1.1" 200 5682
"GET /static/admin/js/core.js HTTP/1.1" 200 5682
"GET /static/admin/js/admin/RelatedObjectLookups.js HTTP/1.1" 200 8943
"GET /static/admin/js/admin/RelatedObjectLookups.js HTTP/1.1" 200 8943
"GET /static/admin/js/actions.js HTTP/1.1" 200 7872
"GET /static/admin/js/actions.js HTTP/1.1" 200 7872
"GET /static/admin/js/urlify.js HTTP/1.1" 200 7887
"GET /static/admin/js/urlify.js HTTP/1.1" 200 7887
"GET /static/admin/js/prepopulate.js HTTP/1.1" 200 1531
"GET /static/admin/js/prepopulate.js HTTP/1.1" 200 1531
"GET /static/admin/js/vendor/xregexp/xregexp.js HTTP/1.1" 200 232381
"GET /static/admin/js/vendor/xregexp/xregexp.js HTTP/1.1" 200 232381
"GET /static/admin/img/icon-deletelink.svg HTTP/1.1" 200 392
"GET /static/admin/img/icon-deletelink.svg HTTP/1.1" 200 392
"GET /static/admin/img/icon-viewlink.svg HTTP/1.1" 200 581
"GET /static/admin/img/icon-viewlink.svg HTTP/1.1" 200 581
"GET /static/admin/js/prepopulate_init.js HTTP/1.1" 200 586
"GET /static/admin/js/prepopulate_init.js HTTP/1.1" 200 586
"GET /static/admin/js/change_form.js HTTP/1.1" 200 606
"GET /static/admin/js/change_form.js HTTP/1.1" 200 606
"GET /static/admin/img/search.svg HTTP/1.1" 200 458
"GET /static/admin/img/search.svg HTTP/1.1" 200 458
"GET /static/admin/img/icon-calendar.svg HTTP/1.1" 200 1086
"GET /static/admin/img/icon-calendar.svg HTTP/1.1" 200 1086
"GET /static/admin/img/icon-clock.svg HTTP/1.1" 200 677
"GET /static/admin/img/icon-clock.svg HTTP/1.1" 200 677
"GET /admin/books/genre/ HTTP/1.1" 200 12540
"GET /admin/books/genre/ HTTP/1.1" 200 12540
"GET /static/admin/css/changelists.css HTTP/1.1" 200 6566
"GET /static/admin/css/changelists.css HTTP/1.1" 200 6566
"GET /static/admin/js/filters.js HTTP/1.1" 200 978
"GET /static/admin/js/filters.js HTTP/1.1" 200 978
"GET /admin/jsi18n/ HTTP/1.1" 200 3343
"GET /admin/jsi18n/ HTTP/1.1" 200 3343
"GET /static/admin/img/tooltag-add.svg HTTP/1.1" 200 331
"GET /static/admin/img/tooltag-add.svg HTTP/1.1" 200 331
"GET /admin/books/genre/add/ HTTP/1.1" 200 14585
"GET /admin/books/genre/add/ HTTP/1.1" 200 14585
"GET /admin/jsi18n/ HTTP/1.1" 200 3343
"GET /admin/jsi18n/ HTTP/1.1" 200 3343
Watching for file changes with StatReloader
Watching for file changes with StatReloader
"POST /admin/logout/ HTTP/1.1" 302 0
"POST /admin/logout/ HTTP/1.1" 302 0
"GET / HTTP/1.1" 200 31675
"GET / HTTP/1.1" 200 31675
Watching for file changes with StatReloader
Watching for file changes with StatReloader
"GET / HTTP/1.1" 200 31676
"GET / HTTP/1.1" 200 31676
"GET /accounts/login/ HTTP/1.1" 200 16703
"GET /accounts/login/ HTTP/1.1" 200 16703
"POST /accounts/login/ HTTP/1.1" 302 0
"POST /accounts/login/ HTTP/1.1" 302 0
"GET /dashboard/admin/ HTTP/1.1" 200 21563
"GET /dashboard/admin/ HTTP/1.1" 200 21563
"GET /admin/books/book/ HTTP/1.1" 200 13792
"GET /admin/books/book/ HTTP/1.1" 200 13792
"GET /static/admin/css/base.css HTTP/1.1" 304 0
"GET /static/admin/css/base.css HTTP/1.1" 304 0
"GET /static/admin/css/dark_mode.css HTTP/1.1" 304 0
"GET /static/admin/css/dark_mode.css HTTP/1.1" 304 0
"GET /static/admin/css/nav_sidebar.css HTTP/1.1" 304 0
"GET /static/admin/css/nav_sidebar.css HTTP/1.1" 304 0
"GET /static/admin/css/changelists.css HTTP/1.1" 304 0
"GET /static/admin/css/changelists.css HTTP/1.1" 304 0
"GET /static/admin/css/responsive.css HTTP/1.1" 304 0
"GET /static/admin/css/responsive.css HTTP/1.1" 304 0
"GET /admin/jsi18n/ HTTP/1.1" 200 3343
"GET /admin/jsi18n/ HTTP/1.1" 200 3343
"GET /static/admin/js/vendor/jquery/jquery.js HTTP/1.1" 304 0
"GET /static/admin/js/vendor/jquery/jquery.js HTTP/1.1" 304 0
"GET /static/admin/js/jquery.init.js HTTP/1.1" 304 0
"GET /static/admin/js/jquery.init.js HTTP/1.1" 304 0
"GET /static/admin/js/core.js HTTP/1.1" 304 0
"GET /static/admin/js/core.js HTTP/1.1" 304 0
"GET /static/admin/js/admin/RelatedObjectLookups.js HTTP/1.1" 304 0
"GET /static/admin/js/admin/RelatedObjectLookups.js HTTP/1.1" 304 0
"GET /static/admin/js/actions.js HTTP/1.1" 304 0
"GET /static/admin/js/actions.js HTTP/1.1" 304 0
"GET /static/admin/js/urlify.js HTTP/1.1" 304 0
"GET /static/admin/js/urlify.js HTTP/1.1" 304 0
"GET /static/admin/js/prepopulate.js HTTP/1.1" 304 0
"GET /static/admin/js/prepopulate.js HTTP/1.1" 304 0
"GET /static/admin/js/vendor/xregexp/xregexp.js HTTP/1.1" 304 0
"GET /static/admin/js/vendor/xregexp/xregexp.js HTTP/1.1" 304 0
"GET /static/admin/img/search.svg HTTP/1.1" 304 0
"GET /static/admin/img/search.svg HTTP/1.1" 304 0
"GET /static/admin/js/theme.js HTTP/1.1" 304 0
"GET /static/admin/js/theme.js HTTP/1.1" 304 0
"GET /static/admin/js/nav_sidebar.js HTTP/1.1" 304 0
"GET /static/admin/js/nav_sidebar.js HTTP/1.1" 304 0
"GET /static/admin/js/filters.js HTTP/1.1" 304 0
"GET /static/admin/js/filters.js HTTP/1.1" 304 0
"GET /static/admin/img/icon-addlink.svg HTTP/1.1" 304 0
"GET /static/admin/img/icon-addlink.svg HTTP/1.1" 304 0
"GET /static/admin/img/tooltag-add.svg HTTP/1.1" 304 0
"GET /static/admin/img/tooltag-add.svg HTTP/1.1" 304 0
"GET /admin/books/book/?status__exact=draft HTTP/1.1" 200 14234
"GET /admin/books/book/?status__exact=draft HTTP/1.1" 200 14234
"GET /admin/jsi18n/ HTTP/1.1" 200 3343
"GET /admin/jsi18n/ HTTP/1.1" 200 3343
"GET /admin/books/genre/ HTTP/1.1" 200 12540
"GET /admin/books/genre/ HTTP/1.1" 200 12540
"GET /admin/jsi18n/ HTTP/1.1" 200 3343
"GET /admin/jsi18n/ HTTP/1.1" 200 3343
Internal Server Error: /admin/payments/paymenttransaction/
Traceback (most recent call last):
  File "C:\abay_repository\venv\lib\site-packages\django\db\backends\utils.py", line 89, in _execute
    return self.cursor.execute(sql, params)
  File "C:\abay_repository\venv\lib\site-packages\django\db\backends\sqlite3\base.py", line 328, in execute
    return super().execute(query, params)
sqlite3.OperationalError: no such table: payment_transactions

The above exception was the direct cause of the following exception:

Traceback (most recent call last):
  File "C:\abay_repository\venv\lib\site-packages\django\core\handlers\exception.py", line 55, in inner
    response = get_response(request)
  File "C:\abay_repository\venv\lib\site-packages\django\core\handlers\base.py", line 197, in _get_response
    response = wrapped_callback(request, *callback_args, **callback_kwargs)
  File "C:\abay_repository\venv\lib\site-packages\django\contrib\admin\options.py", line 688, in wrapper
    return self.admin_site.admin_view(view)(*args, **kwargs)
  File "C:\abay_repository\venv\lib\site-packages\django\utils\decorators.py", line 134, in _wrapper_view
    response = view_func(request, *args, **kwargs)
  File "C:\abay_repository\venv\lib\site-packages\django\views\decorators\cache.py", line 62, in _wrapper_view_func
    response = view_func(request, *args, **kwargs)
  File "C:\abay_repository\venv\lib\site-packages\django\contrib\admin\sites.py", line 242, in inner
    return view(request, *args, **kwargs)
  File "C:\abay_repository\venv\lib\site-packages\django\utils\decorators.py", line 46, in _wrapper
    return bound_method(*args, **kwargs)
  File "C:\abay_repository\venv\lib\site-packages\django\utils\decorators.py", line 134, in _wrapper_view
    response = view_func(request, *args, **kwargs)
  File "C:\abay_repository\venv\lib\site-packages\django\contrib\admin\options.py", line 1926, in changelist_view
    cl = self.get_changelist_instance(request)
  File "C:\abay_repository\venv\lib\site-packages\django\contrib\admin\options.py", line 836, in get_changelist_instance
    return ChangeList(
  File "C:\abay_repository\venv\lib\site-packages\django\contrib\admin\views\main.py", line 123, in __init__
    self.get_results(request)
  File "C:\abay_repository\venv\lib\site-packages\django\contrib\admin\views\main.py", line 279, in get_results
    result_count = paginator.count
  File "C:\abay_repository\venv\lib\site-packages\django\utils\functional.py", line 57, in __get__
    res = instance.__dict__[self.name] = self.func(instance)
  File "C:\abay_repository\venv\lib\site-packages\django\core\paginator.py", line 93, in count
    return c()
  File "C:\abay_repository\venv\lib\site-packages\django\db\models\query.py", line 608, in count
    return self.query.get_count(using=self.db)
  File "C:\abay_repository\venv\lib\site-packages\django\db\models\sql\query.py", line 568, in get_count
    return obj.get_aggregation(using, {"__count": Count("*")})["__count"]
  File "C:\abay_repository\venv\lib\site-packages\django\db\models\sql\query.py", line 554, in get_aggregation
    result = compiler.execute_sql(SINGLE)
  File "C:\abay_repository\venv\lib\site-packages\django\db\models\sql\compiler.py", line 1562, in execute_sql
    cursor.execute(sql, params)
  File "C:\abay_repository\venv\lib\site-packages\django\db\backends\utils.py", line 102, in execute
    return super().execute(sql, params)
  File "C:\abay_repository\venv\lib\site-packages\django\db\backends\utils.py", line 67, in execute
    return self._execute_with_wrappers(
  File "C:\abay_repository\venv\lib\site-packages\django\db\backends\utils.py", line 80, in _execute_with_wrappers
    return executor(sql, params, many, context)
  File "C:\abay_repository\venv\lib\site-packages\django\db\backends\utils.py", line 89, in _execute
    return self.cursor.execute(sql, params)
  File "C:\abay_repository\venv\lib\site-packages\django\db\utils.py", line 91, in __exit__
    raise dj_exc_value.with_traceback(traceback) from exc_value
  File "C:\abay_repository\venv\lib\site-packages\django\db\backends\utils.py", line 89, in _execute
    return self.cursor.execute(sql, params)
  File "C:\abay_repository\venv\lib\site-packages\django\db\backends\sqlite3\base.py", line 328, in execute
    return super().execute(query, params)
django.db.utils.OperationalError: no such table: payment_transactions
Internal Server Error: /admin/payments/paymenttransaction/
Traceback (most recent call last):
  File "C:\abay_repository\venv\lib\site-packages\django\db\backends\utils.py", line 89, in _execute
    return self.cursor.execute(sql, params)
  File "C:\abay_repository\venv\lib\site-packages\django\db\backends\sqlite3\base.py", line 328, in execute
    return super().execute(query, params)
sqlite3.OperationalError: no such table: payment_transactions

The above exception was the direct cause of the following exception:

Traceback (most recent call last):
  File "C:\abay_repository\venv\lib\site-packages\django\core\handlers\exception.py", line 55, in inner
    response = get_response(request)
  File "C:\abay_repository\venv\lib\site-packages\django\core\handlers\base.py", line 197, in _get_response
    response = wrapped_callback(request, *callback_args, **callback_kwargs)
  File "C:\abay_repository\venv\lib\site-packages\django\contrib\admin\options.py", line 688, in wrapper
    return self.admin_site.admin_view(view)(*args, **kwargs)
  File "C:\abay_repository\venv\lib\site-packages\django\utils\decorators.py", line 134, in _wrapper_view
    response = view_func(request, *args, **kwargs)
  File "C:\abay_repository\venv\lib\site-packages\django\views\decorators\cache.py", line 62, in _wrapper_view_func
    response = view_func(request, *args, **kwargs)
  File "C:\abay_repository\venv\lib\site-packages\django\contrib\admin\sites.py", line 242, in inner
    return view(request, *args, **kwargs)
  File "C:\abay_repository\venv\lib\site-packages\django\utils\decorators.py", line 46, in _wrapper
    return bound_method(*args, **kwargs)
  File "C:\abay_repository\venv\lib\site-packages\django\utils\decorators.py", line 134, in _wrapper_view
    response = view_func(request, *args, **kwargs)
  File "C:\abay_repository\venv\lib\site-packages\django\contrib\admin\options.py", line 1926, in changelist_view
    cl = self.get_changelist_instance(request)
  File "C:\abay_repository\venv\lib\site-packages\django\contrib\admin\options.py", line 836, in get_changelist_instance
    return ChangeList(
  File "C:\abay_repository\venv\lib\site-packages\django\contrib\admin\views\main.py", line 123, in __init__
    self.get_results(request)
  File "C:\abay_repository\venv\lib\site-packages\django\contrib\admin\views\main.py", line 279, in get_results
    result_count = paginator.count
  File "C:\abay_repository\venv\lib\site-packages\django\utils\functional.py", line 57, in __get__
    res = instance.__dict__[self.name] = self.func(instance)
  File "C:\abay_repository\venv\lib\site-packages\django\core\paginator.py", line 93, in count
    return c()
  File "C:\abay_repository\venv\lib\site-packages\django\db\models\query.py", line 608, in count
    return self.query.get_count(using=self.db)
  File "C:\abay_repository\venv\lib\site-packages\django\db\models\sql\query.py", line 568, in get_count
    return obj.get_aggregation(using, {"__count": Count("*")})["__count"]
  File "C:\abay_repository\venv\lib\site-packages\django\db\models\sql\query.py", line 554, in get_aggregation
    result = compiler.execute_sql(SINGLE)
  File "C:\abay_repository\venv\lib\site-packages\django\db\models\sql\compiler.py", line 1562, in execute_sql
    cursor.execute(sql, params)
  File "C:\abay_repository\venv\lib\site-packages\django\db\backends\utils.py", line 102, in execute
    return super().execute(sql, params)
  File "C:\abay_repository\venv\lib\site-packages\django\db\backends\utils.py", line 67, in execute
    return self._execute_with_wrappers(
  File "C:\abay_repository\venv\lib\site-packages\django\db\backends\utils.py", line 80, in _execute_with_wrappers
    return executor(sql, params, many, context)
  File "C:\abay_repository\venv\lib\site-packages\django\db\backends\utils.py", line 89, in _execute
    return self.cursor.execute(sql, params)
  File "C:\abay_repository\venv\lib\site-packages\django\db\utils.py", line 91, in __exit__
    raise dj_exc_value.with_traceback(traceback) from exc_value
  File "C:\abay_repository\venv\lib\site-packages\django\db\backends\utils.py", line 89, in _execute
    return self.cursor.execute(sql, params)
  File "C:\abay_repository\venv\lib\site-packages\django\db\backends\sqlite3\base.py", line 328, in execute
    return super().execute(query, params)
django.db.utils.OperationalError: no such table: payment_transactions
"GET /admin/payments/paymenttransaction/ HTTP/1.1" 500 181680
"GET /admin/payments/paymenttransaction/ HTTP/1.1" 500 181680
"GET /admin/books/genre/ HTTP/1.1" 200 12540
"GET /admin/books/genre/ HTTP/1.1" 200 12540
"GET /admin/accounts/authorprofile/ HTTP/1.1" 200 15163
"GET /admin/accounts/authorprofile/ HTTP/1.1" 200 15163
"GET /admin/jsi18n/ HTTP/1.1" 200 3343
"GET /admin/jsi18n/ HTTP/1.1" 200 3343
"GET /static/admin/img/icon-no.svg HTTP/1.1" 200 560
"GET /static/admin/img/icon-no.svg HTTP/1.1" 200 560
"GET /admin/accounts/clientprofile/ HTTP/1.1" 200 14658
"GET /admin/accounts/clientprofile/ HTTP/1.1" 200 14658
"GET /admin/jsi18n/ HTTP/1.1" 200 3343
"GET /admin/jsi18n/ HTTP/1.1" 200 3343
"GET /admin/accounts/customuser/ HTTP/1.1" 200 26818
"GET /admin/accounts/customuser/ HTTP/1.1" 200 26818
"GET /admin/jsi18n/ HTTP/1.1" 200 3343
"GET /admin/jsi18n/ HTTP/1.1" 200 3343
"GET /static/admin/img/icon-yes.svg HTTP/1.1" 200 436
"GET /static/admin/img/icon-yes.svg HTTP/1.1" 200 436
"GET /static/admin/img/sorting-icons.svg HTTP/1.1" 200 1097
"GET /static/admin/img/sorting-icons.svg HTTP/1.1" 200 1097
"GET /admin/accounts/customuser/?role__exact=admin HTTP/1.1" 200 16798
"GET /admin/accounts/customuser/?role__exact=admin HTTP/1.1" 200 16798
"GET /admin/jsi18n/ HTTP/1.1" 200 3343
"GET /admin/jsi18n/ HTTP/1.1" 200 3343
"GET /admin/accounts/customuser/?role__exact=author HTTP/1.1" 200 19568
"GET /admin/accounts/customuser/?role__exact=author HTTP/1.1" 200 19568
"GET /admin/jsi18n/ HTTP/1.1" 200 3343
"GET /admin/jsi18n/ HTTP/1.1" 200 3343
"GET /admin/accounts/customuser/?role__exact=maker HTTP/1.1" 200 14699
"GET /admin/accounts/customuser/?role__exact=maker HTTP/1.1" 200 14699
"GET /admin/jsi18n/ HTTP/1.1" 200 3343
"GET /admin/jsi18n/ HTTP/1.1" 200 3343
"GET /admin/accounts/authorprofile/ HTTP/1.1" 200 15163
"GET /admin/accounts/authorprofile/ HTTP/1.1" 200 15163
"GET /admin/jsi18n/ HTTP/1.1" 200 3343
"GET /admin/jsi18n/ HTTP/1.1" 200 3343
"GET /admin/accounts/clientprofile/ HTTP/1.1" 200 14658
"GET /admin/accounts/clientprofile/ HTTP/1.1" 200 14658
"GET /admin/jsi18n/ HTTP/1.1" 200 3343
"GET /admin/jsi18n/ HTTP/1.1" 200 3343
"GET /admin/accounts/customuser/ HTTP/1.1" 200 26818
"GET /admin/accounts/customuser/ HTTP/1.1" 200 26818
"GET /admin/jsi18n/ HTTP/1.1" 200 3343
"GET /admin/jsi18n/ HTTP/1.1" 200 3343
"GET /admin/books/book/ HTTP/1.1" 200 13792
"GET /admin/books/book/ HTTP/1.1" 200 13792
"GET /admin/jsi18n/ HTTP/1.1" 200 3343
"GET /admin/jsi18n/ HTTP/1.1" 200 3343
"GET /admin/accounts/customuser/ HTTP/1.1" 200 26818
"GET /admin/accounts/customuser/ HTTP/1.1" 200 26818
"GET /admin/books/book/add/ HTTP/1.1" 200 32215
"GET /admin/books/book/add/ HTTP/1.1" 200 32215
"GET /static/admin/css/forms.css HTTP/1.1" 304 0
"GET /static/admin/css/forms.css HTTP/1.1" 304 0
"GET /static/admin/js/calendar.js HTTP/1.1" 304 0
"GET /static/admin/js/calendar.js HTTP/1.1" 304 0
"GET /static/admin/css/widgets.css HTTP/1.1" 304 0
"GET /static/admin/css/widgets.css HTTP/1.1" 304 0
"GET /static/admin/js/admin/DateTimeShortcuts.js HTTP/1.1" 304 0
"GET /static/admin/js/admin/DateTimeShortcuts.js HTTP/1.1" 304 0
"GET /static/admin/js/prepopulate_init.js HTTP/1.1" 304 0
"GET /static/admin/js/prepopulate_init.js HTTP/1.1" 304 0
"GET /admin/jsi18n/ HTTP/1.1" 200 3343
"GET /admin/jsi18n/ HTTP/1.1" 200 3343
"GET /static/admin/js/change_form.js HTTP/1.1" 304 0
"GET /static/admin/js/change_form.js HTTP/1.1" 304 0
"GET /static/admin/img/icon-clock.svg HTTP/1.1" 304 0
"GET /static/admin/img/icon-clock.svg HTTP/1.1" 304 0
"GET /static/admin/img/icon-calendar.svg HTTP/1.1" 304 0
"GET /static/admin/img/icon-calendar.svg HTTP/1.1" 304 0
"GET / HTTP/1.1" 200 32337
"GET / HTTP/1.1" 200 32337
"GET /accounts/logout/ HTTP/1.1" 302 0
"GET /accounts/logout/ HTTP/1.1" 302 0
"GET / HTTP/1.1" 200 31998
"GET / HTTP/1.1" 200 31998
"GET /accounts/login/ HTTP/1.1" 200 16703
"GET /accounts/login/ HTTP/1.1" 200 16703
"POST /accounts/login/ HTTP/1.1" 302 0
"POST /accounts/login/ HTTP/1.1" 302 0
"GET /dashboard/admin/ HTTP/1.1" 200 21563
"GET /dashboard/admin/ HTTP/1.1" 200 21563
Not Found: /admin/settings/
Not Found: /admin/settings/
"GET /admin/settings/ HTTP/1.1" 404 6293
"GET /admin/settings/ HTTP/1.1" 404 6293
Not Found: /admin/analytics/
Not Found: /admin/analytics/
"GET /admin/analytics/ HTTP/1.1" 404 6296
"GET /admin/analytics/ HTTP/1.1" 404 6296
C:\abay_repository\config\settings.py changed, reloading.
C:\abay_repository\config\settings.py changed, reloading.
Watching for file changes with StatReloader
C:\abay_repository\config\settings.py changed, reloading.
Watching for file changes with StatReloader
Not Found: /favicon.ico
C:\abay_repository\config\settings.py changed, reloading.
Watching for file changes with StatReloader
C:\abay_repository\config\settings.py changed, reloading.
Watching for file changes with StatReloader
C:\abay_repository\accounts\views.py changed, reloading.
Watching for file changes with StatReloader
C:\abay_repository\accounts\urls.py changed, reloading.
Watching for file changes with StatReloader
C:\abay_repository\config\settings.py changed, reloading.
Watching for file changes with StatReloader
C:\abay_repository\accounts\urls.py changed, reloading.
Watching for file changes with StatReloader
C:\abay_repository\accounts\views.py changed, reloading.
Watching for file changes with StatReloader
